# Blender 4.3.2
# www.blender.org
o Landscape
v -149.207153 0.009853 193.606201
v -149.207016 0.001954 187.042984
v -149.206970 0.000014 180.479996
v -149.206970 0.000013 173.917053
v -149.206970 0.000013 167.354156
v -149.206970 0.000012 160.791275
v -149.206970 0.000012 154.228333
v -149.206970 0.000011 147.665436
v -149.206970 0.000011 141.102493
v -149.206970 0.000010 134.539612
v -149.206970 0.000010 127.976715
v -149.206970 0.000009 121.413773
v -149.206970 0.000009 114.850891
v -149.206970 0.000008 108.287994
v -149.206970 0.000008 101.725052
v -149.206970 0.000007 95.162155
v -149.206970 0.000007 88.599274
v -149.206970 0.000006 82.036331
v -149.206970 0.000006 75.473442
v -149.206970 0.000005 68.910545
v -149.206970 0.000005 62.347614
v -149.206970 0.000004 55.784718
v -149.206970 0.000004 49.221828
v -149.206970 0.000003 42.658890
v -149.206970 0.000003 36.095997
v -149.206970 0.000002 29.533106
v -149.206970 0.000002 22.970167
v -149.206970 0.000001 16.407276
v -149.206970 0.000001 9.844384
v -149.206970 0.000000 3.281446
v -149.206970 -0.000000 -3.281446
v -149.206970 -0.000001 -9.844384
v -149.206970 -0.000001 -16.407276
v -149.206970 -0.000002 -22.970167
v -149.206970 -0.000002 -29.533106
v -149.206970 -0.000003 -36.095997
v -149.206970 -0.000003 -42.658890
v -149.206970 -0.000004 -49.221828
v -149.206970 -0.000004 -55.784718
v -149.206970 -0.000005 -62.347614
v -149.206970 -0.000005 -68.910545
v -149.206970 -0.000006 -75.473442
v -149.206970 -0.000006 -82.036331
v -149.206970 -0.000007 -88.599274
v -149.206970 -0.000007 -95.162155
v -149.206970 -0.000008 -101.725052
v -149.206970 -0.000008 -108.287994
v -149.206970 -0.000009 -114.850891
v -149.206970 -0.000009 -121.413773
v -149.206970 -0.000010 -127.976715
v -149.206970 -0.000010 -134.539612
v -149.206970 -0.000011 -141.102493
v -149.206970 -0.000011 -147.665436
v -149.206970 -0.000012 -154.228333
v -149.206970 -0.000012 -160.791275
v -149.206970 -0.000013 -167.354156
v -149.206970 -0.000013 -173.917053
v -149.206970 -0.000014 -180.479996
v -149.206970 -0.000014 -187.042877
v -149.206970 -0.000015 -193.605774
v -144.154068 0.331693 193.620697
v -144.151794 0.193728 187.051666
v -144.149261 0.057010 180.481689
v -144.148941 0.046432 173.918121
v -144.149078 0.013823 167.354446
v -144.149124 0.000012 160.791275
v -144.149124 0.000012 154.228333
v -144.149124 0.000011 147.665436
v -144.149124 0.000011 141.102493
v -144.149124 0.000010 134.539612
v -144.149124 0.000010 127.976715
v -144.149124 0.000009 121.413773
v -144.149124 0.000655 114.850891
v -144.149124 0.020239 108.287994
v -144.149124 0.047951 101.725052
v -144.149124 0.070490 95.162155
v -144.149124 0.092198 88.599274
v -144.149124 0.115985 82.036331
v -144.149124 0.147392 75.473442
v -144.149124 0.191825 68.910545
v -144.149124 0.248128 62.347614
v -144.149124 0.286972 55.784718
v -144.149124 0.318010 49.221828
v -144.149124 0.370526 42.658890
v -144.149124 0.442302 36.095997
v -144.149124 0.479021 29.533106
v -144.149124 0.481653 22.970167
v -144.149124 0.501837 16.407276
v -144.149124 0.527240 9.844384
v -144.149124 0.490104 3.281446
v -144.149124 0.443361 -3.281446
v -144.149124 0.435878 -9.844384
v -144.149124 0.448625 -16.407276
v -144.149124 0.501972 -22.970167
v -144.149124 0.524928 -29.533106
v -144.149124 0.522156 -36.095997
v -144.149124 0.552316 -42.658890
v -144.149124 0.618042 -49.221828
v -144.149124 0.625108 -55.784718
v -144.149124 0.602013 -62.347614
v -144.149124 0.597255 -68.910545
v -144.149124 0.593283 -75.473442
v -144.149124 0.519104 -82.036331
v -144.149124 0.386035 -88.599274
v -144.149124 0.252135 -95.162155
v -144.149124 0.131906 -101.725052
v -144.149124 0.045441 -108.287994
v -144.149124 0.001285 -114.850891
v -144.149124 -0.000009 -121.413773
v -144.149124 -0.000010 -127.976715
v -144.149124 -0.000010 -134.539612
v -144.149124 -0.000011 -141.102493
v -144.149124 -0.000011 -147.665436
v -144.149124 -0.000012 -154.228333
v -144.149124 -0.000012 -160.791275
v -144.149124 -0.000013 -167.354156
v -144.149124 -0.000013 -173.917053
v -144.149124 -0.000014 -180.479996
v -144.149124 -0.000014 -187.042877
v -144.149124 -0.000015 -193.605774
v -139.106140 1.324694 193.670868
v -139.101669 1.263171 187.102554
v -139.091736 0.741197 180.505524
v -139.089386 0.588867 173.931000
v -139.090317 0.334046 167.362335
v -139.091095 0.055761 160.792664
v -139.091232 0.000012 154.228333
v -139.091232 0.000011 147.665436
v -139.091232 0.000011 141.102493
v -139.091232 0.004075 134.539612
v -139.091232 0.090539 127.976715
v -139.091232 0.228087 121.413773
v -139.091232 0.355705 114.850891
v -139.091232 0.449097 108.287994
v -139.091232 0.470389 101.725052
v -139.091232 0.450620 95.162155
v -139.091232 0.442167 88.599274
v -139.091232 0.477639 82.036331
v -139.091232 0.582948 75.473442
v -139.091232 0.757031 68.910545
v -139.091232 0.945017 62.347614
v -139.091232 1.036330 55.784718
v -139.091232 1.097206 49.221828
v -139.091232 1.223069 42.658890
v -139.091232 1.442093 36.095997
v -139.091232 1.635621 29.533106
v -139.091232 1.711277 22.970167
v -139.091232 1.821066 16.407276
v -139.091232 1.931733 9.844384
v -139.091232 1.831735 3.281446
v -139.091232 1.717695 -3.281446
v -139.091232 1.752752 -9.844384
v -139.091232 1.897505 -16.407276
v -139.091232 2.115837 -22.970167
v -139.091232 2.127245 -29.533106
v -139.091232 2.160038 -36.095997
v -139.091232 2.384420 -42.658890
v -139.091232 2.589588 -49.221828
v -139.091232 2.590788 -55.784718
v -139.091232 2.563029 -62.347614
v -139.091232 2.634897 -68.910545
v -139.091232 2.743809 -75.473442
v -139.091232 2.646305 -82.036331
v -139.091232 2.306313 -88.599274
v -139.091232 1.905952 -95.162155
v -139.091232 1.498802 -101.725052
v -139.091232 1.132390 -108.287994
v -139.091232 0.816092 -114.850891
v -139.091232 0.486353 -121.413773
v -139.091232 0.179108 -127.976715
v -139.091232 0.008211 -134.539612
v -139.091232 -0.000011 -141.102493
v -139.091232 -0.000011 -147.665436
v -139.091232 -0.000012 -154.228333
v -139.091232 -0.000012 -160.791275
v -139.091232 -0.000013 -167.354156
v -139.091232 -0.000013 -173.917053
v -139.091232 -0.000014 -180.479996
v -139.091232 -0.000014 -187.042877
v -139.091232 -0.000015 -193.605774
v -134.041229 2.044030 193.717514
v -134.031128 2.583417 187.174606
v -134.020416 2.202502 180.571121
v -134.021744 1.704129 173.966934
v -134.025681 1.455451 167.395874
v -134.030472 0.488823 160.806595
v -134.032867 0.024122 154.228882
v -134.033340 0.001951 147.665298
v -134.033386 0.131232 141.102493
v -134.033386 0.402264 134.539612
v -134.033386 0.745766 127.976715
v -134.033386 1.002941 121.413773
v -134.033386 1.221134 114.850891
v -134.033386 1.249309 108.287994
v -134.033386 1.168386 101.725052
v -134.033386 1.074993 95.162155
v -134.033386 0.966543 88.599274
v -134.033386 0.999844 82.036331
v -134.033386 1.214111 75.473442
v -134.033386 1.590498 68.910545
v -134.033386 1.857189 62.347614
v -134.033386 1.980096 55.784718
v -134.033386 2.121247 49.221828
v -134.033386 2.329879 42.658890
v -134.033386 2.655597 36.095997
v -134.033386 3.136324 29.533106
v -134.033386 3.490819 22.970167
v -134.033386 3.891548 16.407276
v -134.033386 4.137500 9.844384
v -134.033386 4.221470 3.281446
v -134.033386 4.099671 -3.281446
v -134.033386 4.292137 -9.844384
v -134.033386 4.483263 -16.407276
v -134.033386 4.811985 -22.970167
v -134.033386 4.815079 -29.533106
v -134.033386 4.953690 -36.095997
v -134.033386 5.403147 -42.658890
v -134.033386 5.885491 -49.221828
v -134.033386 5.985534 -55.784718
v -134.033386 6.032138 -62.347614
v -134.033386 6.335640 -68.910545
v -134.033386 6.597989 -75.473442
v -134.033386 6.500716 -82.036331
v -134.033386 5.979158 -88.599274
v -134.033386 5.068787 -95.162155
v -134.033386 4.226312 -101.725052
v -134.033386 3.586604 -108.287994
v -134.033386 3.011883 -114.850891
v -134.033386 2.344692 -121.413773
v -134.033386 1.577459 -127.976715
v -134.033386 0.822742 -134.539612
v -134.033386 0.268112 -141.102493
v -134.033386 0.005993 -147.665436
v -134.033386 -0.000012 -154.228333
v -134.033386 -0.000012 -160.791275
v -134.033386 -0.000013 -167.354156
v -134.033386 -0.000013 -173.917053
v -134.033386 -0.000014 -180.479996
v -134.033386 -0.000014 -187.042877
v -134.033386 -0.000015 -193.605774
v -128.961731 2.082136 193.739395
v -128.932617 2.844888 187.211334
v -128.908432 3.033521 180.639053
v -128.907547 2.531223 174.023743
v -128.898178 2.493394 167.458954
v -128.925385 1.520022 160.858749
v -128.956879 0.160978 154.227875
v -128.966843 0.160839 147.650467
v -128.971375 0.669325 141.095795
v -128.974564 1.276793 134.538223
v -128.975494 1.869572 127.976669
v -128.975540 2.156493 121.413773
v -128.975540 2.305681 114.850891
v -128.975540 2.204482 108.287994
v -128.975540 1.967166 101.725052
v -128.975540 1.818670 95.162155
v -128.975540 1.720751 88.599274
v -128.975540 1.807400 82.036331
v -128.975540 2.161386 75.473442
v -128.975540 2.817490 68.910545
v -128.975540 3.305654 62.347614
v -128.975540 3.377891 55.784718
v -128.975540 3.482415 49.221828
v -128.975540 3.718899 42.658890
v -128.975540 4.289831 36.095997
v -128.975540 5.207592 29.533106
v -128.975540 6.076347 22.970167
v -128.975540 6.974985 16.407276
v -128.975540 7.706330 9.844383
v -128.975540 8.112786 3.281445
v -128.975540 8.402571 -3.281446
v -128.975540 9.216269 -9.844385
v -128.975540 9.420790 -16.407276
v -128.975540 9.824105 -22.970167
v -128.975540 9.228785 -29.533106
v -128.975540 9.050913 -36.095997
v -128.975540 9.631684 -42.658890
v -128.975540 10.346123 -49.221828
v -128.975540 10.686947 -55.784718
v -128.975540 10.884077 -62.347614
v -128.975540 11.441339 -68.910545
v -128.975540 12.356374 -75.473442
v -128.975540 12.269171 -82.036331
v -128.975540 11.147579 -88.599274
v -128.975540 9.658699 -95.162155
v -128.975540 8.154209 -101.725052
v -128.975540 7.033588 -108.287994
v -128.975540 6.185202 -114.850891
v -128.975540 5.308779 -121.413773
v -128.975540 4.096198 -127.976715
v -128.975540 2.699971 -134.539612
v -128.975540 1.505219 -141.102493
v -128.975540 0.578959 -147.665436
v -128.975540 0.073612 -154.228333
v -128.975540 -0.000012 -160.791275
v -128.975540 -0.000013 -167.354156
v -128.975540 -0.000013 -173.917053
v -128.975540 -0.000014 -180.479996
v -128.975540 -0.000014 -187.042877
v -128.975540 -0.000015 -193.605774
v -123.874413 1.199247 193.713531
v -123.824486 2.251138 187.213409
v -123.755936 3.499745 180.690460
v -123.632896 4.055991 174.158661
v -123.238487 -0.283676 167.691330
v -123.286118 -0.912160 161.150894
v -123.421257 -1.408823 154.551559
v -123.542496 -0.856088 147.752640
v -123.868126 1.052641 141.044708
v -123.900650 2.184115 134.514389
v -123.913071 3.045896 127.970207
v -123.917419 3.339560 121.413452
v -123.917648 3.417202 114.850891
v -123.917648 3.284687 108.287994
v -123.917648 3.077625 101.725052
v -123.917648 2.999843 95.162155
v -123.917648 2.984324 88.599274
v -123.917648 3.169908 82.036331
v -123.917648 3.638810 75.473442
v -123.917648 4.314683 68.910545
v -123.917648 5.103994 62.347614
v -123.917648 5.140574 55.784718
v -123.917648 5.150043 49.221828
v -123.917648 5.606428 42.658890
v -123.917648 6.750788 36.095997
v -123.917648 8.384051 29.533106
v -123.917648 9.927201 22.970167
v -123.917648 11.216362 16.407276
v -123.917648 12.658914 9.844383
v -123.917648 14.031767 3.281445
v -123.917648 15.135481 -3.281447
v -123.917648 16.632675 -9.844385
v -123.917648 16.822184 -16.407278
v -123.917648 17.333302 -22.970169
v -123.917648 16.066359 -29.533108
v -123.917648 14.901628 -36.095997
v -123.917648 15.307300 -42.658890
v -123.917648 16.365517 -49.221828
v -123.917648 17.295242 -55.784718
v -123.917648 17.247669 -62.347614
v -123.917648 17.537636 -68.910545
v -123.917648 18.128614 -75.473442
v -123.917648 17.576157 -82.036331
v -123.917648 16.711048 -88.599274
v -123.917648 15.195195 -95.162155
v -123.917648 13.105684 -101.725052
v -123.917648 11.102221 -108.287994
v -123.917648 9.594266 -114.850891
v -123.917648 8.518909 -121.413773
v -123.917648 6.937608 -127.976715
v -123.917648 5.028184 -134.539612
v -123.917648 3.261667 -141.102493
v -123.917648 1.756067 -147.665436
v -123.917648 0.660481 -154.228333
v -123.917648 0.094443 -160.791275
v -123.917648 -0.000013 -167.354156
v -123.917648 -0.000013 -173.917053
v -123.917648 -0.000014 -180.479996
v -123.917648 -0.000014 -187.042877
v -123.917648 -0.000015 -193.605774
v -118.806267 -0.144878 193.648636
v -118.717499 1.225897 187.186798
v -118.555550 2.697224 180.677155
v -118.290115 5.082109 174.249756
v -117.938850 1.408154 167.765198
v -118.002960 -0.083404 161.201141
v -118.099304 -1.017608 154.587173
v -118.030853 -1.385360 147.779282
v -118.124252 -0.528614 140.908371
v -118.317039 1.531521 134.220123
v -118.827736 4.383785 127.933578
v -118.853653 4.935596 121.405098
v -118.859604 4.981553 114.850655
v -118.859795 4.773104 108.287994
v -118.859795 4.569506 101.725052
v -118.859795 4.697678 95.162155
v -118.859795 4.979472 88.599274
v -118.859795 5.168197 82.036331
v -118.859795 5.696729 75.473442
v -118.859795 6.650748 68.910545
v -118.859795 7.313317 62.347614
v -118.859795 7.502366 55.784718
v -118.859795 7.268883 49.221828
v -118.859795 8.040966 42.658890
v -118.859795 10.253754 36.095997
v -118.859795 13.010315 29.533104
v -118.859795 15.106200 22.970165
v -118.859795 16.762421 16.407274
v -118.859795 19.308039 9.844382
v -118.859795 21.371822 3.281444
v -118.859795 22.057995 -3.281447
v -118.859795 23.535513 -9.844386
v -118.859795 24.325560 -16.407278
v -118.859795 24.512901 -22.970169
v -118.859795 23.272560 -29.533108
v -118.859795 21.878876 -36.095997
v -118.859795 22.194986 -42.658890
v -118.859795 23.501514 -49.221828
v -118.859795 24.804625 -55.784718
v -118.859795 24.386251 -62.347614
v -118.859795 23.843861 -68.910545
v -118.859795 23.539017 -75.473442
v -118.859795 22.888271 -82.036331
v -118.859795 22.551416 -88.599274
v -118.859795 21.038336 -95.162155
v -118.859795 18.269487 -101.725052
v -118.859795 15.584746 -108.287994
v -118.859795 13.324430 -114.850891
v -118.859795 11.692691 -121.413773
v -118.859795 9.859155 -127.976715
v -118.859795 7.478841 -134.539612
v -118.859795 5.080561 -141.102493
v -118.859795 3.020840 -147.665436
v -118.859795 1.508174 -154.228333
v -118.859795 0.548751 -160.791275
v -118.859795 0.054998 -167.354156
v -118.859795 -0.000013 -173.917053
v -118.859795 -0.000014 -180.479996
v -118.859795 -0.000014 -187.042877
v -118.859795 -0.000015 -193.605774
v -113.761581 -0.935113 193.595978
v -113.627769 -1.105133 187.070358
v -113.597519 -2.179011 180.158752
v -113.366531 -0.186726 173.463058
v -112.676247 3.530413 167.622192
v -113.048157 2.448083 160.890472
v -113.156647 1.884539 154.350311
v -112.887466 0.163795 147.502533
v -112.846504 1.025206 140.758591
v -112.668259 1.950864 133.940323
v -112.820221 3.743846 127.408325
v -113.623390 6.929821 121.299324
v -113.797333 7.336046 114.843269
v -113.801903 7.012127 108.287949
v -113.801949 6.983952 101.725052
v -113.801949 7.450822 95.162155
v -113.801949 8.189234 88.599274
v -113.801949 8.441282 82.036331
v -113.801949 9.117248 75.473442
v -113.801949 10.599059 68.910545
v -113.801949 11.136599 62.347614
v -113.801949 11.093827 55.784718
v -113.801949 10.081057 49.221828
v -113.801949 10.812078 42.658890
v -113.801949 13.868217 36.095997
v -113.801949 17.844887 29.533104
v -113.801949 20.000956 22.970165
v -113.801949 21.852737 16.407274
v -113.801949 25.001112 9.844382
v -113.801949 27.856010 3.281444
v -113.801949 28.188011 -3.281448
v -113.801949 29.788805 -9.844386
v -113.801949 29.619661 -16.407278
v -113.801949 28.997137 -22.970169
v -113.801949 28.757650 -29.533108
v -113.801949 28.887529 -36.096001
v -113.801949 30.766930 -42.658894
v -113.801949 32.314423 -49.221832
v -113.801949 34.296589 -55.784721
v -113.801949 33.297260 -62.347618
v -113.801949 31.727228 -68.910545
v -113.801949 29.845840 -75.473442
v -113.801949 28.341074 -82.036331
v -113.801949 27.386639 -88.599274
v -113.801949 25.633329 -95.162155
v -113.801949 22.688967 -101.725052
v -113.801949 19.846632 -108.287994
v -113.801949 17.040045 -114.850891
v -113.801949 14.575116 -121.413773
v -113.801949 12.526389 -127.976715
v -113.801949 9.818277 -134.539612
v -113.801949 6.991370 -141.102493
v -113.801949 4.386721 -147.665436
v -113.801949 2.451431 -154.228333
v -113.801949 1.158159 -160.791275
v -113.801949 0.334575 -167.354156
v -113.801949 0.003174 -173.917053
v -113.801949 -0.000014 -180.479996
v -113.801949 -0.000014 -187.042877
v -113.801949 -0.000015 -193.605774
v -108.720177 -0.907446 193.579529
v -108.564568 -3.777679 186.898224
v -108.291092 -4.875251 179.812943
v -108.166519 -3.456671 172.731995
v -107.833687 -1.787612 166.443604
v -107.717247 -1.036499 160.154099
v -107.609070 -1.556025 153.785339
v -107.722000 1.233192 147.177231
v -108.276726 5.915343 141.021255
v -107.498085 5.147693 133.921890
v -107.257347 5.775068 127.183159
v -107.269547 7.060441 120.699242
v -107.981117 9.229349 114.433662
v -108.741936 10.645020 108.283928
v -108.744064 10.751114 101.725052
v -108.744064 11.792751 95.162155
v -108.744064 13.077107 88.599274
v -108.744064 13.416821 82.036331
v -108.744064 14.351673 75.473442
v -108.744064 16.241049 68.910545
v -108.744064 16.157494 62.347614
v -108.744064 15.368275 55.784718
v -108.744064 13.607670 49.221828
v -108.744064 13.947892 42.658890
v -108.744064 16.475821 36.095997
v -108.744064 20.456789 29.533104
v -108.744064 23.322079 22.970165
v -108.744064 24.916544 16.407274
v -108.744064 27.618235 9.844382
v -108.744064 30.699406 3.281443
v -108.744064 31.839657 -3.281448
v -108.744064 33.637257 -9.844387
v -108.744064 33.574440 -16.407278
v -108.744064 33.881779 -22.970169
v -108.744064 35.159065 -29.533108
v -108.744064 36.844292 -36.096001
v -108.744064 39.897106 -42.658894
v -108.744064 41.326725 -49.221832
v -108.744064 43.719509 -55.784721
v -108.744064 41.756458 -62.347618
v -108.744064 37.695263 -68.910545
v -108.744064 34.852928 -75.473442
v -108.744064 32.338436 -82.036331
v -108.744064 30.755100 -88.599274
v -108.744064 29.047382 -95.162155
v -108.744064 26.474695 -101.725052
v -108.744064 23.078979 -108.287994
v -108.744064 19.645111 -114.850891
v -108.744064 16.731323 -121.413773
v -108.744064 14.297340 -127.976715
v -108.744064 11.344199 -134.539612
v -108.744064 8.470550 -141.102493
v -108.744064 5.654958 -147.665436
v -108.744064 3.404156 -154.228333
v -108.744064 1.836665 -160.791275
v -108.744064 0.712488 -167.354156
v -108.744064 0.113194 -173.917053
v -108.744064 -0.000014 -180.479996
v -108.744064 -0.000014 -187.042877
v -108.744064 -0.000015 -193.605774
v -103.679466 -0.436880 193.585449
v -103.376236 -3.005180 186.687134
v -102.919159 -4.047650 179.627396
v -102.672607 -2.492399 172.455414
v -102.841476 -3.192891 165.769577
v -102.908859 -2.960703 159.327835
v -102.958931 -0.564455 153.068924
v -102.272202 3.091947 146.896683
v -101.906769 5.474060 139.874130
v -102.523239 9.867119 134.027847
v -102.246063 9.994367 127.151146
v -101.578133 10.309093 120.345589
v -101.771111 11.194060 113.693459
v -102.493027 13.243665 107.402840
v -103.685280 16.730047 101.722931
v -103.686203 18.384974 95.162155
v -103.686203 20.366774 88.599274
v -103.686203 20.524506 82.036331
v -103.686203 21.381390 75.473442
v -103.686203 23.397093 68.910545
v -103.686203 22.739323 62.347614
v -103.686203 20.685284 55.784718
v -103.686203 18.020590 49.221828
v -103.686203 17.570763 42.658890
v -103.686203 19.401850 36.095997
v -103.686203 23.226561 29.533104
v -103.686203 25.985479 22.970165
v -103.686203 27.698187 16.407274
v -103.686203 30.103624 9.844382
v -103.686203 33.217499 3.281443
v -103.686203 33.951015 -3.281448
v -103.686203 35.389130 -9.844387
v -103.686203 37.418369 -16.407278
v -103.686203 39.305298 -22.970171
v -103.686203 41.065899 -29.533110
v -103.686203 42.996891 -36.096001
v -103.686203 46.468170 -42.658894
v -103.686203 46.799896 -49.221832
v -103.686203 47.023724 -55.784721
v -103.686203 45.089775 -62.347618
v -103.686203 40.779488 -68.910545
v -103.686203 37.310238 -75.473442
v -103.686203 34.556858 -82.036331
v -103.686203 33.237724 -88.599274
v -103.686203 31.811426 -95.162155
v -103.686203 29.307976 -101.725052
v -103.686203 25.317448 -108.287994
v -103.686203 21.673515 -114.850891
v -103.686203 18.250963 -121.413773
v -103.686203 15.155933 -127.976715
v -103.686203 12.364636 -134.539612
v -103.686203 9.797446 -141.102493
v -103.686203 7.093769 -147.665436
v -103.686203 4.634658 -154.228333
v -103.686203 2.716228 -160.791275
v -103.686203 1.253814 -167.354156
v -103.686203 0.344136 -173.917053
v -103.686203 0.003173 -180.479996
v -103.686203 -0.000014 -187.042877
v -103.686203 -0.000015 -193.605774
v -98.433678 -0.208618 193.554260
v -98.341164 -1.221989 186.492355
v -98.175766 -1.988807 179.248566
v -97.779427 -1.394226 171.983383
v -97.956139 -2.158781 165.185242
v -98.096786 -2.681356 158.530304
v -98.477280 -1.656161 151.634628
v -98.804527 2.958416 145.300644
v -98.083572 8.769455 139.436615
v -96.641571 10.337962 133.195572
v -97.148354 12.547469 126.461319
v -95.677628 15.061913 119.983604
v -95.931244 14.838915 113.001686
v -96.516769 16.434813 106.296913
v -97.581230 20.719236 100.320465
v -98.625313 28.179104 95.147797
v -98.628319 30.174299 88.599228
v -98.628365 30.486437 82.036331
v -98.628365 30.775948 75.473442
v -98.628365 32.291981 68.910545
v -98.628365 32.572346 62.347610
v -98.628365 27.963861 55.784714
v -98.628365 24.409861 49.221828
v -98.628365 22.660618 42.658890
v -98.628365 23.537592 36.095997
v -98.628365 26.961113 29.533104
v -98.628365 30.017715 22.970165
v -98.628365 31.907879 16.407274
v -98.628365 34.185650 9.844381
v -98.628365 35.572132 3.281443
v -98.628365 36.005608 -3.281448
v -98.628365 36.205002 -9.844387
v -98.628365 37.533699 -16.407278
v -98.628365 40.651222 -22.970171
v -98.628365 43.119938 -29.533110
v -98.628365 45.466900 -36.096001
v -98.628365 47.942867 -42.658894
v -98.628365 49.377251 -49.221832
v -98.628365 48.028778 -55.784721
v -98.628365 46.269794 -62.347618
v -98.628365 42.397415 -68.910545
v -98.628365 38.739628 -75.473442
v -98.628365 36.794586 -82.036331
v -98.628365 36.459309 -88.599274
v -98.628365 35.457298 -95.162155
v -98.628365 32.371735 -101.725052
v -98.628365 27.613466 -108.287994
v -98.628365 22.893347 -114.850891
v -98.628365 19.388119 -121.413773
v -98.628365 16.484818 -127.976715
v -98.628365 14.229303 -134.539612
v -98.628365 11.954207 -141.102493
v -98.628365 9.282493 -147.665436
v -98.628365 6.495492 -154.228333
v -98.628365 4.013241 -160.791275
v -98.628365 2.105988 -167.354156
v -98.628365 0.763110 -173.917053
v -98.628365 0.076936 -180.479996
v -98.628365 -0.000014 -187.042877
v -98.628365 -0.000015 -193.605774
v -93.563683 1.221417 193.416260
v -93.743721 1.475868 186.294357
v -93.918587 0.089942 178.755829
v -93.456711 0.340374 171.704254
v -93.198563 1.636971 164.871780
v -93.163414 0.729463 158.065231
v -93.665291 -1.960958 150.289398
v -93.979149 0.506003 143.201996
v -93.802063 5.716502 136.751556
v -93.503815 10.281751 131.133774
v -92.662498 13.370360 125.087173
v -92.045059 17.715984 118.929588
v -91.065727 20.145069 112.807518
v -91.634720 20.164560 105.368576
v -92.488045 22.806437 98.687439
v -93.467194 29.611866 93.215836
v -93.564835 39.586731 88.581627
v -93.570473 40.575344 82.036293
v -93.570473 41.035332 75.473442
v -93.570473 40.913208 68.910545
v -93.570473 41.175697 62.347610
v -93.570473 35.881596 55.784714
v -93.570473 31.252977 49.221825
v -93.570473 28.392397 42.658886
v -93.570473 28.404634 36.095993
v -93.570473 31.832497 29.533104
v -93.570473 34.619591 22.970165
v -93.570473 35.743305 16.407274
v -93.570473 37.210289 9.844381
v -93.570473 36.876766 3.281443
v -93.570473 35.969398 -3.281448
v -93.570473 34.757786 -9.844387
v -93.570473 35.271168 -16.407278
v -93.570473 38.079094 -22.970171
v -93.570473 40.941051 -29.533110
v -93.570473 43.646484 -36.096001
v -93.570473 46.421570 -42.658894
v -93.570473 48.431355 -49.221832
v -93.570473 48.947418 -55.784721
v -93.570473 47.221638 -62.347618
v -93.570473 43.849113 -68.910545
v -93.570473 41.667595 -75.473442
v -93.570473 40.871674 -82.036331
v -93.570473 40.899155 -88.599274
v -93.570473 39.795807 -95.162155
v -93.570473 35.956871 -101.725052
v -93.570473 30.829235 -108.287994
v -93.570473 25.920063 -114.850891
v -93.570473 22.449200 -121.413773
v -93.570473 19.932541 -127.976715
v -93.570473 18.155077 -134.539612
v -93.570473 15.543591 -141.102493
v -93.570473 12.328286 -147.665436
v -93.570473 8.815760 -154.228333
v -93.570473 5.724101 -160.791275
v -93.570473 3.345219 -167.354156
v -93.570473 1.417505 -173.917053
v -93.570473 0.264276 -180.479996
v -93.570473 -0.000014 -187.042877
v -93.570473 -0.000015 -193.605774
v -88.914879 3.376608 193.214096
v -89.163322 5.417391 186.358139
v -89.200363 4.368408 179.319778
v -89.214592 2.649742 171.617004
v -88.905457 3.101647 164.631042
v -88.627815 -1.065690 157.397079
v -88.531189 -2.963891 149.450531
v -88.547081 -0.879830 141.962524
v -88.830025 3.179888 135.225266
v -89.247894 8.495326 129.227951
v -88.953400 12.818871 123.222046
v -88.896080 17.675062 117.073372
v -88.566017 22.327650 110.942711
v -87.799431 23.732283 104.620094
v -88.540337 24.043499 97.439194
v -89.291405 28.965227 91.606918
v -89.270065 36.697330 86.407227
v -88.531837 45.410290 81.852272
v -88.512627 47.352268 75.473442
v -88.512627 46.614872 68.910545
v -88.512627 47.733231 62.347610
v -88.512627 44.343334 55.784714
v -88.512627 37.831112 49.221825
v -88.512627 35.566963 42.658886
v -88.512627 36.157757 36.095993
v -88.512627 38.812656 29.533102
v -88.512627 40.065834 22.970163
v -88.512627 39.086506 16.407272
v -88.512627 39.561043 9.844381
v -88.512627 38.344997 3.281443
v -88.512627 36.456127 -3.281449
v -88.512627 34.779816 -9.844387
v -88.512627 34.438068 -16.407278
v -88.512627 36.278812 -22.970169
v -88.512627 38.928307 -29.533110
v -88.512627 42.035667 -36.096001
v -88.512627 45.096748 -42.658894
v -88.512627 46.127853 -49.221832
v -88.512627 46.132801 -55.784721
v -88.512627 46.101437 -62.347618
v -88.512627 45.533184 -68.910545
v -88.512627 45.576183 -75.473442
v -88.512627 46.343460 -82.036331
v -88.512627 45.685139 -88.599274
v -88.512627 42.435654 -95.162155
v -88.512627 39.053009 -101.725052
v -88.512627 34.305500 -108.287994
v -88.512627 30.130728 -114.850891
v -88.512627 27.139898 -121.413773
v -88.512627 25.051542 -127.976715
v -88.512627 23.268166 -134.539612
v -88.512627 20.488367 -141.102493
v -88.512627 15.972124 -147.665436
v -88.512627 11.285216 -154.228333
v -88.512627 7.571354 -160.791275
v -88.512627 4.887446 -167.354156
v -88.512627 2.333465 -173.917053
v -88.512627 0.611427 -180.479996
v -88.512627 0.000910 -187.042877
v -88.512627 -0.000015 -193.605774
v -83.949684 4.682859 193.300980
v -84.153740 6.348362 186.517731
v -84.188065 6.466048 179.837051
v -84.200806 4.811214 172.916565
v -84.375580 4.581889 165.207520
v -83.865341 0.061258 157.260818
v -82.673775 -1.516673 149.730331
v -81.998184 0.847011 142.269730
v -83.022919 3.726388 135.223709
v -83.577454 6.800171 128.671906
v -83.860405 10.800075 122.464462
v -84.827721 16.171587 116.187996
v -85.665810 20.104839 109.859734
v -84.761353 24.585379 104.178528
v -85.005272 25.124395 97.334488
v -85.581055 27.340187 90.780884
v -85.568718 32.948135 85.104759
v -84.142380 42.002560 80.419189
v -83.454819 48.989227 75.473076
v -83.454773 47.871979 68.910545
v -83.454773 48.397556 62.347610
v -83.454773 48.316128 55.784714
v -83.454773 45.283775 49.221825
v -83.454773 42.634506 42.658886
v -83.454773 41.983437 36.095993
v -83.454773 42.818844 29.533102
v -83.454773 44.225182 22.970163
v -83.454773 42.142551 16.407272
v -83.454773 40.223335 9.844381
v -83.454773 38.739445 3.281443
v -83.454773 37.837017 -3.281449
v -83.454773 36.431831 -9.844387
v -83.454773 36.011517 -16.407278
v -83.454773 37.013065 -22.970169
v -83.454773 38.636765 -29.533110
v -83.454773 40.919064 -36.096001
v -83.454773 43.025436 -42.658894
v -83.454773 43.289631 -49.221832
v -83.454773 43.844124 -55.784721
v -83.454773 45.063862 -62.347618
v -83.454773 46.677589 -68.910545
v -83.454773 48.484291 -75.473442
v -83.454773 49.027832 -82.036331
v -83.454773 46.550846 -88.599274
v -83.454773 42.008133 -95.162155
v -83.454773 39.204784 -101.725052
v -83.454773 35.981903 -108.287994
v -83.454773 34.440788 -114.850891
v -83.454773 31.880108 -121.413773
v -83.454773 29.605520 -127.976715
v -83.454773 27.652031 -134.539612
v -83.454773 23.881081 -141.102493
v -83.454773 18.888914 -147.665436
v -83.454773 13.799752 -154.228333
v -83.454773 9.763911 -160.791275
v -83.454773 6.663986 -167.354156
v -83.454773 3.400553 -173.917053
v -83.454773 1.072293 -180.479996
v -83.454773 0.044049 -187.042877
v -83.454773 -0.000015 -193.605774
v -78.807220 4.578982 193.507248
v -78.939873 5.729855 186.824722
v -78.915161 5.672858 180.235458
v -78.876129 5.216979 173.717789
v -78.924950 6.091830 166.769699
v -78.598351 4.806456 159.021423
v -77.597183 2.083980 151.148361
v -77.049110 4.365773 143.922577
v -77.296677 7.982822 136.847595
v -77.867798 8.584609 129.660095
v -78.327827 10.040047 122.719475
v -79.118942 13.309669 116.194359
v -80.751976 17.521067 109.793640
v -81.395844 20.050707 103.516930
v -81.142357 24.677156 98.241348
v -81.824928 24.944262 91.172974
v -82.203255 28.308199 84.739594
v -81.666824 34.614517 79.327156
v -80.188850 42.031841 74.643990
v -79.737724 43.989071 68.387238
v -78.396881 47.303356 62.347610
v -78.396881 47.915581 55.784714
v -78.396881 50.723503 49.221825
v -78.396881 48.653854 42.658886
v -78.396881 44.904060 36.095993
v -78.396881 45.788288 29.533102
v -78.396881 47.918488 22.970163
v -78.396881 44.174004 16.407272
v -78.396881 40.428181 9.844381
v -78.396881 40.323887 3.281443
v -78.396881 42.384346 -3.281449
v -78.396881 41.044933 -9.844387
v -78.396881 40.189617 -16.407280
v -78.396881 40.264908 -22.970171
v -78.396881 40.514687 -29.533110
v -78.396881 41.442795 -36.096001
v -78.396881 42.648449 -42.658894
v -78.396881 42.331547 -49.221832
v -78.396881 42.449654 -55.784721
v -78.396881 43.282936 -62.347618
v -78.396881 45.350739 -68.910545
v -78.396881 49.158916 -75.473442
v -78.396881 49.497288 -82.036331
v -78.396881 46.184940 -88.599274
v -78.396881 41.936958 -95.162155
v -78.396881 38.479073 -101.725052
v -78.396881 35.580345 -108.287994
v -78.396881 34.600784 -114.850891
v -78.396881 33.466259 -121.413773
v -78.396881 32.475609 -127.976715
v -78.396881 30.810480 -134.539612
v -78.396881 26.297190 -141.102493
v -78.396881 20.459454 -147.665436
v -78.396881 15.501051 -154.228333
v -78.396881 12.003165 -160.791275
v -78.396881 8.345747 -167.354156
v -78.396881 4.706710 -173.917053
v -78.396881 1.675004 -180.479996
v -78.396881 0.155640 -187.042877
v -78.396881 -0.000015 -193.605774
v -73.585358 3.237166 193.633026
v -73.651222 4.015392 187.037613
v -73.576859 4.043335 180.472183
v -73.510582 4.452101 173.895935
v -73.564064 7.529347 167.316422
v -73.443932 9.625002 160.560791
v -73.069527 9.102935 153.286041
v -72.679466 9.249352 145.727280
v -72.539192 10.712272 138.402786
v -72.606308 12.807694 131.618423
v -72.771332 13.144869 124.221603
v -73.261299 13.578992 117.247002
v -74.112038 15.350036 110.774536
v -75.319359 17.497282 104.430862
v -76.980148 18.722563 98.274742
v -76.831009 20.905697 92.640190
v -77.919479 23.639164 85.409508
v -78.140076 27.745256 79.015434
v -77.312798 33.335281 73.556122
v -77.037842 36.545460 67.512939
v -74.374992 42.908081 61.973808
v -73.339035 46.334602 55.784714
v -73.339035 50.291370 49.221825
v -73.339035 49.733044 42.658886
v -73.339035 45.529633 36.095993
v -73.339035 45.739422 29.533102
v -73.339035 49.561729 22.970163
v -73.339035 48.514313 16.407272
v -73.339035 45.518776 9.844380
v -73.339035 44.656857 3.281442
v -73.339035 47.336697 -3.281449
v -73.339035 47.460991 -9.844388
v -73.339035 46.471870 -16.407280
v -73.339035 45.956135 -22.970171
v -73.339035 45.023079 -29.533110
v -73.339035 44.346790 -36.096001
v -73.339035 44.537964 -42.658894
v -73.339035 43.936409 -49.221832
v -73.339035 43.339100 -55.784721
v -73.339035 43.453739 -62.347618
v -73.339035 44.504383 -68.910545
v -73.339035 48.247341 -75.473442
v -73.339035 50.784828 -82.036339
v -73.339035 47.810074 -88.599274
v -73.339035 42.825207 -95.162155
v -73.339035 38.278202 -101.725052
v -73.339035 34.939529 -108.287994
v -73.339035 33.698959 -114.850891
v -73.339035 33.343815 -121.413773
v -73.339035 34.016266 -127.976715
v -73.339035 33.870129 -134.539612
v -73.339035 29.509769 -141.102493
v -73.339035 23.099852 -147.665436
v -73.339035 17.794806 -154.228333
v -73.339035 13.931156 -160.791275
v -73.339035 9.938596 -167.354156
v -73.339035 5.882479 -173.917053
v -73.339035 2.356235 -180.479996
v -73.339035 0.328523 -187.042877
v -73.339035 -0.000015 -193.605774
v -68.379341 1.585242 193.658463
v -68.399841 2.106153 187.094391
v -68.339752 2.732789 180.505753
v -68.304604 4.663089 173.917740
v -68.318138 8.263187 167.350891
v -68.302109 11.539552 160.789688
v -68.274864 13.596085 154.200287
v -68.198189 15.381907 147.412842
v -68.034775 16.836100 140.253708
v -67.861336 17.373360 132.813416
v -67.856026 18.722151 125.836578
v -67.933762 19.564808 119.102104
v -68.163315 18.335413 112.367256
v -68.488945 17.520790 106.248505
v -69.625732 17.428368 100.014198
v -71.859024 17.365829 93.212051
v -72.158417 19.533905 86.833633
v -73.017426 22.257580 79.661377
v -72.973175 25.972042 73.290489
v -72.253471 30.577797 67.405685
v -71.613350 32.828735 61.037941
v -68.506218 40.747299 55.680561
v -68.281143 45.139339 49.221825
v -68.281143 45.902466 42.658886
v -68.281143 43.782516 36.095993
v -68.281143 44.501575 29.533102
v -68.281143 48.623367 22.970163
v -68.281143 51.996864 16.407272
v -68.281143 53.744213 9.844380
v -68.281143 50.912594 3.281442
v -68.281143 50.521290 -3.281450
v -68.281143 52.972359 -9.844388
v -68.281143 53.855759 -16.407280
v -68.281143 53.692020 -22.970171
v -68.281143 52.775734 -29.533110
v -68.281143 50.585346 -36.096001
v -68.281143 49.088753 -42.658894
v -68.281143 47.233097 -49.221832
v -68.281143 45.422100 -55.784721
v -68.281143 44.500828 -62.347618
v -68.281143 45.157856 -68.910545
v -68.281143 48.210529 -75.473442
v -68.281143 52.511070 -82.036339
v -68.281143 51.439739 -88.599281
v -68.281143 44.896381 -95.162155
v -68.281143 38.362080 -101.725052
v -68.281143 34.114189 -108.287994
v -68.281143 32.256680 -114.850891
v -68.281143 31.898815 -121.413773
v -68.281143 32.460461 -127.976715
v -68.281143 34.068184 -134.539612
v -68.281143 31.615076 -141.102493
v -68.281143 25.901033 -147.665436
v -68.281143 20.095814 -154.228333
v -68.281143 15.118380 -160.791275
v -68.281143 10.893538 -167.354156
v -68.281143 6.660059 -173.917053
v -68.281143 2.993448 -180.479996
v -68.281143 0.517017 -187.042877
v -68.281143 -0.000015 -193.605774
v -63.239742 0.341023 193.624023
v -63.240940 0.733438 187.060516
v -63.228470 2.235295 180.485291
v -63.223480 5.143678 173.917099
v -63.224083 9.042336 167.354065
v -63.223480 12.275054 160.791229
v -63.223293 14.743170 154.228333
v -63.225418 18.147291 147.672318
v -63.222694 21.161400 141.097794
v -63.158913 23.647251 134.280624
v -63.072212 24.789072 127.249252
v -63.081863 25.786324 120.292328
v -63.232578 26.314621 113.598213
v -63.119278 23.662121 107.350235
v -63.194519 20.679930 101.564003
v -63.946236 17.934776 95.275330
v -64.800117 15.603837 88.436501
v -66.188446 18.864868 80.952896
v -67.172119 20.841496 73.779396
v -66.787918 23.334784 67.334419
v -66.401649 26.057674 60.685200
v -65.284218 31.953053 54.681370
v -63.217430 40.406940 49.226349
v -63.223251 41.612961 42.658932
v -63.223293 42.901287 36.095993
v -63.223293 46.313217 29.533102
v -63.223293 49.856228 22.970163
v -63.223293 54.056999 16.407272
v -63.223293 58.780582 9.844379
v -63.223293 56.332279 3.281441
v -63.223293 53.427776 -3.281450
v -63.223293 54.435329 -9.844388
v -63.223293 55.413368 -16.407280
v -63.223293 56.773659 -22.970171
v -63.223293 59.179787 -29.533110
v -63.223293 57.432716 -36.096001
v -63.223293 55.026398 -42.658894
v -63.223293 51.523708 -49.221832
v -63.223293 48.977211 -55.784721
v -63.223293 48.085499 -62.347618
v -63.223293 49.053009 -68.910545
v -63.223293 51.427315 -75.473450
v -63.223293 54.203224 -82.036339
v -63.223293 52.643772 -88.599281
v -63.223293 45.554840 -95.162155
v -63.223293 37.732258 -101.725052
v -63.223293 33.150841 -108.287994
v -63.223293 31.211117 -114.850891
v -63.223293 30.801472 -121.413773
v -63.223293 30.899300 -127.976715
v -63.223293 31.844404 -134.539612
v -63.223293 31.232082 -141.102493
v -63.223293 27.060867 -147.665436
v -63.223293 21.131170 -154.228333
v -63.223293 15.854482 -160.791275
v -63.223293 11.438514 -167.354156
v -63.223293 7.091734 -173.917053
v -63.223293 3.216722 -180.479996
v -63.223293 0.634197 -187.042877
v -63.223293 -0.000015 -193.605774
v -58.165913 0.011793 193.606506
v -58.165863 0.476631 187.043533
v -58.165451 2.294555 180.479996
v -58.165451 5.313004 173.917053
v -58.165451 9.035547 167.354156
v -58.165451 12.405582 160.791275
v -58.165451 15.539040 154.228333
v -58.165451 19.101866 147.665436
v -58.165768 22.235092 141.103561
v -58.165913 26.097631 134.541168
v -58.166512 28.303816 127.970291
v -58.164619 30.872808 121.318214
v -58.186878 33.084717 114.470200
v -58.362946 33.128223 107.700012
v -58.652920 29.732231 101.748421
v -58.150990 23.120193 96.244774
v -58.121658 18.963112 90.057762
v -58.915916 19.734638 82.553963
v -60.343136 19.932926 74.914284
v -60.895634 19.400606 67.965538
v -60.776054 21.005508 61.269581
v -60.980671 24.577892 54.361568
v -58.309555 35.405258 49.153099
v -58.158981 39.522018 42.662628
v -58.165451 43.092278 36.095993
v -58.165451 47.877064 29.533102
v -58.165451 50.065456 22.970163
v -58.165451 54.211914 16.407272
v -58.165451 55.347641 9.844380
v -58.165451 52.602253 3.281442
v -58.165451 51.562557 -3.281450
v -58.165451 53.965176 -9.844388
v -58.165451 56.160320 -16.407280
v -58.165451 58.962475 -22.970171
v -58.165451 61.732979 -29.533110
v -58.165451 60.283363 -36.096001
v -58.165451 58.109879 -42.658894
v -58.165451 53.266529 -49.221832
v -58.165451 51.131153 -55.784721
v -58.165451 52.151363 -62.347618
v -58.165451 55.212303 -68.910553
v -58.165451 56.234406 -75.473450
v -58.165451 55.918980 -82.036339
v -58.165451 51.157661 -88.599281
v -58.165451 44.016308 -95.162155
v -58.165451 37.849392 -101.725052
v -58.165451 33.688427 -108.287994
v -58.165451 31.852209 -114.850891
v -58.165451 30.839117 -121.413773
v -58.165451 29.638035 -127.976715
v -58.165451 28.935928 -134.539612
v -58.165451 28.166660 -141.102493
v -58.165451 25.924265 -147.665436
v -58.165451 21.403404 -154.228333
v -58.165451 16.301863 -160.791275
v -58.165451 11.920581 -167.354156
v -58.165451 7.404151 -173.917053
v -58.165451 3.410390 -180.479996
v -58.165451 0.713087 -187.042877
v -58.165451 -0.000015 -193.605774
v -53.107555 0.000015 193.605774
v -53.107555 0.526791 187.042877
v -53.107555 2.390857 180.479996
v -53.107555 5.219704 173.917053
v -53.107555 8.607890 167.354156
v -53.107555 11.945501 160.791275
v -53.107555 15.282095 154.228333
v -53.107555 18.215281 147.665436
v -53.107555 21.146851 141.102493
v -53.107555 24.782005 134.539612
v -53.107555 27.647665 127.976715
v -53.109726 31.257692 121.417473
v -53.116146 36.409256 114.846771
v -53.148804 41.202629 108.238380
v -53.270782 40.873444 101.778267
v -53.720890 31.722345 96.011658
v -52.585026 24.661682 91.038750
v -52.726040 21.480694 84.403854
v -53.540802 24.985275 76.137123
v -54.891853 18.768242 69.060799
v -55.593410 17.330860 62.128262
v -56.144527 19.625633 55.052635
v -55.421726 25.224806 48.294182
v -53.051712 34.721947 42.698837
v -53.099010 38.366707 36.099827
v -53.107555 42.275532 29.533102
v -53.107555 45.767452 22.970163
v -53.107555 48.570526 16.407272
v -53.107555 50.296906 9.844380
v -53.107555 49.762508 3.281442
v -53.107555 49.284691 -3.281450
v -53.107555 52.164852 -9.844388
v -53.107555 54.910145 -16.407280
v -53.107555 57.390179 -22.970171
v -53.107555 60.190849 -29.533110
v -53.107555 61.795292 -36.096001
v -53.107555 61.173962 -42.658894
v -53.107555 56.761688 -49.221832
v -53.107555 54.903908 -55.784721
v -53.107555 57.181911 -62.347618
v -53.107555 60.215603 -68.910553
v -53.107555 60.093296 -75.473450
v -53.107555 58.664551 -82.036339
v -53.107555 52.863949 -88.599281
v -53.107555 45.420708 -95.162155
v -53.107555 39.239841 -101.725052
v -53.107555 35.782143 -108.287994
v -53.107555 33.184189 -114.850891
v -53.107555 30.794451 -121.413773
v -53.107555 28.420467 -127.976715
v -53.107555 26.678753 -134.539612
v -53.107555 25.286037 -141.102493
v -53.107555 23.476473 -147.665436
v -53.107555 19.751341 -154.228333
v -53.107555 15.579154 -160.791275
v -53.107555 11.480545 -167.354156
v -53.107555 7.198013 -173.917053
v -53.107555 3.275382 -180.479996
v -53.107555 0.730731 -187.042877
v -53.107555 -0.000015 -193.605774
v -48.049706 0.000015 193.605774
v -48.049706 0.604249 187.042877
v -48.049706 2.639119 180.479996
v -48.049706 5.397714 173.917053
v -48.049706 8.539116 167.354156
v -48.049706 11.795527 160.791275
v -48.049706 14.941641 154.228333
v -48.049706 17.228701 147.665436
v -48.049706 19.448462 141.102493
v -48.049706 22.962879 134.539612
v -48.049706 27.023199 127.976715
v -48.049706 31.736526 121.413773
v -48.049801 36.674053 114.851021
v -48.051189 42.899261 108.289429
v -48.055618 47.078144 101.774246
v -47.654381 41.709682 96.522964
v -46.943592 31.738974 92.134933
v -47.378868 24.891144 84.948044
v -47.962318 21.071651 78.025711
v -48.974953 19.203012 70.339981
v -50.237324 14.793923 63.239048
v -50.920769 15.336681 55.780098
v -51.276142 16.989206 48.401291
v -47.932388 26.773869 42.784752
v -47.921116 30.012495 36.175297
v -48.026150 34.705273 29.550056
v -48.048737 37.847458 22.971273
v -48.049706 40.108742 16.407272
v -48.049706 44.220978 9.844380
v -48.049706 46.577137 3.281442
v -48.049706 48.724380 -3.281449
v -48.049706 54.013260 -9.844388
v -48.049706 56.850929 -16.407280
v -48.049706 58.712181 -22.970171
v -48.049706 61.919765 -29.533110
v -48.049706 66.157410 -36.096001
v -48.049706 66.296989 -42.658894
v -48.049706 62.369316 -49.221832
v -48.049706 59.676861 -55.784721
v -48.049706 61.873856 -62.347618
v -48.049706 63.147587 -68.910553
v -48.049706 64.111855 -75.473450
v -48.049706 64.407280 -82.036339
v -48.049706 55.573029 -88.599281
v -48.049706 46.829636 -95.162155
v -48.049706 42.126099 -101.725052
v -48.049706 39.037861 -108.287994
v -48.049706 34.768539 -114.850891
v -48.049706 30.642170 -121.413773
v -48.049706 27.101885 -127.976715
v -48.049706 24.840229 -134.539612
v -48.049706 23.125257 -141.102493
v -48.049706 20.852840 -147.665436
v -48.049706 17.434999 -154.228333
v -48.049706 13.837487 -160.791275
v -48.049706 10.226349 -167.354156
v -48.049706 6.347364 -173.917053
v -48.049706 2.950309 -180.479996
v -48.049706 0.718768 -187.042877
v -48.049706 -0.000015 -193.605774
v -42.991863 0.000015 193.605774
v -42.991863 0.704893 187.042877
v -42.991863 2.990981 180.479996
v -42.991863 5.871513 173.917053
v -42.991863 9.141133 167.354156
v -42.991863 12.375513 160.791275
v -42.991863 15.245837 154.228333
v -42.991863 16.634626 147.665436
v -42.991863 18.278698 141.102493
v -42.991863 21.772238 134.539612
v -42.991863 27.096825 127.976715
v -42.991863 32.804306 121.413773
v -42.991863 35.661880 114.850891
v -42.991863 40.200893 108.287994
v -42.951908 44.528229 101.832069
v -42.548820 41.166275 96.957916
v -41.842972 38.447357 90.968781
v -42.620461 29.824144 83.372147
v -42.773804 21.518015 78.247139
v -43.395733 16.495455 71.948212
v -44.489887 11.816027 64.885292
v -45.267605 11.532477 56.828156
v -45.626995 13.200936 48.800034
v -43.226498 20.077953 42.804241
v -42.688404 24.613688 36.375347
v -42.795238 27.900629 29.766495
v -42.925076 29.587055 23.101339
v -42.981331 31.633751 16.444086
v -42.991768 36.905586 9.845028
v -42.991863 42.862396 3.281442
v -42.991863 48.482632 -3.281449
v -42.991863 56.301285 -9.844388
v -42.991863 61.255447 -16.407280
v -42.991863 61.349392 -22.970171
v -42.991863 63.757137 -29.533112
v -42.991863 68.038376 -36.096001
v -42.991863 70.212730 -42.658894
v -42.991863 65.641663 -49.221832
v -42.991863 60.618088 -55.784721
v -42.991863 60.162350 -62.347618
v -42.991863 61.113045 -68.910553
v -42.991863 65.415108 -75.473450
v -42.991863 65.780411 -82.036339
v -42.991863 57.784065 -88.599281
v -42.991863 47.337013 -95.162155
v -42.991863 42.710522 -101.725052
v -42.991863 39.972111 -108.287994
v -42.991863 35.714611 -114.850891
v -42.991863 30.381851 -121.413773
v -42.991863 26.311003 -127.976715
v -42.991863 23.790646 -134.539612
v -42.991863 21.359016 -141.102493
v -42.991863 18.502872 -147.665436
v -42.991863 15.386873 -154.228333
v -42.991863 12.136928 -160.791275
v -42.991863 8.895110 -167.354156
v -42.991863 5.603040 -173.917053
v -42.991863 2.728513 -180.479996
v -42.991863 0.710223 -187.042877
v -42.991863 -0.000015 -193.605774
v -37.933968 0.000015 193.605774
v -37.933968 0.779903 187.042877
v -37.933968 3.250744 180.479996
v -37.933968 6.333118 173.917053
v -37.933968 9.716963 167.354156
v -37.933968 12.829823 160.791275
v -37.933968 15.480982 154.228333
v -37.933968 16.573057 147.665436
v -37.933968 18.233017 141.102493
v -37.933968 21.680325 134.539612
v -37.933968 26.587551 127.976715
v -37.933968 31.410021 121.413773
v -37.933968 33.590290 114.850891
v -37.933968 37.072979 108.287994
v -37.933968 43.056854 101.725052
v -37.932491 45.242348 95.181564
v -37.935261 39.098614 88.599960
v -37.957153 31.959475 82.043121
v -37.874752 24.712534 76.952713
v -37.802284 17.384579 72.238785
v -38.195625 12.501508 65.757416
v -38.829880 9.865636 58.025726
v -38.947987 12.327886 49.889477
v -37.658962 18.451757 43.023823
v -37.592403 21.675837 36.604160
v -37.600025 25.274549 30.175076
v -37.727966 26.972385 23.615648
v -37.860806 28.128059 16.797981
v -37.925655 32.440334 9.932093
v -37.933968 38.926369 3.282737
v -37.933968 46.860218 -3.281449
v -37.933968 56.215931 -9.844388
v -37.933968 62.758411 -16.407280
v -37.933968 62.250664 -22.970171
v -37.933968 62.426033 -29.533110
v -37.933968 63.857872 -36.096001
v -37.933968 65.041313 -42.658894
v -37.933968 60.840996 -49.221832
v -37.933968 56.307426 -55.784721
v -37.933968 55.909653 -62.347618
v -37.933968 57.417885 -68.910553
v -37.933968 59.463844 -75.473450
v -37.933968 58.567833 -82.036339
v -37.933968 54.295692 -88.599281
v -37.933968 46.405167 -95.162155
v -37.933968 42.463829 -101.725052
v -37.933968 40.429604 -108.287994
v -37.933968 36.392380 -114.850891
v -37.933968 31.217581 -121.413773
v -37.933968 26.929092 -127.976715
v -37.933968 24.004545 -134.539612
v -37.933968 21.002535 -141.102493
v -37.933968 17.594397 -147.665436
v -37.933968 14.219510 -154.228333
v -37.933968 11.052703 -160.791275
v -37.933968 8.053144 -167.354156
v -37.933968 5.154922 -173.917053
v -37.933968 2.592627 -180.479996
v -37.933968 0.702925 -187.042877
v -37.933968 -0.000015 -193.605774
v -32.876122 0.000015 193.605774
v -32.876122 0.824567 187.042877
v -32.876122 3.419008 180.479996
v -32.876122 6.813754 173.917053
v -32.876122 10.515419 167.354156
v -32.876122 14.018801 160.791275
v -32.876122 16.451397 154.228333
v -32.876122 17.254196 147.665436
v -32.876122 19.022375 141.102493
v -32.876122 22.613697 134.539612
v -32.876122 27.284254 127.976715
v -32.876122 31.713064 121.413773
v -32.876122 32.911739 114.850891
v -32.876122 34.732159 108.287994
v -32.876122 38.791782 101.725052
v -32.876122 41.141380 95.162155
v -32.876122 36.677052 88.599274
v -32.878754 31.359350 82.037994
v -32.901062 28.205660 75.491180
v -32.399410 21.497276 71.239777
v -32.208286 14.880296 65.952003
v -32.541626 10.058610 58.977810
v -33.097500 10.868289 50.422630
v -32.670769 16.214489 43.009460
v -32.557701 19.888996 36.734966
v -32.549709 23.313765 30.478163
v -32.634834 26.184967 24.040764
v -32.761528 29.079769 17.279724
v -32.853306 32.704391 10.195920
v -32.875797 38.494324 3.311050
v -32.876122 45.981720 -3.281449
v -32.876122 52.357784 -9.844388
v -32.876122 58.346645 -16.407280
v -32.876122 62.740814 -22.970171
v -32.876122 63.425735 -29.533112
v -32.876122 61.750256 -36.096001
v -32.876122 58.803860 -42.658894
v -32.876122 54.404888 -49.221832
v -32.876122 51.567680 -55.784721
v -32.876122 51.318584 -62.347618
v -32.876122 52.215794 -68.910553
v -32.876122 53.239555 -75.473450
v -32.876122 53.020901 -82.036339
v -32.876122 51.101360 -88.599281
v -32.876122 47.242607 -95.162155
v -32.876122 44.339905 -101.725052
v -32.876122 43.104416 -108.287994
v -32.876122 40.076405 -114.850891
v -32.876122 35.401459 -121.413773
v -32.876122 30.275434 -127.976715
v -32.876122 26.345272 -134.539612
v -32.876122 22.537741 -141.102493
v -32.876122 18.346109 -147.665436
v -32.876122 14.203115 -154.228333
v -32.876122 10.703704 -160.791275
v -32.876122 7.690197 -167.354156
v -32.876122 4.966381 -173.917053
v -32.876122 2.574659 -180.479996
v -32.876122 0.730777 -187.042877
v -32.876122 -0.000015 -193.605774
v -27.818228 0.000015 193.605774
v -27.818228 0.849093 187.042877
v -27.818228 3.565286 180.479996
v -27.818228 7.426395 173.917053
v -27.818228 11.395676 167.354156
v -27.818228 14.766958 160.791275
v -27.818228 17.401628 154.228333
v -27.818228 18.703306 147.665436
v -27.818228 20.374676 141.102493
v -27.818228 23.916805 134.539612
v -27.818228 29.034559 127.976715
v -27.818228 33.744514 121.413773
v -27.818228 34.608650 114.850891
v -27.818228 35.353024 108.287994
v -27.818228 37.669777 101.725052
v -27.818228 39.591949 95.162155
v -27.818228 36.437477 88.599274
v -27.818228 32.777885 82.036331
v -27.820492 30.928644 75.474922
v -27.841877 29.032755 68.924545
v -27.021111 19.916250 64.712959
v -26.601490 12.741087 59.371243
v -27.437407 9.822634 51.273186
v -27.718924 14.468202 42.948074
v -27.576801 17.753204 36.632751
v -27.547104 21.128504 30.489525
v -27.626732 25.376163 24.086998
v -27.723866 30.213230 17.338753
v -27.799847 35.320358 10.285340
v -27.818506 41.474113 3.325645
v -27.818228 46.762486 -3.281449
v -27.818228 50.396626 -9.844388
v -27.818228 56.907742 -16.407280
v -27.818228 64.338280 -22.970173
v -27.818228 69.544716 -29.533112
v -27.818228 65.363892 -36.096001
v -27.818228 57.621948 -42.658894
v -27.818228 51.564491 -49.221832
v -27.818228 48.462212 -55.784721
v -27.818228 47.406345 -62.347618
v -27.818228 47.250832 -68.910545
v -27.818228 47.124138 -75.473442
v -27.818228 49.162327 -82.036331
v -27.818228 50.574631 -88.599281
v -27.818228 49.806610 -95.162155
v -27.818228 47.626293 -101.725052
v -27.818228 47.111336 -108.287994
v -27.818228 43.678349 -114.850891
v -27.818228 40.713108 -121.413773
v -27.818228 35.711143 -127.976715
v -27.818228 30.459864 -134.539612
v -27.818228 25.571987 -141.102493
v -27.818228 20.158813 -147.665436
v -27.818228 14.996490 -154.228333
v -27.818228 10.962451 -160.791275
v -27.818228 7.752504 -167.354156
v -27.818228 5.084207 -173.917053
v -27.818228 2.732762 -180.479996
v -27.818228 0.803754 -187.042877
v -27.818228 -0.000015 -193.605774
v -22.760382 0.000015 193.605774
v -22.760382 0.860040 187.042877
v -22.760382 3.482933 180.479996
v -22.760382 7.369260 173.917053
v -22.760382 11.799962 167.354156
v -22.760382 15.894552 160.791275
v -22.760382 18.700905 154.228333
v -22.760382 20.403820 147.665436
v -22.760382 22.575871 141.102493
v -22.760382 26.235966 134.539612
v -22.760382 31.640594 127.976715
v -22.760382 36.370640 121.413773
v -22.760382 38.184826 114.850891
v -22.760382 39.383453 108.287994
v -22.760382 40.607536 101.725052
v -22.760382 41.795639 95.162155
v -22.760382 39.321331 88.599274
v -22.760382 37.180275 82.036331
v -22.760382 36.360706 75.473442
v -22.761858 32.893860 68.911377
v -22.774883 27.014879 62.366547
v -21.356949 16.486862 59.134525
v -21.765577 11.232161 52.206841
v -22.702230 10.556703 43.614525
v -22.633686 15.415248 36.272068
v -22.556274 18.578218 30.145098
v -22.623110 24.495768 23.863077
v -22.708651 30.819126 17.143562
v -22.756178 37.833553 10.141788
v -22.760704 45.655079 3.299595
v -22.760382 49.106449 -3.281450
v -22.760382 51.416973 -9.844388
v -22.760382 60.160923 -16.407280
v -22.760382 69.545456 -22.970173
v -22.760382 74.276146 -29.533112
v -22.760382 70.605011 -36.096001
v -22.760382 59.695015 -42.658894
v -22.760382 52.265217 -49.221832
v -22.760382 46.752506 -55.784721
v -22.760382 43.774288 -62.347618
v -22.760382 42.223328 -68.910545
v -22.760382 41.682606 -75.473442
v -22.760382 43.182980 -82.036331
v -22.760382 45.783844 -88.599274
v -22.760382 44.983215 -95.162155
v -22.760382 45.452904 -101.725052
v -22.760382 46.235195 -108.287994
v -22.760382 44.949589 -114.850891
v -22.760382 43.923607 -121.413773
v -22.760382 39.378262 -127.976715
v -22.760382 33.688560 -134.539612
v -22.760382 28.053131 -141.102493
v -22.760382 21.717808 -147.665436
v -22.760382 16.262602 -154.228333
v -22.760382 11.803262 -160.791275
v -22.760382 8.280852 -167.354156
v -22.760382 5.344940 -173.917053
v -22.760382 2.813222 -180.479996
v -22.760382 0.819874 -187.042877
v -22.760382 -0.000015 -193.605774
v -17.702534 0.000015 193.605774
v -17.702534 0.879439 187.042877
v -17.702534 3.354345 180.479996
v -17.702534 7.102153 173.917053
v -17.702534 11.575255 167.354156
v -17.702534 16.825661 160.791275
v -17.702534 20.653606 154.228333
v -17.702534 23.276224 147.665436
v -17.702534 26.068350 141.102493
v -17.702534 30.269726 134.539612
v -17.702534 36.625004 127.976715
v -17.702534 40.985634 121.413773
v -17.702534 41.846443 114.850891
v -17.702534 42.190872 108.287994
v -17.702534 42.981663 101.725052
v -17.702534 44.326111 95.162155
v -17.702534 43.844505 88.599274
v -17.702534 40.987114 82.036331
v -17.702534 38.428047 75.473442
v -17.702534 35.454540 68.910545
v -17.694635 30.251474 62.363449
v -16.502840 19.223148 58.713333
v -16.196426 11.715058 52.873383
v -17.256124 7.656680 44.155346
v -18.107281 9.386662 35.424004
v -17.521338 16.554665 29.639660
v -17.594545 22.706989 23.348818
v -17.683920 31.149929 16.770267
v -17.703272 39.456608 9.949553
v -17.702579 46.566463 3.285276
v -17.702534 50.597034 -3.281450
v -17.702534 54.897861 -9.844388
v -17.702534 65.430351 -16.407282
v -17.702534 73.309708 -22.970173
v -17.702534 76.638496 -29.533112
v -17.702534 72.949898 -36.096001
v -17.702534 60.831570 -42.658894
v -17.702534 52.055382 -49.221832
v -17.702534 45.897747 -55.784721
v -17.702534 40.651314 -62.347618
v -17.702534 37.852211 -68.910545
v -17.702534 37.444000 -75.473442
v -17.702534 37.761494 -82.036331
v -17.702534 37.565838 -88.599274
v -17.702534 36.741978 -95.162155
v -17.702534 38.588169 -101.725052
v -17.702534 42.028782 -108.287994
v -17.702534 43.326950 -114.850891
v -17.702534 41.771191 -121.413773
v -17.702534 38.293301 -127.976715
v -17.702534 33.193886 -134.539612
v -17.702534 26.793623 -141.102493
v -17.702534 21.262993 -147.665436
v -17.702534 16.748505 -154.228333
v -17.702534 12.823931 -160.791275
v -17.702534 9.143788 -167.354156
v -17.702534 5.648628 -173.917053
v -17.702534 2.855253 -180.479996
v -17.702534 0.800336 -187.042877
v -17.702534 -0.000015 -193.605774
v -12.644641 0.000015 193.605774
v -12.644641 0.885859 187.042877
v -12.644641 3.368848 180.479996
v -12.644641 7.153654 173.917053
v -12.644641 11.405883 167.354156
v -12.644641 15.970624 160.791275
v -12.644641 20.999002 154.228333
v -12.644641 25.790710 147.665436
v -12.644641 29.673761 141.102493
v -12.644641 35.231827 134.539612
v -12.644641 41.082405 127.976715
v -12.644641 43.298653 121.413773
v -12.644641 42.932377 114.850891
v -12.644641 41.753605 108.287994
v -12.644641 43.251400 101.725052
v -12.644641 44.608227 95.162155
v -12.644641 45.270336 88.599274
v -12.644641 43.295231 82.036331
v -12.644641 39.821362 75.473442
v -12.644641 35.855732 68.910545
v -12.642838 31.118061 62.346821
v -11.396911 22.042850 58.440132
v -10.536977 13.852468 52.946636
v -10.421645 8.709404 45.276657
v -10.909762 6.469409 36.454144
v -11.737780 14.184745 28.306158
v -12.435778 21.669416 22.797468
v -12.625841 32.337059 16.459743
v -12.644779 43.093288 9.851310
v -12.644641 50.626873 3.281442
v -12.644641 54.115288 -3.281450
v -12.644641 60.138798 -9.844389
v -12.644641 70.448524 -16.407282
v -12.644641 74.908096 -22.970173
v -12.644641 71.195435 -29.533112
v -12.644641 67.295486 -36.096001
v -12.644641 56.885754 -42.658894
v -12.644641 47.755623 -49.221832
v -12.644641 43.616879 -55.784721
v -12.644641 38.909782 -62.347618
v -12.644641 36.473953 -68.910545
v -12.644641 35.249779 -75.473442
v -12.644641 33.615261 -82.036331
v -12.644641 32.634224 -88.599274
v -12.644641 32.182274 -95.162155
v -12.644641 35.207699 -101.725052
v -12.644641 41.199841 -108.287994
v -12.644641 44.235935 -114.850891
v -12.644641 41.426441 -121.413773
v -12.644641 37.999500 -127.976715
v -12.644641 33.583530 -134.539612
v -12.644641 26.538200 -141.102493
v -12.644641 20.756584 -147.665436
v -12.644641 16.656681 -154.228333
v -12.644641 12.898802 -160.791275
v -12.644641 9.263416 -167.354156
v -12.644641 5.635464 -173.917053
v -12.644641 2.853775 -180.479996
v -12.644641 0.764032 -187.042877
v -12.644641 -0.000015 -193.605774
v -7.586794 0.000015 193.605774
v -7.586794 0.861379 187.042877
v -7.586794 3.383674 180.479996
v -7.586794 7.145201 173.917053
v -7.586794 10.920860 167.354156
v -7.586794 14.626177 160.791275
v -7.586794 19.805775 154.228333
v -7.586794 26.423584 147.665436
v -7.586794 32.356514 141.102493
v -7.586794 37.417732 134.539612
v -7.586794 41.363598 127.976715
v -7.586794 42.871181 121.413773
v -7.586794 40.866886 114.850891
v -7.586794 40.842636 108.287994
v -7.586794 43.531670 101.725052
v -7.586794 46.954777 95.162155
v -7.586794 47.664459 88.599274
v -7.586794 46.969604 82.036331
v -7.586794 43.208027 75.473442
v -7.586794 37.651852 68.910545
v -7.586424 32.104874 62.347424
v -7.173178 25.838326 56.558922
v -5.235764 16.606998 52.127811
v -4.178884 11.007593 45.331112
v -4.088309 8.414952 36.329712
v -5.130686 13.426332 26.442184
v -7.289803 24.791512 22.664446
v -7.551691 35.407238 16.387182
v -7.586748 47.392498 9.844335
v -7.586794 55.457615 3.281441
v -7.586794 56.692505 -3.281450
v -7.586794 60.171543 -9.844389
v -7.586794 68.552177 -16.407282
v -7.586794 69.754410 -22.970173
v -7.586794 64.878082 -29.533112
v -7.586794 59.386570 -36.096001
v -7.586794 48.879890 -42.658894
v -7.586794 43.792206 -49.221832
v -7.586794 40.867565 -55.784721
v -7.586794 37.891193 -62.347618
v -7.586794 35.865517 -68.910545
v -7.586794 33.353840 -75.473442
v -7.586794 32.220982 -82.036331
v -7.586794 31.945326 -88.599274
v -7.586794 32.139408 -95.162155
v -7.586794 35.765282 -101.725052
v -7.586794 42.483181 -108.287994
v -7.586794 44.705070 -114.850891
v -7.586794 41.606667 -121.413773
v -7.586794 38.043839 -127.976715
v -7.586794 33.464455 -134.539612
v -7.586794 26.694963 -141.102493
v -7.586794 20.547720 -147.665436
v -7.586794 16.225605 -154.228333
v -7.586794 12.325883 -160.791275
v -7.586794 8.633453 -167.354156
v -7.586794 5.297874 -173.917053
v -7.586794 2.606437 -180.479996
v -7.586794 0.685974 -187.042877
v -7.586794 -0.000015 -193.605774
v -2.528947 0.000015 193.605774
v -2.528947 0.818193 187.042877
v -2.528947 3.263631 180.479996
v -2.528947 6.894491 173.917053
v -2.528947 10.204111 167.354156
v -2.528947 13.043303 160.791275
v -2.528947 17.712893 154.228333
v -2.528947 24.327330 147.665436
v -2.528947 31.907473 141.102493
v -2.528947 35.819942 134.539612
v -2.528947 37.072014 127.976715
v -2.528947 38.937046 121.413773
v -2.528947 39.178379 114.850891
v -2.528947 40.909332 108.287994
v -2.528947 44.523151 101.725052
v -2.528947 50.965717 95.162148
v -2.528947 54.567158 88.599266
v -2.528947 53.450005 82.036324
v -2.528947 48.373863 75.473442
v -2.528947 42.370033 68.910545
v -2.528947 35.610241 62.347610
v -2.514074 29.761095 55.777092
v -0.268770 19.625448 51.775345
v 1.502920 15.031562 44.967934
v 1.878154 13.619031 36.425411
v 0.954065 17.011883 26.403570
v -2.227660 29.513662 22.755299
v -2.477447 41.256985 16.374847
v -2.528623 52.196030 9.844195
v -2.528947 58.217918 3.281441
v -2.528947 57.627216 -3.281450
v -2.528947 57.591839 -9.844389
v -2.528947 59.564537 -16.407280
v -2.528947 57.812016 -22.970171
v -2.528947 55.431328 -29.533110
v -2.528947 51.186951 -36.096001
v -2.528947 44.660686 -42.658894
v -2.528947 42.311687 -49.221832
v -2.528947 41.172409 -55.784721
v -2.528947 39.023174 -62.347618
v -2.528947 35.974380 -68.910545
v -2.528947 32.402454 -75.473442
v -2.528947 32.320053 -82.036331
v -2.528947 34.060658 -88.599274
v -2.528947 35.001099 -95.162155
v -2.528947 37.107235 -101.725052
v -2.528947 41.029037 -108.287994
v -2.528947 41.004696 -114.850891
v -2.528947 36.668400 -121.413773
v -2.528947 32.838280 -127.976715
v -2.528947 28.615704 -134.539612
v -2.528947 23.761223 -141.102493
v -2.528947 18.074522 -147.665436
v -2.528947 14.064688 -154.228333
v -2.528947 10.621536 -160.791275
v -2.528947 7.353068 -167.354156
v -2.528947 4.485376 -173.917053
v -2.528947 2.031947 -180.479996
v -2.528947 0.509812 -187.042877
v -2.528947 -0.000015 -193.605774
v 2.528947 0.000015 193.605774
v 2.528947 0.747571 187.042877
v 2.528947 2.964885 180.479996
v 2.528947 6.381570 173.917053
v 2.528947 9.386394 167.354156
v 2.528947 12.205217 160.791275
v 2.528947 16.408165 154.228333
v 2.528947 22.834108 147.665436
v 2.528947 30.140957 141.102493
v 2.528947 34.786156 134.539612
v 2.528947 35.685581 127.976715
v 2.528947 36.778946 121.413773
v 2.528947 38.332073 114.850891
v 2.528947 41.016304 108.287994
v 2.528947 45.479431 101.725052
v 2.528947 52.336174 95.162148
v 2.528947 58.288132 88.599266
v 2.528947 59.597614 82.036324
v 2.528947 56.352512 75.473434
v 2.528947 49.201279 68.910545
v 2.528947 41.202991 62.347610
v 2.535182 33.919472 55.780926
v 3.892702 26.643204 50.455883
v 6.420032 20.481918 44.706322
v 7.150083 17.759163 36.828777
v 5.752288 19.924976 26.358261
v 3.050043 32.602962 22.519461
v 2.599107 45.869717 16.362423
v 2.531302 53.669666 9.842948
v 2.528947 56.762711 3.281441
v 2.528947 57.157154 -3.281450
v 2.528947 54.693012 -9.844388
v 2.528947 53.456604 -16.407280
v 2.528947 50.892460 -22.970171
v 2.528947 49.229950 -29.533110
v 2.528947 48.013264 -36.096001
v 2.528947 46.423832 -42.658894
v 2.528947 45.607777 -49.221832
v 2.528947 44.520412 -55.784721
v 2.528947 41.253010 -62.347618
v 2.528947 36.015858 -68.910545
v 2.528947 31.977659 -75.473442
v 2.528947 32.059875 -82.036331
v 2.528947 35.088486 -88.599274
v 2.528947 38.228687 -95.162155
v 2.528947 37.831238 -101.725052
v 2.528947 37.657890 -108.287994
v 2.528947 34.336819 -114.850891
v 2.528947 30.298437 -121.413773
v 2.528947 27.789351 -127.976715
v 2.528947 24.725637 -134.539612
v 2.528947 20.453310 -141.102493
v 2.528947 15.460220 -147.665436
v 2.528947 12.200899 -154.228333
v 2.528947 9.038755 -160.791275
v 2.528947 5.882341 -167.354156
v 2.528947 3.290763 -173.917053
v 2.528947 1.388868 -180.479996
v 2.528947 0.340624 -187.042877
v 2.528947 -0.000015 -193.605774
v 7.586794 0.000015 193.605774
v 7.586794 0.709096 187.042877
v 7.586794 2.797129 180.479996
v 7.586794 6.092201 173.917053
v 7.586794 9.171572 167.354156
v 7.586794 12.130670 160.791275
v 7.586794 16.116579 154.228333
v 7.586794 22.747229 147.665436
v 7.586794 30.518959 141.102493
v 7.586794 35.745903 134.539612
v 7.586794 36.768093 127.976715
v 7.586794 37.268772 121.413773
v 7.586794 39.233253 114.850891
v 7.586794 42.619774 108.287994
v 7.586794 48.152115 101.725052
v 7.586794 54.761936 95.162148
v 7.586794 61.049911 88.599266
v 7.586794 64.315605 82.036324
v 7.586794 62.765667 75.473434
v 7.586794 56.026058 68.910538
v 7.586794 46.731777 62.347610
v 7.588225 39.828060 55.783745
v 7.773071 35.445164 49.313599
v 10.771613 26.676596 45.203445
v 11.897914 22.074766 38.096596
v 10.926714 22.243858 29.113529
v 8.822053 30.131939 21.425722
v 7.761801 41.288761 16.290138
v 7.613860 47.684681 9.826228
v 7.587070 51.674381 3.281258
v 7.586794 55.279003 -3.281450
v 7.586794 54.130672 -9.844388
v 7.586794 52.469883 -16.407280
v 7.586794 48.661469 -22.970171
v 7.586794 46.449554 -29.533110
v 7.586794 47.738438 -36.096001
v 7.586794 50.143513 -42.658894
v 7.586794 51.632343 -49.221832
v 7.586794 52.895683 -55.784721
v 7.586794 47.463943 -62.347618
v 7.586794 38.508038 -68.910545
v 7.586794 32.708454 -75.473442
v 7.586794 32.091007 -82.036331
v 7.586794 33.589077 -88.599274
v 7.586794 37.241966 -95.162155
v 7.586794 37.427830 -101.725052
v 7.586794 35.324646 -108.287994
v 7.586794 31.701960 -114.850891
v 7.586794 27.763855 -121.413773
v 7.586794 25.186872 -127.976715
v 7.586794 21.100735 -134.539612
v 7.586794 16.209024 -141.102493
v 7.586794 12.617933 -147.665436
v 7.586794 10.088201 -154.228333
v 7.586794 7.340136 -160.791275
v 7.586794 4.506947 -167.354156
v 7.586794 2.231158 -173.917053
v 7.586794 0.877795 -180.479996
v 7.586794 0.221089 -187.042877
v 7.586794 -0.000015 -193.605774
v 12.644641 0.000015 193.605774
v 12.644641 0.740551 187.042877
v 12.644641 2.809646 180.479996
v 12.644641 6.099314 173.917053
v 12.644641 9.585050 167.354156
v 12.644641 12.888019 160.791275
v 12.644641 17.171888 154.228333
v 12.644641 24.115095 147.665436
v 12.644641 33.716480 141.102493
v 12.644641 40.645000 134.539612
v 12.644641 41.011227 127.976715
v 12.644641 40.405972 121.413773
v 12.644641 42.371605 114.850891
v 12.644641 46.418392 108.287994
v 12.644641 52.386105 101.725044
v 12.644641 58.082222 95.162148
v 12.644641 63.368519 88.599266
v 12.644641 68.122635 82.036324
v 12.644641 65.313370 75.473434
v 12.644641 57.688282 68.910538
v 12.644641 50.518429 62.347610
v 12.644641 47.106873 55.784714
v 12.659743 43.596794 49.212215
v 15.468776 32.917694 45.864677
v 16.493326 26.347828 39.152088
v 16.138460 23.087303 30.604673
v 14.675909 21.882898 19.758835
v 12.905050 35.231400 15.887378
v 12.722883 42.245644 9.781334
v 12.649445 48.103748 3.277193
v 12.644641 53.057487 -3.281450
v 12.644641 55.477474 -9.844388
v 12.644641 54.948021 -16.407280
v 12.644641 49.363670 -22.970171
v 12.644641 45.852020 -29.533110
v 12.644641 48.150673 -36.096001
v 12.644641 54.324196 -42.658894
v 12.644641 58.758316 -49.221832
v 12.644641 61.718662 -55.784721
v 12.644641 55.325790 -62.347618
v 12.644641 41.577850 -68.910545
v 12.644641 33.134216 -75.473442
v 12.644641 29.872215 -82.036331
v 12.644641 30.130497 -88.599274
v 12.644641 33.842186 -95.162155
v 12.644641 34.274281 -101.725052
v 12.644641 32.134052 -108.287994
v 12.644641 29.047565 -114.850891
v 12.644641 26.320564 -121.413773
v 12.644641 22.222879 -127.976715
v 12.644641 17.485394 -134.539612
v 12.644641 12.936816 -141.102493
v 12.644641 9.864002 -147.665436
v 12.644641 7.622394 -154.228333
v 12.644641 5.253581 -160.791275
v 12.644641 3.049199 -167.354156
v 12.644641 1.367622 -173.917053
v 12.644641 0.525239 -180.479996
v 12.644641 0.136565 -187.042877
v 12.644641 -0.000015 -193.605774
v 17.702534 0.000015 193.605774
v 17.702534 0.810849 187.042877
v 17.702534 2.957587 180.479996
v 17.702534 6.240142 173.917053
v 17.702534 10.137691 167.354156
v 17.702534 14.084988 160.791275
v 17.702534 19.103296 154.228333
v 17.702534 26.937658 147.665436
v 17.702534 37.060421 141.102493
v 17.702534 44.019699 134.539612
v 17.702534 46.277935 127.976715
v 17.702534 44.785358 121.413773
v 17.702534 47.092785 114.850891
v 17.702534 52.069714 108.287987
v 17.702534 57.597984 101.725044
v 17.702534 63.253559 95.162148
v 17.702534 68.018753 88.599266
v 17.702534 72.898727 82.036324
v 17.702534 69.413368 75.473434
v 17.702534 60.476158 68.910538
v 17.702534 53.809528 62.347610
v 17.702534 52.626556 55.784714
v 17.703918 50.468498 49.220856
v 19.230625 40.021221 44.677635
v 21.023840 32.301220 40.509930
v 21.159864 26.166582 32.929836
v 20.134668 24.876682 22.888922
v 18.048807 34.501072 15.917308
v 17.807289 41.948978 9.722490
v 17.715191 47.864262 3.261674
v 17.702579 52.363049 -3.281635
v 17.702534 55.654011 -9.844388
v 17.702534 54.531078 -16.407280
v 17.702534 49.532211 -22.970171
v 17.702534 46.997074 -29.533110
v 17.702534 48.866684 -36.096001
v 17.702534 54.605392 -42.658894
v 17.702534 59.322876 -49.221832
v 17.702534 62.695038 -55.784721
v 17.702534 60.197449 -62.347618
v 17.702534 45.199612 -68.910545
v 17.702534 34.154701 -75.473442
v 17.702534 28.789793 -82.036331
v 17.702534 27.410009 -88.599274
v 17.702534 29.701269 -95.162155
v 17.702534 29.710968 -101.725052
v 17.702534 28.188513 -108.287994
v 17.702534 25.878218 -114.850891
v 17.702534 23.576380 -121.413773
v 17.702534 19.787832 -127.976715
v 17.702534 15.101384 -134.539612
v 17.702534 10.918389 -141.102493
v 17.702534 8.154205 -147.665436
v 17.702534 6.090097 -154.228333
v 17.702534 3.910564 -160.791275
v 17.702534 2.119105 -167.354156
v 17.702534 0.911559 -173.917053
v 17.702534 0.339701 -180.479996
v 17.702534 0.085434 -187.042877
v 17.702534 -0.000015 -193.605774
v 22.760382 0.000015 193.605774
v 22.760382 0.854312 187.042877
v 22.760382 3.156659 180.479996
v 22.760382 6.533576 173.917053
v 22.760382 10.724560 167.354156
v 22.760382 15.392716 160.791275
v 22.760382 21.028654 154.228333
v 22.760382 29.084538 147.665436
v 22.760382 38.775532 141.102493
v 22.760382 45.084805 134.539612
v 22.760382 46.786053 127.976715
v 22.760382 47.386265 121.413773
v 22.760382 50.736210 114.850883
v 22.760382 55.276978 108.287987
v 22.760382 60.341015 101.725044
v 22.760382 65.947945 95.162148
v 22.760382 72.172974 88.599266
v 22.760382 78.370979 82.036324
v 22.760382 75.064590 75.473434
v 22.760382 68.275375 68.910538
v 22.760382 60.903866 62.347610
v 22.760382 58.215656 55.784714
v 22.760382 58.488583 49.221825
v 22.786985 52.976383 42.692188
v 25.266510 37.557999 40.884010
v 25.273899 30.310640 35.131954
v 24.600336 28.633776 25.266556
v 23.375053 35.060181 16.281504
v 22.878531 40.472015 9.620830
v 22.784306 46.884193 3.219735
v 22.761490 52.269146 -3.285792
v 22.760382 56.081528 -9.844388
v 22.760382 57.743519 -16.407280
v 22.760382 53.927719 -22.970171
v 22.760382 51.879501 -29.533110
v 22.760382 53.347637 -36.096001
v 22.760382 59.357746 -42.658894
v 22.760382 64.830093 -49.221832
v 22.760382 64.647781 -55.784721
v 22.760382 62.340958 -62.347618
v 22.760382 49.679413 -68.910545
v 22.760382 38.226242 -75.473442
v 22.760382 31.235554 -82.036331
v 22.760382 27.438921 -88.599274
v 22.760382 27.924500 -95.162155
v 22.760382 27.069139 -101.725052
v 22.760382 25.674715 -108.287994
v 22.760382 24.075951 -114.850891
v 22.760382 20.937458 -121.413773
v 22.760382 16.834555 -127.976715
v 22.760382 12.724720 -134.539612
v 22.760382 9.570200 -141.102493
v 22.760382 7.358474 -147.665436
v 22.760382 5.276860 -154.228333
v 22.760382 3.292657 -160.791275
v 22.760382 1.757313 -167.354156
v 22.760382 0.771146 -173.917053
v 22.760382 0.289125 -180.479996
v 22.760382 0.069869 -187.042877
v 22.760382 -0.000015 -193.605774
v 27.818228 0.000015 193.605774
v 27.818228 0.861102 187.042877
v 27.818228 3.284138 180.479996
v 27.818228 6.798281 173.917053
v 27.818228 11.257619 167.354156
v 27.818228 16.420404 160.791275
v 27.818228 22.546078 154.228333
v 27.818228 31.170584 147.665436
v 27.818228 38.402050 141.102493
v 27.818228 42.439365 134.539612
v 27.818228 44.970577 127.976715
v 27.818228 47.046089 121.413773
v 27.818228 50.876858 114.850883
v 27.818228 54.808495 108.287987
v 27.818228 59.305012 101.725044
v 27.818228 63.930489 95.162148
v 27.818228 71.038544 88.599266
v 27.818228 79.769142 82.036324
v 27.818228 79.547348 75.473434
v 27.818228 71.965912 68.910538
v 27.818228 64.790840 62.347610
v 27.818228 63.460709 55.784714
v 27.818228 65.850342 49.221825
v 27.818275 60.945801 42.658840
v 27.925154 44.172577 42.676762
v 28.296045 33.696152 39.607643
v 28.866009 29.940765 28.333689
v 28.460106 33.787552 16.922459
v 27.916286 39.048168 9.534042
v 27.848480 46.050404 3.154517
v 27.821228 51.608700 -3.297200
v 27.818228 57.261402 -9.844389
v 27.818228 62.679794 -16.407280
v 27.818228 61.324635 -22.970171
v 27.818228 59.682777 -29.533110
v 27.818228 61.277378 -36.096001
v 27.818228 66.515823 -42.658894
v 27.818228 70.392136 -49.221832
v 27.818228 66.451431 -55.784721
v 27.818228 62.094128 -62.347618
v 27.818228 54.311543 -68.910553
v 27.818228 45.505978 -75.473442
v 27.818228 38.719807 -82.036331
v 27.818228 31.811937 -88.599274
v 27.818228 30.190866 -95.162155
v 27.818228 27.796698 -101.725052
v 27.818228 25.615225 -108.287994
v 27.818228 23.705616 -114.850891
v 27.818228 20.099741 -121.413773
v 27.818228 15.763032 -127.976715
v 27.818228 11.679481 -134.539612
v 27.818228 8.896729 -141.102493
v 27.818228 7.096679 -147.665436
v 27.818228 5.253397 -154.228333
v 27.818228 3.397320 -160.791275
v 27.818228 1.899711 -167.354156
v 27.818228 0.891374 -173.917053
v 27.818228 0.349170 -180.479996
v 27.818228 0.086266 -187.042877
v 27.818228 -0.000015 -193.605774
v 32.876122 0.000015 193.605774
v 32.876122 0.858377 187.042877
v 32.876122 3.381180 180.479996
v 32.876122 7.105017 173.917053
v 32.876122 11.669711 167.354156
v 32.876122 16.918175 160.791275
v 32.876122 22.784410 154.228333
v 32.876122 30.622837 147.665436
v 32.876122 36.615166 141.102493
v 32.876122 40.594563 134.539612
v 32.876122 42.479553 127.976715
v 32.876122 45.447235 121.413773
v 32.876122 50.290585 114.850891
v 32.876122 54.501938 108.287987
v 32.876122 57.927910 101.725044
v 32.876122 60.551540 95.162148
v 32.876122 66.341240 88.599266
v 32.876122 72.465019 82.036324
v 32.876122 75.105789 75.473434
v 32.876122 69.302834 68.910538
v 32.876122 65.384125 62.347610
v 32.876122 66.932869 55.784714
v 32.876122 68.578316 49.221825
v 32.861572 64.386360 42.733665
v 32.480011 49.549675 41.372406
v 31.141245 35.516247 43.215965
v 32.442738 30.552485 29.882519
v 32.796909 33.085400 17.635883
v 32.927158 40.465179 9.475337
v 32.894318 48.026196 3.125834
v 32.878384 53.344643 -3.301588
v 32.876122 59.932842 -9.844389
v 32.876122 67.192299 -16.407282
v 32.876122 68.288116 -22.970173
v 32.876122 65.619125 -29.533112
v 32.876122 67.852699 -36.096001
v 32.876122 72.381187 -42.658894
v 32.876122 72.768143 -49.221832
v 32.876122 66.296150 -55.784721
v 32.876122 61.405830 -62.347618
v 32.876122 57.773396 -68.910553
v 32.876122 53.294479 -75.473450
v 32.876122 48.744003 -82.036331
v 32.876122 40.840080 -88.599274
v 32.876122 36.493027 -95.162155
v 32.876122 32.192665 -101.725052
v 32.876122 28.741385 -108.287994
v 32.876122 26.066206 -114.850891
v 32.876122 21.901085 -121.413773
v 32.876122 16.557100 -127.976715
v 32.876122 11.878090 -134.539612
v 32.876122 8.893450 -141.102493
v 32.876122 7.346650 -147.665436
v 32.876122 5.715834 -154.228333
v 32.876122 3.998969 -160.791275
v 32.876122 2.386582 -167.354156
v 32.876122 1.218849 -173.917053
v 32.876122 0.516741 -180.479996
v 32.876122 0.130329 -187.042877
v 32.876122 -0.000015 -193.605774
v 37.933968 0.000015 193.605774
v 37.933968 0.850617 187.042877
v 37.933968 3.394436 180.479996
v 37.933968 7.113747 173.917053
v 37.933968 11.900559 167.354156
v 37.933968 17.341768 160.791275
v 37.933968 22.861361 154.228333
v 37.933968 29.298203 147.665436
v 37.933968 33.959709 141.102493
v 37.933968 37.264572 134.539612
v 37.933968 39.947327 127.976715
v 37.933968 43.168999 121.413773
v 37.933968 47.274860 114.850891
v 37.933968 52.425636 108.287987
v 37.933968 58.236816 101.725044
v 37.933968 59.821217 95.162148
v 37.933968 61.323299 88.599266
v 37.933968 62.057323 82.036324
v 37.933968 62.364471 75.473434
v 37.933968 60.396717 68.910538
v 37.933968 59.398724 62.347610
v 37.933968 63.408604 55.784714
v 37.933968 65.773483 49.221825
v 37.426079 60.764881 44.010494
v 37.248814 49.504272 38.124996
v 34.966511 31.836056 43.473881
v 36.147957 29.126282 29.465761
v 37.233017 32.763237 17.419397
v 37.926533 41.558411 9.428733
v 37.933784 49.726944 3.127728
v 37.934242 57.464630 -3.291842
v 37.933968 64.863579 -9.844389
v 37.933968 71.814499 -16.407282
v 37.933968 72.233284 -22.970173
v 37.933968 68.237953 -29.533112
v 37.933968 68.185814 -36.096001
v 37.933968 69.838844 -42.658894
v 37.933968 69.097610 -49.221832
v 37.933968 64.849068 -55.784721
v 37.933968 59.796906 -62.347618
v 37.933968 56.097828 -68.910553
v 37.933968 55.675991 -75.473450
v 37.933968 55.954544 -82.036339
v 37.933968 51.546520 -88.599281
v 37.933968 45.627682 -95.162155
v 37.933968 39.626068 -101.725052
v 37.933968 34.447346 -108.287994
v 37.933968 29.735214 -114.850891
v 37.933968 24.222046 -121.413773
v 37.933968 17.911434 -127.976715
v 37.933968 12.775482 -134.539612
v 37.933968 9.380920 -141.102493
v 37.933968 7.729642 -147.665436
v 37.933968 6.440620 -154.228333
v 37.933968 4.834653 -160.791275
v 37.933968 3.112938 -167.354156
v 37.933968 1.702856 -173.917053
v 37.933968 0.736320 -180.479996
v 37.933968 0.183954 -187.042877
v 37.933968 -0.000015 -193.605774
v 42.991863 0.000015 193.605774
v 42.991863 0.806785 187.042877
v 42.991863 3.313514 180.479996
v 42.991863 7.155870 173.917053
v 42.991863 12.193255 167.354156
v 42.991863 17.724808 160.791275
v 42.991863 23.440239 154.228333
v 42.991863 28.674383 147.665436
v 42.991863 31.838604 141.102493
v 42.991863 34.025295 134.539612
v 42.991863 36.164692 127.976715
v 42.991863 39.614353 121.413773
v 42.991863 44.780235 114.850891
v 42.991863 49.465435 108.287994
v 42.991863 55.184509 101.725044
v 42.991863 56.953476 95.162148
v 42.991863 54.362034 88.599266
v 42.991863 52.616306 82.036324
v 42.991863 52.873985 75.473434
v 42.991863 53.149174 68.910538
v 42.991863 54.488216 62.347610
v 42.991863 58.404709 55.784714
v 42.991863 59.542187 49.221825
v 42.207771 52.513805 44.117374
v 41.615036 41.657345 40.422634
v 39.435364 27.923079 40.724937
v 40.129803 27.190948 27.638693
v 41.969898 32.517700 16.131161
v 42.916111 41.845284 9.402729
v 42.975418 52.268959 3.166618
v 42.991539 60.888107 -3.284037
v 42.991863 66.332687 -9.844389
v 42.991863 71.116272 -16.407282
v 42.991863 70.667923 -22.970173
v 42.991863 68.638916 -29.533112
v 42.991863 70.287796 -36.096001
v 42.991863 71.328178 -42.658894
v 42.991863 67.094841 -49.221832
v 42.991863 62.255417 -55.784721
v 42.991863 58.710560 -62.347618
v 42.991863 56.873512 -68.910553
v 42.991863 56.819794 -75.473450
v 42.991863 59.329800 -82.036339
v 42.991863 57.853992 -88.599281
v 42.991863 50.240967 -95.162155
v 42.991863 45.238407 -101.725052
v 42.991863 39.377712 -108.287994
v 42.991863 33.850365 -114.850891
v 42.991863 26.838797 -121.413773
v 42.991863 20.788593 -127.976715
v 42.991863 15.314544 -134.539612
v 42.991863 11.258428 -141.102493
v 42.991863 8.691882 -147.665436
v 42.991863 7.145130 -154.228333
v 42.991863 5.747703 -160.791275
v 42.991863 4.013980 -167.354156
v 42.991863 2.245060 -173.917053
v 42.991863 0.968324 -180.479996
v 42.991863 0.233560 -187.042877
v 42.991863 -0.000015 -193.605774
v 48.049706 0.000015 193.605774
v 48.049706 0.774083 187.042877
v 48.049706 3.234856 180.479996
v 48.049706 7.063401 173.917053
v 48.049706 11.749063 167.354156
v 48.049706 17.263203 160.791275
v 48.049706 23.148975 154.228333
v 48.049706 27.086708 147.665436
v 48.049706 29.213678 141.102493
v 48.049706 31.153215 134.539612
v 48.049706 33.432377 127.976715
v 48.049706 36.474472 121.413773
v 48.049706 42.306622 114.850891
v 48.049706 46.438023 108.287994
v 48.049706 50.283428 101.725052
v 48.049706 51.149319 95.162148
v 48.049706 49.045307 88.599274
v 48.049706 48.568363 82.036331
v 48.049706 49.792538 75.473442
v 48.049706 51.173332 68.910538
v 48.049706 51.801491 62.347610
v 48.049706 53.712486 55.784714
v 48.049706 52.547802 49.221825
v 47.987076 46.633488 42.747845
v 46.270443 36.584305 40.052666
v 44.047356 25.090027 34.273087
v 44.510117 25.042639 24.948410
v 46.773113 33.221657 15.305266
v 47.913265 43.604504 9.431781
v 48.025364 53.422928 3.196733
v 48.049618 63.578255 -3.281774
v 48.049706 69.432983 -9.844389
v 48.049706 73.230721 -16.407282
v 48.049706 71.281715 -22.970173
v 48.049706 69.872879 -29.533112
v 48.049706 69.878426 -36.096001
v 48.049706 67.698196 -42.658894
v 48.049706 62.946903 -49.221832
v 48.049706 58.323685 -55.784721
v 48.049706 55.599689 -62.347618
v 48.049706 56.012192 -68.910553
v 48.049706 56.202351 -75.473450
v 48.049706 57.196274 -82.036339
v 48.049706 52.176716 -88.599281
v 48.049706 45.784859 -95.162155
v 48.049706 44.248959 -101.725052
v 48.049706 41.919823 -108.287994
v 48.049706 37.187881 -114.850891
v 48.049706 29.387880 -121.413773
v 48.049706 23.969442 -127.976715
v 48.049706 18.696079 -134.539612
v 48.049706 13.928110 -141.102493
v 48.049706 10.152217 -147.665436
v 48.049706 7.927236 -154.228333
v 48.049706 6.441174 -160.791275
v 48.049706 4.653641 -167.354156
v 48.049706 2.612858 -173.917053
v 48.049706 1.126934 -180.479996
v 48.049706 0.262197 -187.042877
v 48.049706 -0.000015 -193.605774
v 53.107555 0.000015 193.605774
v 53.107555 0.744523 187.042877
v 53.107555 3.160308 180.479996
v 53.107555 6.797957 173.917053
v 53.107555 11.106907 167.354156
v 53.107555 16.590147 160.791275
v 53.107555 22.200544 154.228333
v 53.107555 25.477509 147.665436
v 53.107555 27.378759 141.102493
v 53.107555 30.096842 134.539612
v 53.107555 33.232475 127.976715
v 53.107555 36.537933 121.413773
v 53.107555 41.354725 114.850891
v 53.107555 44.711136 108.287994
v 53.107555 48.194008 101.725052
v 53.107555 47.962051 95.162155
v 53.107555 46.960827 88.599274
v 53.107555 47.746719 82.036331
v 53.107555 49.581638 75.473442
v 53.107555 51.096985 68.910538
v 53.107555 49.234997 62.347610
v 53.107555 49.061417 55.784714
v 53.107464 47.935905 49.221638
v 53.078362 42.259457 42.612190
v 51.045940 33.999699 38.369381
v 48.446514 21.781284 32.195309
v 48.788532 20.983521 22.180393
v 51.922363 34.128006 14.900796
v 52.917168 42.747154 9.443329
v 53.075226 51.669529 3.205647
v 53.107555 63.473034 -3.281497
v 53.107555 72.476097 -9.844390
v 53.107555 77.227257 -16.407282
v 53.107555 73.059639 -22.970173
v 53.107555 69.857689 -29.533112
v 53.107555 65.612061 -36.096001
v 53.107555 61.868587 -42.658894
v 53.107555 57.385555 -49.221832
v 53.107555 52.456387 -55.784721
v 53.107555 49.829197 -62.347618
v 53.107555 50.146378 -68.910545
v 53.107555 51.223717 -75.473450
v 53.107555 50.144573 -82.036331
v 53.107555 43.547775 -88.599274
v 53.107555 38.758606 -95.162155
v 53.107555 39.041737 -101.725052
v 53.107555 40.818417 -108.287994
v 53.107555 36.410854 -114.850891
v 53.107555 29.728104 -121.413773
v 53.107555 25.346684 -127.976715
v 53.107555 21.298050 -134.539612
v 53.107555 16.651230 -141.102493
v 53.107555 11.760956 -147.665436
v 53.107555 8.718672 -154.228333
v 53.107555 6.706110 -160.791275
v 53.107555 4.796178 -167.354156
v 53.107555 2.764771 -173.917053
v 53.107555 1.179866 -180.479996
v 53.107555 0.262197 -187.042877
v 53.107555 -0.000015 -193.605774
v 58.165451 0.000015 193.605774
v 58.165451 0.690991 187.042877
v 58.165451 3.094582 180.479996
v 58.165451 6.691216 173.917053
v 58.165451 10.888667 167.354156
v 58.165451 16.284149 160.791275
v 58.165451 22.286085 154.228333
v 58.165451 26.160543 147.665436
v 58.165451 28.525244 141.102493
v 58.165451 31.880219 134.539612
v 58.165451 35.686966 127.976715
v 58.165451 38.303112 121.413773
v 58.165451 42.315166 114.850891
v 58.165451 45.371857 108.287994
v 58.165451 47.766075 101.725052
v 58.165451 48.545135 95.162155
v 58.165451 48.553215 88.599274
v 58.165451 49.131954 82.036331
v 58.165451 49.075459 75.473442
v 58.165451 48.438801 68.910545
v 58.165451 44.483147 62.347610
v 58.165451 42.526749 55.784714
v 58.163601 41.548206 49.219193
v 57.988689 36.920647 42.707199
v 53.502880 26.399420 41.771469
v 52.699623 18.820200 31.327702
v 54.181709 21.213999 20.045063
v 57.208199 34.995701 14.838396
v 57.939774 41.342388 9.465037
v 58.132286 49.879040 3.222183
v 58.165401 60.580170 -3.281497
v 58.165451 73.472153 -9.844390
v 58.165451 77.545029 -16.407282
v 58.165451 72.754990 -22.970173
v 58.165451 67.304581 -29.533112
v 58.165451 60.837574 -36.096001
v 58.165451 55.685413 -42.658894
v 58.165451 51.486431 -49.221832
v 58.165451 47.198639 -55.784721
v 58.165451 45.138550 -62.347618
v 58.165451 44.976013 -68.910545
v 58.165451 45.051994 -75.473442
v 58.165451 43.375263 -82.036331
v 58.165451 36.984562 -88.599274
v 58.165451 32.605034 -95.162155
v 58.165451 34.248089 -101.725052
v 58.165451 38.396580 -108.287994
v 58.165451 37.685974 -114.850891
v 58.165451 32.762955 -121.413773
v 58.165451 27.528709 -127.976715
v 58.165451 23.363499 -134.539612
v 58.165451 18.798061 -141.102493
v 58.165451 13.592597 -147.665436
v 58.165451 9.850747 -154.228333
v 58.165451 7.209747 -160.791275
v 58.165451 4.900379 -167.354156
v 58.165451 2.820197 -173.917053
v 58.165451 1.179912 -180.479996
v 58.165451 0.241458 -187.042877
v 58.165451 -0.000015 -193.605774
v 63.223293 0.000015 193.605774
v 63.223293 0.613348 187.042877
v 63.223293 3.046731 180.479996
v 63.223293 6.649971 173.917053
v 63.223293 10.943585 167.354156
v 63.223293 16.999420 160.791275
v 63.223293 22.897156 154.228333
v 63.223293 27.045603 147.665436
v 63.223293 30.576002 141.102493
v 63.223293 34.484547 134.539612
v 63.223293 37.645996 127.976715
v 63.223293 38.263023 121.413773
v 63.223293 39.208725 114.850891
v 63.223293 42.128792 108.287994
v 63.223293 45.987595 101.725052
v 63.223293 49.771797 95.162155
v 63.223293 51.277676 88.599266
v 63.223293 50.289291 82.036331
v 63.223293 47.373745 75.473442
v 63.223293 44.423885 68.910545
v 63.223293 38.364170 62.347610
v 63.223293 34.584492 55.784714
v 63.216042 32.914738 49.212402
v 60.811573 26.473412 45.049732
v 56.765480 18.775999 40.841614
v 57.326023 16.277626 29.889723
v 60.199116 23.171089 18.394571
v 62.437126 35.944637 14.738907
v 63.039280 44.001259 9.574550
v 63.203663 50.578606 3.251789
v 63.223293 57.761253 -3.281450
v 63.223293 68.447517 -9.844389
v 63.223293 74.462891 -16.407282
v 63.223293 70.322250 -22.970173
v 63.223293 64.706680 -29.533112
v 63.223293 59.172398 -36.096001
v 63.223293 54.106281 -42.658894
v 63.223293 50.550568 -49.221832
v 63.223293 47.580338 -55.784721
v 63.223293 44.334919 -62.347618
v 63.223293 43.902874 -68.910545
v 63.223293 43.029823 -75.473442
v 63.223293 40.655418 -82.036331
v 63.223293 35.192272 -88.599274
v 63.223293 30.941702 -95.162155
v 63.223293 31.790873 -101.725052
v 63.223293 35.717663 -108.287994
v 63.223293 38.896248 -114.850891
v 63.223293 36.478844 -121.413773
v 63.223293 31.734428 -127.976715
v 63.223293 26.679863 -134.539612
v 63.223293 21.339434 -141.102493
v 63.223293 16.048567 -147.665436
v 63.223293 11.718047 -154.228333
v 63.223293 8.164827 -160.791275
v 63.223293 5.235475 -167.354156
v 63.223293 2.908971 -173.917053
v 63.223293 1.181205 -180.479996
v 63.223293 0.217810 -187.042877
v 63.223293 -0.000015 -193.605774
v 68.281143 0.000015 193.605774
v 68.281143 0.491642 187.042877
v 68.281143 2.865950 180.479996
v 68.281143 6.498380 173.917053
v 68.281143 10.726085 167.354156
v 68.281143 16.337957 160.791275
v 68.281143 22.148491 154.228333
v 68.281143 26.652494 147.665436
v 68.281143 30.323723 141.102493
v 68.281143 34.754745 134.539612
v 68.281143 37.553802 127.976715
v 68.281143 36.879868 121.413773
v 68.281143 35.586506 114.850891
v 68.281143 38.103119 108.287994
v 68.281143 44.414837 101.725052
v 68.281143 49.467373 95.162155
v 68.281143 50.979252 88.599266
v 68.281143 48.669010 82.036331
v 68.281143 44.004726 75.473442
v 68.281143 39.762009 68.910545
v 68.281143 33.808941 62.347610
v 68.281143 28.446901 55.784714
v 68.084335 25.510111 49.563568
v 63.828129 16.298229 47.415405
v 61.882587 11.777505 37.900433
v 62.249832 12.825331 27.190758
v 65.508835 23.697403 17.966406
v 67.563843 36.773533 14.612906
v 68.172508 47.418545 9.699996
v 68.274170 52.024441 3.271697
v 68.281143 55.724998 -3.281450
v 68.281143 62.681690 -9.844389
v 68.281143 67.644714 -16.407282
v 68.281143 67.410774 -22.970173
v 68.281143 64.500084 -29.533112
v 68.281143 61.590260 -36.096001
v 68.281143 59.221127 -42.658894
v 68.281143 54.659615 -49.221832
v 68.281143 49.775345 -55.784721
v 68.281143 47.626022 -62.347618
v 68.281143 46.946590 -68.910545
v 68.281143 46.011417 -75.473442
v 68.281143 44.639297 -82.036331
v 68.281143 39.659740 -88.599274
v 68.281143 33.735401 -95.162155
v 68.281143 32.215897 -101.725052
v 68.281143 34.377693 -108.287994
v 68.281143 36.258160 -114.850891
v 68.281143 35.365570 -121.413773
v 68.281143 33.992943 -127.976715
v 68.281143 28.844614 -134.539612
v 68.281143 23.663443 -141.102493
v 68.281143 18.623516 -147.665436
v 68.281143 13.946862 -154.228333
v 68.281143 9.544102 -160.791275
v 68.281143 5.897168 -167.354156
v 68.281143 3.168364 -173.917053
v 68.281143 1.189519 -180.479996
v 68.281143 0.182614 -187.042877
v 68.281143 -0.000015 -193.605774
v 73.339035 0.000015 193.605774
v 73.339035 0.342362 187.042877
v 73.339035 2.420094 180.479996
v 73.339035 5.598032 173.917053
v 73.339035 9.527037 167.354156
v 73.339035 14.722387 160.791275
v 73.339035 20.262945 154.228333
v 73.339035 24.792953 147.665436
v 73.339035 28.301182 141.102493
v 73.339035 32.578171 134.539612
v 73.339035 34.573551 127.976715
v 73.339035 33.841694 121.413773
v 73.339035 33.072800 114.850891
v 73.339035 35.424797 108.287994
v 73.339035 41.492180 101.725052
v 73.339035 46.665405 95.162155
v 73.339035 48.596264 88.599274
v 73.339035 46.449848 82.036331
v 73.339035 42.504440 75.473442
v 73.339035 39.291031 68.910545
v 73.339035 33.376160 62.347610
v 73.338989 26.019938 55.784672
v 72.888649 20.968187 50.679810
v 70.525101 12.042765 47.254719
v 67.898659 8.083644 36.499500
v 67.488876 10.358785 25.330942
v 70.699326 23.909731 18.214298
v 72.572914 37.180313 14.853730
v 73.295807 51.165520 9.792464
v 73.338249 54.624191 3.280472
v 73.339035 56.677677 -3.281450
v 73.339035 62.506317 -9.844389
v 73.339035 64.640396 -16.407282
v 73.339035 64.767418 -22.970173
v 73.339035 65.190918 -29.533112
v 73.339035 64.623352 -36.096001
v 73.339035 64.878128 -42.658894
v 73.339035 60.380264 -49.221832
v 73.339035 55.549667 -55.784721
v 73.339035 52.690380 -62.347618
v 73.339035 51.919590 -68.910553
v 73.339035 50.380318 -75.473442
v 73.339035 48.828159 -82.036331
v 73.339035 44.268173 -88.599274
v 73.339035 37.491707 -95.162155
v 73.339035 34.023937 -101.725052
v 73.339035 33.356934 -108.287994
v 73.339035 33.455452 -114.850891
v 73.339035 32.069111 -121.413773
v 73.339035 30.455616 -127.976715
v 73.339035 28.246569 -134.539612
v 73.339035 25.169319 -141.102493
v 73.339035 20.035723 -147.665436
v 73.339035 15.330385 -154.228333
v 73.339035 10.560151 -160.791275
v 73.339035 6.480295 -167.354156
v 73.339035 3.295936 -173.917053
v 73.339035 1.152384 -180.479996
v 73.339035 0.141230 -187.042877
v 73.339035 -0.000015 -193.605774
v 78.396881 0.000015 193.605774
v 78.396881 0.184721 187.042877
v 78.396881 1.845050 180.479996
v 78.396881 4.503739 173.917053
v 78.396881 7.774607 167.354156
v 78.396881 11.902778 160.791275
v 78.396881 16.942656 154.228333
v 78.396881 22.692080 147.665436
v 78.396881 27.838562 141.102493
v 78.396881 31.374504 134.539612
v 78.396881 33.109291 127.976715
v 78.396881 32.786198 121.413773
v 78.396881 32.623848 114.850891
v 78.396881 35.335793 108.287994
v 78.396881 40.792892 101.725052
v 78.396881 45.332737 95.162155
v 78.396881 46.586193 88.599274
v 78.396881 43.423126 82.036331
v 78.396881 40.113457 75.473442
v 78.396881 38.260708 68.910545
v 78.396881 34.190369 62.347610
v 78.396469 27.334223 55.784439
v 78.126541 20.683990 50.974857
v 75.575798 10.221977 47.848282
v 73.703369 7.478346 36.561298
v 73.434875 12.476471 25.547844
v 75.774681 22.922550 19.615374
v 77.678009 34.133919 15.534822
v 78.336197 45.631290 9.784520
v 78.396744 53.254574 3.281303
v 78.396881 55.171291 -3.281450
v 78.396881 60.594124 -9.844389
v 78.396881 62.813927 -16.407280
v 78.396881 59.971733 -22.970171
v 78.396881 59.218349 -29.533110
v 78.396881 60.681225 -36.096001
v 78.396881 62.529961 -42.658894
v 78.396881 60.595039 -49.221832
v 78.396881 57.768639 -55.784721
v 78.396881 57.219971 -62.347618
v 78.396881 55.105888 -68.910553
v 78.396881 52.431496 -75.473450
v 78.396881 48.794025 -82.036331
v 78.396881 44.848713 -88.599274
v 78.396881 40.627060 -95.162155
v 78.396881 35.865696 -101.725052
v 78.396881 32.435616 -108.287994
v 78.396881 29.715864 -114.850891
v 78.396881 27.967821 -121.413773
v 78.396881 26.245831 -127.976715
v 78.396881 24.835936 -134.539612
v 78.396881 21.926348 -141.102493
v 78.396881 18.019373 -147.665436
v 78.396881 14.977138 -154.228333
v 78.396881 11.090254 -160.791275
v 78.396881 6.752575 -167.354156
v 78.396881 3.333256 -173.917053
v 78.396881 1.108505 -180.479996
v 78.396881 0.094672 -187.042877
v 78.396881 -0.000015 -193.605774
v 83.454773 0.000015 193.605774
v 83.454773 0.057934 187.042877
v 83.454773 1.245573 180.479996
v 83.454773 3.293237 173.917053
v 83.454773 5.901211 167.354156
v 83.454773 9.318774 160.791275
v 83.454773 13.976860 154.228333
v 83.454773 20.067385 147.665436
v 83.454773 26.190750 141.102493
v 83.454773 29.433350 134.539612
v 83.454773 31.351271 127.976715
v 83.454773 31.467527 121.413773
v 83.454773 32.468750 114.850891
v 83.454773 35.940075 108.287994
v 83.454773 40.160110 101.725052
v 83.454773 43.194958 95.162155
v 83.454773 44.437561 88.599274
v 83.454773 42.726704 82.036331
v 83.454773 39.547928 75.473442
v 83.454773 37.388306 68.910545
v 83.454773 33.929909 62.347610
v 83.453758 29.238197 55.784206
v 83.317322 23.279911 49.581314
v 80.615997 11.134842 46.159683
v 79.012062 6.849401 36.534279
v 78.917099 10.531113 27.580036
v 81.004257 20.339563 20.947905
v 82.899269 28.325006 16.006407
v 83.359116 37.333057 9.772420
v 83.453758 44.842579 3.280611
v 83.454773 48.771397 -3.281449
v 83.454773 52.692139 -9.844388
v 83.454773 55.287918 -16.407280
v 83.454773 52.372517 -22.970171
v 83.454773 50.541283 -29.533110
v 83.454773 52.438377 -36.096001
v 83.454773 56.756702 -42.658894
v 83.454773 57.861340 -49.221832
v 83.454773 56.959560 -55.784721
v 83.454773 56.279991 -62.347618
v 83.454773 52.464195 -68.910553
v 83.454773 50.816151 -75.473450
v 83.454773 47.621349 -82.036331
v 83.454773 44.175613 -88.599274
v 83.454773 41.549580 -95.162155
v 83.454773 37.137119 -101.725052
v 83.454773 32.501572 -108.287994
v 83.454773 27.781546 -114.850891
v 83.454773 25.458597 -121.413773
v 83.454773 23.984270 -127.976715
v 83.454773 21.809216 -134.539612
v 83.454773 18.467123 -141.102493
v 83.454773 15.595367 -147.665436
v 83.454773 13.637030 -154.228333
v 83.454773 10.843239 -160.791275
v 83.454773 6.825691 -167.354156
v 83.454773 3.273211 -173.917053
v 83.454773 1.004951 -180.479996
v 83.454773 0.040170 -187.042877
v 83.454773 -0.000015 -193.605774
v 88.512627 0.000015 193.605774
v 88.512627 0.001354 187.042877
v 88.512627 0.759441 180.479996
v 88.512627 2.309889 173.917053
v 88.512627 4.306376 167.354156
v 88.512627 6.922987 160.791275
v 88.512627 10.665346 154.228333
v 88.512627 15.807347 147.665436
v 88.512627 21.393034 141.102493
v 88.512627 26.107840 134.539612
v 88.512627 27.911860 127.976715
v 88.512627 28.203770 121.413773
v 88.512627 30.563761 114.850891
v 88.512627 33.576897 108.287994
v 88.512627 37.681049 101.725052
v 88.512627 40.358860 95.162155
v 88.512627 43.434906 88.599274
v 88.512627 45.408348 82.036331
v 88.512627 43.020084 75.473442
v 88.512627 38.203297 68.910545
v 88.512627 32.856495 62.347610
v 88.510727 28.304085 55.783978
v 88.417061 21.956755 49.187695
v 85.076767 10.365114 45.238689
v 83.973885 5.665549 36.859165
v 84.202606 7.819308 28.580288
v 86.178497 16.139618 21.754353
v 88.015961 21.838743 16.165571
v 88.401863 29.148726 9.784476
v 88.510544 36.743881 3.280196
v 88.512627 41.635265 -3.281449
v 88.512627 42.529976 -9.844387
v 88.512627 44.158760 -16.407280
v 88.512627 42.915279 -22.970171
v 88.512627 42.127583 -29.533110
v 88.512627 44.579163 -36.096001
v 88.512627 49.475719 -42.658894
v 88.512627 52.255009 -49.221832
v 88.512627 53.447773 -55.784721
v 88.512627 52.201984 -62.347618
v 88.512627 48.413528 -68.910545
v 88.512627 46.310947 -75.473442
v 88.512627 41.828510 -82.036331
v 88.512627 39.559002 -88.599274
v 88.512627 38.353905 -95.162155
v 88.512627 35.676186 -101.725052
v 88.512627 31.753553 -108.287994
v 88.512627 27.425756 -114.850891
v 88.512627 24.657507 -121.413773
v 88.512627 22.775429 -127.976715
v 88.512627 20.381258 -134.539612
v 88.512627 17.059443 -141.102493
v 88.512627 14.332672 -147.665436
v 88.512627 11.977070 -154.228333
v 88.512627 9.200785 -160.791275
v 88.512627 5.978644 -167.354156
v 88.512627 2.759644 -173.917053
v 88.512627 0.748144 -180.479996
v 88.512627 0.001233 -187.042877
v 88.512627 -0.000015 -193.605774
v 93.570473 0.000015 193.605774
v 93.570473 0.000014 187.042877
v 93.570473 0.374601 180.479996
v 93.570473 1.502564 173.917053
v 93.570473 2.983221 167.354156
v 93.570473 4.904098 160.791275
v 93.570473 7.678905 154.228333
v 93.570473 11.743242 147.665436
v 93.570473 16.446871 141.102493
v 93.570473 20.967823 134.539612
v 93.570473 23.069529 127.976715
v 93.570473 24.084610 121.413773
v 93.570473 26.732121 114.850891
v 93.570473 29.832458 108.287994
v 93.570473 33.067764 101.725052
v 93.570473 36.101547 95.162155
v 93.570473 41.220734 88.599274
v 93.570473 44.742634 82.036331
v 93.570473 42.833992 75.473442
v 93.570473 37.066093 68.910545
v 93.570473 30.136745 62.347610
v 93.566589 24.089451 55.783657
v 93.401283 18.242756 49.258453
v 89.640770 6.912587 46.313770
v 89.236160 4.033810 37.495964
v 89.742432 5.381398 29.455971
v 91.549957 11.862490 22.402653
v 93.091171 16.588936 16.243721
v 93.471718 23.089149 9.808448
v 93.568626 29.372187 3.280659
v 93.570473 33.801685 -3.281448
v 93.570473 34.499825 -9.844387
v 93.570473 34.257427 -16.407278
v 93.570473 34.127361 -22.970169
v 93.570473 35.467281 -29.533108
v 93.570473 38.793530 -36.096001
v 93.570473 42.681332 -42.658894
v 93.570473 45.422653 -49.221832
v 93.570473 48.102127 -55.784721
v 93.570473 47.770821 -62.347618
v 93.570473 45.637707 -68.910545
v 93.570473 42.473488 -75.473442
v 93.570473 37.653782 -82.036331
v 93.570473 35.614849 -88.599274
v 93.570473 34.553024 -95.162155
v 93.570473 31.777063 -101.725052
v 93.570473 28.903643 -108.287994
v 93.570473 26.020803 -114.850891
v 93.570473 23.762796 -121.413773
v 93.570473 21.436615 -127.976715
v 93.570473 19.396433 -134.539612
v 93.570473 16.297291 -141.102493
v 93.570473 13.391262 -147.665436
v 93.570473 10.612946 -154.228333
v 93.570473 7.772412 -160.791275
v 93.570473 4.827309 -167.354156
v 93.570473 2.120167 -173.917053
v 93.570473 0.448798 -180.479996
v 93.570473 -0.000014 -187.042877
v 93.570473 -0.000015 -193.605774
v 98.628365 0.000015 193.605774
v 98.628365 0.000014 187.042877
v 98.628365 0.119734 180.479996
v 98.628365 0.846737 173.917053
v 98.628365 1.902923 167.354156
v 98.628365 3.332727 160.791275
v 98.628365 5.401684 154.228333
v 98.628365 8.548722 147.665436
v 98.628365 12.189928 141.102493
v 98.628365 16.028587 134.539612
v 98.628365 19.027731 127.976715
v 98.628365 20.882929 121.413773
v 98.628365 23.252205 114.850891
v 98.628365 26.276379 108.287994
v 98.628365 29.495934 101.725052
v 98.628365 32.718395 95.162155
v 98.628365 36.978432 88.599274
v 98.628365 41.011040 82.036331
v 98.628365 39.060921 75.473442
v 98.628365 34.025379 68.910545
v 98.628365 27.669920 62.347610
v 98.622864 21.877726 55.783707
v 98.475571 16.452221 49.207092
v 96.507912 9.208005 43.850502
v 94.978104 2.683542 37.465252
v 95.614395 3.661347 30.000948
v 97.359848 7.989742 22.689390
v 98.112854 12.299246 16.247972
v 98.545639 18.121231 9.824476
v 98.626747 22.292124 3.281075
v 98.628365 25.263323 -3.281448
v 98.628365 27.001295 -9.844386
v 98.628365 27.222998 -16.407278
v 98.628365 27.761599 -22.970169
v 98.628365 29.864689 -29.533108
v 98.628365 33.008537 -36.096001
v 98.628365 36.191280 -42.658894
v 98.628365 38.353676 -49.221832
v 98.628365 40.044815 -55.784721
v 98.628365 40.813801 -62.347618
v 98.628365 40.312523 -68.910545
v 98.628365 37.685101 -75.473442
v 98.628365 33.341274 -82.036331
v 98.628365 30.770760 -88.599274
v 98.628365 29.350931 -95.162155
v 98.628365 27.661226 -101.725052
v 98.628365 25.689081 -108.287994
v 98.628365 23.165258 -114.850891
v 98.628365 21.732037 -121.413773
v 98.628365 19.461466 -127.976715
v 98.628365 17.072193 -134.539612
v 98.628365 14.511468 -141.102493
v 98.628365 12.053187 -147.665436
v 98.628365 9.528769 -154.228333
v 98.628365 6.511103 -160.791275
v 98.628365 3.691724 -167.354156
v 98.628365 1.473716 -173.917053
v 98.628365 0.180074 -180.479996
v 98.628365 -0.000014 -187.042877
v 98.628365 -0.000015 -193.605774
v 103.686203 0.000015 193.605774
v 103.686203 0.000014 187.042877
v 103.686203 0.004956 180.479996
v 103.686203 0.399172 173.917053
v 103.686203 1.130424 167.354156
v 103.686203 2.137698 160.791275
v 103.686203 3.647962 154.228333
v 103.686203 6.104900 147.665436
v 103.686203 8.998734 141.102493
v 103.686203 12.106003 134.539612
v 103.686203 14.839747 127.976715
v 103.686203 17.446012 121.413773
v 103.686203 19.716675 114.850891
v 103.686203 22.208992 108.287994
v 103.686203 25.303144 101.725052
v 103.686203 29.061853 95.162155
v 103.686203 32.763199 88.599274
v 103.686203 34.643753 82.036331
v 103.686203 31.236673 75.473442
v 103.686203 28.774282 68.910545
v 103.686203 24.396374 62.347614
v 103.676414 19.169754 55.783474
v 103.413048 13.680277 49.288017
v 101.467644 5.714879 43.676788
v 100.490540 0.940211 37.359524
v 101.253654 2.098613 29.851110
v 102.550438 4.057965 22.602463
v 103.205391 9.202599 16.265017
v 103.621353 13.245227 9.832929
v 103.685196 16.378963 3.281260
v 103.686203 20.132130 -3.281447
v 103.686203 21.986588 -9.844386
v 103.686203 22.766014 -16.407278
v 103.686203 23.654770 -22.970169
v 103.686203 25.717676 -29.533108
v 103.686203 28.402325 -36.096001
v 103.686203 30.657831 -42.658894
v 103.686203 32.487534 -49.221832
v 103.686203 33.746258 -55.784721
v 103.686203 34.716766 -62.347618
v 103.686203 34.020157 -68.910545
v 103.686203 32.287910 -75.473442
v 103.686203 29.084242 -82.036331
v 103.686203 26.548040 -88.599274
v 103.686203 25.669634 -95.162155
v 103.686203 24.338581 -101.725052
v 103.686203 22.396271 -108.287994
v 103.686203 20.222139 -114.850891
v 103.686203 18.313412 -121.413773
v 103.686203 15.968663 -127.976715
v 103.686203 13.559667 -134.539612
v 103.686203 11.247850 -141.102493
v 103.686203 9.827421 -147.665436
v 103.686203 8.148801 -154.228333
v 103.686203 5.392931 -160.791275
v 103.686203 2.691932 -167.354156
v 103.686203 0.858627 -173.917053
v 103.686203 0.009270 -180.479996
v 103.686203 -0.000014 -187.042877
v 103.686203 -0.000015 -193.605774
v 108.744064 0.000015 193.605774
v 108.744064 0.000014 187.042877
v 108.744064 0.000014 180.479996
v 108.744064 0.117886 173.917053
v 108.744064 0.587066 167.354156
v 108.744064 1.287926 160.791275
v 108.744064 2.388592 154.228333
v 108.744064 4.246792 147.665436
v 108.744064 6.621377 141.102493
v 108.744064 9.186720 134.539612
v 108.744064 11.543199 127.976715
v 108.744064 14.119442 121.413773
v 108.744064 16.150063 114.850891
v 108.744064 17.987337 108.287994
v 108.744064 20.050060 101.725052
v 108.744064 23.644108 95.162155
v 108.744064 26.843201 88.599274
v 108.744064 27.525398 82.036331
v 108.744064 24.726713 75.473442
v 108.744064 21.517090 68.910545
v 108.744064 17.832649 62.347614
v 108.719986 13.529012 55.783012
v 108.225876 8.245811 49.401501
v 106.349747 1.328332 43.800156
v 105.974747 -1.357424 37.097729
v 107.006500 0.590658 29.507750
v 107.729073 2.512321 22.677750
v 108.418335 7.767576 16.336838
v 108.701927 10.695866 9.839211
v 108.743874 13.710573 3.281445
v 108.744064 18.017723 -3.281447
v 108.744064 19.630156 -9.844386
v 108.744064 20.421219 -16.407278
v 108.744064 21.147993 -22.970169
v 108.744064 22.732758 -29.533108
v 108.744064 24.875801 -36.095997
v 108.744064 27.199762 -42.658894
v 108.744064 28.836351 -49.221832
v 108.744064 29.382713 -55.784721
v 108.744064 30.099464 -62.347618
v 108.744064 29.488253 -68.910545
v 108.744064 27.153017 -75.473442
v 108.744064 24.822958 -82.036331
v 108.744064 23.150526 -88.599274
v 108.744064 22.966742 -95.162155
v 108.744064 21.487841 -101.725052
v 108.744064 19.301056 -108.287994
v 108.744064 17.019077 -114.850891
v 108.744064 14.843748 -121.413773
v 108.744064 12.726060 -127.976715
v 108.744064 10.456507 -134.539612
v 108.744064 8.464961 -141.102493
v 108.744064 7.209517 -147.665436
v 108.744064 5.982340 -154.228333
v 108.744064 3.981279 -160.791275
v 108.744064 1.660410 -167.354156
v 108.744064 0.298132 -173.917053
v 108.744064 -0.000014 -180.479996
v 108.744064 -0.000014 -187.042877
v 108.744064 -0.000015 -193.605774
v 113.801949 0.000015 193.605774
v 113.801949 0.000014 187.042877
v 113.801949 0.000014 180.479996
v 113.801949 0.002600 173.917053
v 113.801949 0.226566 167.354156
v 113.801949 0.706785 160.791275
v 113.801949 1.515172 154.228333
v 113.801949 2.961142 147.665436
v 113.801949 4.979383 141.102493
v 113.801949 7.128985 134.539612
v 113.801949 9.220852 127.976715
v 113.801949 11.460152 121.413773
v 113.801949 12.946905 114.850891
v 113.801949 14.085907 108.287994
v 113.801949 15.088609 101.725052
v 113.801949 17.258904 95.162155
v 113.801949 18.896278 88.599274
v 113.801949 18.659883 82.036331
v 113.801949 17.612703 75.473442
v 113.801949 15.078259 68.910545
v 113.801346 11.226480 62.347614
v 113.753639 7.525090 55.784630
v 112.365219 1.525187 50.052753
v 111.367691 -2.434304 44.054882
v 111.762222 -2.627325 36.870712
v 112.818138 -0.748617 29.348814
v 113.114525 2.437357 22.822367
v 113.607773 6.973692 16.386538
v 113.778671 9.434233 9.842535
v 113.801949 12.311161 3.281445
v 113.801949 16.342936 -3.281447
v 113.801949 18.518866 -9.844385
v 113.801949 19.183235 -16.407278
v 113.801949 19.621746 -22.970169
v 113.801949 20.594841 -29.533108
v 113.801949 22.431980 -36.095997
v 113.801949 25.059629 -42.658890
v 113.801949 26.863928 -49.221832
v 113.801949 26.815706 -55.784721
v 113.801949 26.805822 -62.347618
v 113.801949 25.465067 -68.910545
v 113.801949 23.206970 -75.473442
v 113.801949 21.546270 -82.036331
v 113.801949 20.598717 -88.599274
v 113.801949 20.779589 -95.162155
v 113.801949 19.307892 -101.725052
v 113.801949 16.576778 -108.287994
v 113.801949 14.082011 -114.850891
v 113.801949 12.071342 -121.413773
v 113.801949 10.130973 -127.976715
v 113.801949 8.112591 -134.539612
v 113.801949 6.357759 -141.102493
v 113.801949 5.076265 -147.665436
v 113.801949 3.802761 -154.228333
v 113.801949 2.217949 -160.791275
v 113.801949 0.687223 -167.354156
v 113.801949 0.007054 -173.917053
v 113.801949 -0.000014 -180.479996
v 113.801949 -0.000014 -187.042877
v 113.801949 -0.000015 -193.605774
v 118.859795 0.000015 193.605774
v 118.859795 0.000014 187.042877
v 118.859795 0.000014 180.479996
v 118.859795 0.000013 173.917053
v 118.859795 0.030635 167.354156
v 118.859795 0.300097 160.791275
v 118.859795 0.884055 154.228333
v 118.859795 1.998855 147.665436
v 118.859795 3.643250 141.102493
v 118.859795 5.482004 134.539612
v 118.859795 7.200716 127.976715
v 118.859795 8.836935 121.413773
v 118.859795 10.035427 114.850891
v 118.859795 10.733702 108.287994
v 118.859795 11.420197 101.725052
v 118.859795 12.488809 95.162155
v 118.859795 12.374677 88.599274
v 118.859795 11.663931 82.036331
v 118.859795 10.933601 75.473442
v 118.859795 9.091058 68.910545
v 118.855270 6.201381 62.348953
v 118.608170 2.628117 55.940975
v 117.262100 -2.908195 50.175892
v 116.943161 -4.868610 43.661358
v 117.946701 -3.425689 36.089947
v 118.067665 -2.401142 29.399069
v 118.449738 2.624928 22.917837
v 118.744652 6.123643 16.401688
v 118.849586 8.601089 9.843967
v 118.859795 11.752191 3.281445
v 118.859795 15.066984 -3.281447
v 118.859795 16.906710 -9.844385
v 118.859795 17.234182 -16.407278
v 118.859795 17.767149 -22.970169
v 118.859795 18.556969 -29.533108
v 118.859795 19.891348 -36.095997
v 118.859795 21.992081 -42.658890
v 118.859795 24.527771 -49.221828
v 118.859795 25.269417 -55.784721
v 118.859795 24.429161 -62.347614
v 118.859795 21.702572 -68.910545
v 118.859795 19.520590 -75.473442
v 118.859795 18.257019 -82.036331
v 118.859795 17.742247 -88.599274
v 118.859795 18.175678 -95.162155
v 118.859795 17.134041 -101.725052
v 118.859795 14.091710 -108.287994
v 118.859795 11.461658 -114.850891
v 118.859795 9.502720 -121.413773
v 118.859795 7.741745 -127.976715
v 118.859795 6.070331 -134.539612
v 118.859795 4.586947 -141.102493
v 118.859795 3.300095 -147.665436
v 118.859795 2.096520 -154.228333
v 118.859795 0.895994 -160.791275
v 118.859795 0.096151 -167.354156
v 118.859795 -0.000013 -173.917053
v 118.859795 -0.000014 -180.479996
v 118.859795 -0.000014 -187.042877
v 118.859795 -0.000015 -193.605774
v 123.917648 -0.036982 193.605774
v 123.917648 -0.100584 187.042831
v 123.917503 -0.134394 180.479797
v 123.917183 -0.152639 173.916550
v 123.916580 -0.159106 167.353058
v 123.915611 -0.077723 160.789185
v 123.914543 0.272892 154.225510
v 123.914177 1.022112 147.662613
v 123.914322 2.202175 141.100189
v 123.914177 3.615813 134.537521
v 123.913994 5.044277 127.974632
v 123.914040 6.440779 121.411880
v 123.913902 7.375352 114.849083
v 123.913345 7.815619 108.286476
v 123.913673 8.433618 101.724319
v 123.915657 8.637445 95.162117
v 123.917320 7.872475 88.599365
v 123.917648 7.214846 82.036377
v 123.917648 6.560634 75.473442
v 123.913025 5.124964 68.914619
v 123.847481 2.467521 62.413891
v 122.989403 -3.015813 56.540543
v 122.273758 -6.046596 50.400181
v 122.639107 -5.616168 43.323814
v 123.353218 -3.309526 36.071655
v 123.470718 -1.032768 29.455927
v 123.683563 2.653379 22.953911
v 123.858986 5.387817 16.405058
v 123.914833 7.782910 9.844291
v 123.917648 10.986712 3.281445
v 123.917648 13.358018 -3.281447
v 123.917648 14.519607 -9.844385
v 123.917648 14.439378 -16.407278
v 123.917648 14.941351 -22.970169
v 123.917648 15.654312 -29.533108
v 123.917648 16.307831 -36.095997
v 123.917648 17.653940 -42.658890
v 123.917648 20.330135 -49.221828
v 123.917648 22.332674 -55.784718
v 123.917648 20.944946 -62.347614
v 123.917648 17.947142 -68.910545
v 123.917648 15.735647 -75.473442
v 123.917648 14.366026 -82.036331
v 123.917648 14.010422 -88.599274
v 123.917648 14.278912 -95.162155
v 123.917648 13.877028 -101.725052
v 123.917648 11.588398 -108.287994
v 123.917648 9.034649 -114.850891
v 123.917648 7.132523 -121.413773
v 123.917648 5.574638 -127.976715
v 123.917648 4.222984 -134.539612
v 123.917648 2.893685 -141.102493
v 123.917648 1.768399 -147.665436
v 123.917648 0.813687 -154.228333
v 123.917648 0.137906 -160.791275
v 123.917648 -0.000013 -167.354156
v 123.917648 -0.000013 -173.917053
v 123.917648 -0.000014 -180.479996
v 123.917648 -0.000014 -187.042877
v 123.917648 -0.000015 -193.605774
v 128.975494 -0.624728 193.605774
v 128.974564 -1.071692 187.041901
v 128.973221 -1.236123 180.477676
v 128.970963 -1.265961 173.912521
v 128.967041 -1.234508 167.345978
v 128.960892 -1.116127 160.777740
v 128.952530 -0.825650 154.208374
v 128.942886 -0.295594 147.639389
v 128.932266 0.471639 141.071732
v 128.921036 1.379700 134.505051
v 128.910873 2.331917 127.938744
v 128.903763 3.249308 121.373405
v 128.900803 3.973540 114.810333
v 128.903259 4.469416 108.251877
v 128.913223 4.868159 101.699242
v 128.931885 5.008155 95.151123
v 128.955124 4.715137 88.604073
v 128.968658 4.198336 82.054298
v 128.955444 3.386299 75.505684
v 128.883118 1.399649 68.996597
v 128.651672 -2.500074 62.793144
v 128.094818 -6.105855 56.722984
v 127.946190 -7.209570 50.024624
v 128.377167 -5.542728 42.884197
v 128.664825 -2.202023 36.096550
v 128.764175 0.576663 29.515602
v 128.871750 2.503129 22.965504
v 128.954346 4.309368 16.406353
v 128.975220 6.213617 9.844338
v 128.975449 8.901081 3.281445
v 128.975494 9.911911 -3.281446
v 128.975540 10.509401 -9.844385
v 128.975540 10.764823 -16.407276
v 128.975540 11.237236 -22.970167
v 128.975540 11.354230 -29.533106
v 128.975540 11.522909 -36.095997
v 128.975540 12.301044 -42.658890
v 128.975540 14.204784 -49.221828
v 128.975540 15.894675 -55.784718
v 128.975540 15.188271 -62.347614
v 128.975540 13.326467 -68.910545
v 128.975540 11.258802 -75.473442
v 128.975540 9.977724 -82.036331
v 128.975540 9.590712 -88.599274
v 128.975540 9.669369 -95.162155
v 128.975540 9.186008 -101.725052
v 128.975540 7.932967 -108.287994
v 128.975540 6.243999 -114.850891
v 128.975540 4.690780 -121.413773
v 128.975540 3.408639 -127.976715
v 128.975540 2.307556 -134.539612
v 128.975540 1.289289 -141.102493
v 128.975540 0.544780 -147.665436
v 128.975540 0.081511 -154.228333
v 128.975540 -0.000012 -160.791275
v 128.975540 -0.000013 -167.354156
v 128.975540 -0.000013 -173.917053
v 128.975540 -0.000014 -180.479996
v 128.975540 -0.000014 -187.042877
v 128.975540 -0.000015 -193.605774
v 134.033340 -1.218340 193.605743
v 134.031815 -1.782576 187.041306
v 134.029633 -2.016151 180.476349
v 134.026230 -2.042340 173.910172
v 134.020538 -1.993889 167.342102
v 134.011673 -1.875463 160.771500
v 133.999115 -1.656485 154.198822
v 133.982986 -1.305593 147.624893
v 133.964691 -0.825928 141.051834
v 133.944931 -0.257628 134.479889
v 133.926590 0.341202 127.908958
v 133.913300 0.920495 121.338768
v 133.907928 1.414201 114.770653
v 133.913895 1.802090 108.207993
v 133.932129 2.095985 101.654808
v 133.962753 2.236074 95.113022
v 134.000397 2.107347 88.581161
v 134.032684 1.666433 82.056839
v 134.036896 0.741882 75.543098
v 133.987976 -0.993366 69.043800
v 133.856522 -3.768912 62.670513
v 133.591263 -6.543581 56.436668
v 133.725067 -6.584088 49.468060
v 133.845856 -4.121377 42.733902
v 133.898102 -1.289343 36.076042
v 133.933670 0.459529 29.502253
v 133.971771 1.672156 22.948645
v 133.994034 2.831712 16.390232
v 133.995972 4.110065 9.828957
v 134.000778 5.504118 3.269483
v 134.016342 6.285993 -3.287266
v 134.030472 6.633743 -9.845308
v 134.033386 6.777481 -16.407276
v 134.033386 7.019092 -22.970167
v 134.033386 6.949347 -29.533106
v 134.033386 6.894429 -36.095997
v 134.033386 7.195298 -42.658890
v 134.033386 8.115830 -49.221828
v 134.033386 8.799740 -55.784718
v 134.033386 8.637387 -62.347614
v 134.033386 7.926364 -68.910545
v 134.033386 6.802603 -75.473442
v 134.033386 5.944055 -82.036331
v 134.033386 5.392105 -88.599274
v 134.033386 5.145136 -95.162155
v 134.033386 4.697155 -101.725052
v 134.033386 3.956110 -108.287994
v 134.033386 3.028233 -114.850891
v 134.033386 2.116430 -121.413773
v 134.033386 1.356771 -127.976715
v 134.033386 0.691290 -134.539612
v 134.033386 0.227282 -141.102493
v 134.033386 0.005531 -147.665436
v 134.033386 -0.000012 -154.228333
v 134.033386 -0.000012 -160.791275
v 134.033386 -0.000013 -167.354156
v 134.033386 -0.000013 -173.917053
v 134.033386 -0.000014 -180.479996
v 134.033386 -0.000014 -187.042877
v 134.033386 -0.000015 -193.605774
v 139.091232 -1.294458 193.605743
v 139.089569 -1.862528 187.041260
v 139.087357 -2.165847 180.476196
v 139.083786 -2.174207 173.909943
v 139.077972 -2.127974 167.341690
v 139.068634 -2.037307 160.770767
v 139.055206 -1.901975 154.197281
v 139.037567 -1.704613 147.621964
v 139.017242 -1.447299 141.046936
v 138.995712 -1.131741 134.472672
v 138.976089 -0.792165 127.898933
v 138.962555 -0.457162 121.324402
v 138.959549 -0.152921 114.749313
v 138.971603 0.122546 108.176537
v 139.000336 0.382169 101.612495
v 139.042908 0.570155 95.063095
v 139.092255 0.578930 88.530907
v 139.135666 0.283741 82.013420
v 139.157608 -0.423171 75.510811
v 139.142303 -1.636076 69.012299
v 139.100327 -3.194284 62.503170
v 139.070221 -4.521874 55.952057
v 139.065140 -4.887501 49.335083
v 139.069244 -3.989001 42.670528
v 139.059967 -2.453380 36.021866
v 139.033737 -1.155490 29.434725
v 139.008224 -0.173990 22.884073
v 138.990997 0.683357 16.338085
v 138.979218 1.538024 9.788681
v 138.983932 2.380960 3.238029
v 139.013214 2.996926 -3.309483
v 139.061859 3.359319 -9.854176
v 139.089386 3.501070 -16.407877
v 139.091232 3.535526 -22.970167
v 139.091232 3.441717 -29.533106
v 139.091232 3.383335 -36.095997
v 139.091232 3.438621 -42.658890
v 139.091232 3.625037 -49.221828
v 139.091232 3.722355 -55.784718
v 139.091232 3.642910 -62.347614
v 139.091232 3.392385 -68.910545
v 139.091232 2.972071 -75.473442
v 139.091232 2.591433 -82.036331
v 139.091232 2.241741 -88.599274
v 139.091232 1.945997 -95.162155
v 139.091232 1.568408 -101.725052
v 139.091232 1.182643 -108.287994
v 139.091232 0.811288 -114.850891
v 139.091232 0.432452 -121.413773
v 139.091232 0.150148 -127.976715
v 139.091232 0.006780 -134.539612
v 139.091232 -0.000011 -141.102493
v 139.091232 -0.000011 -147.665436
v 139.091232 -0.000012 -154.228333
v 139.091232 -0.000012 -160.791275
v 139.091232 -0.000013 -167.354156
v 139.091232 -0.000013 -173.917053
v 139.091232 -0.000014 -180.479996
v 139.091232 -0.000014 -187.042877
v 139.091232 -0.000015 -193.605774
v 144.149078 -1.022132 193.605743
v 144.147964 -1.495147 187.041733
v 144.146347 -1.634959 180.477264
v 144.143768 -1.641287 173.911880
v 144.139297 -1.598148 167.344833
v 144.131943 -1.549281 160.775528
v 144.120895 -1.498059 154.203888
v 144.106171 -1.444019 147.630615
v 144.089218 -1.366747 141.057373
v 144.072037 -1.251045 134.484589
v 144.057251 -1.107908 127.910759
v 144.048843 -0.970406 121.333176
v 144.052261 -0.833274 114.749779
v 144.074295 -0.646304 108.160515
v 144.117813 -0.354580 101.573097
v 144.175690 -0.035696 95.000832
v 144.235168 0.135800 88.453178
v 144.282333 0.038758 81.929596
v 144.307144 -0.398230 75.426979
v 144.302841 -1.166618 68.928467
v 144.280426 -2.146087 62.416801
v 144.265564 -3.079183 55.866470
v 144.257843 -3.608178 49.261044
v 144.235764 -3.526472 42.616302
v 144.186066 -3.023436 35.979141
v 144.122009 -2.413058 29.388859
v 144.059479 -1.775937 22.838440
v 144.018326 -1.145283 16.300673
v 143.998276 -0.532966 9.760876
v 144.002701 0.068590 3.218768
v 144.036850 0.608946 -3.323108
v 144.093979 0.994479 -9.862952
v 144.143402 1.052260 -16.409124
v 144.149124 1.025794 -22.970167
v 144.149124 0.983993 -29.533106
v 144.149124 0.978496 -36.095997
v 144.149124 0.958588 -42.658890
v 144.149124 0.915032 -49.221828
v 144.149124 0.854202 -55.784718
v 144.149124 0.773372 -62.347614
v 144.149124 0.674667 -68.910545
v 144.149124 0.579611 -75.473442
v 144.149124 0.480629 -82.036331
v 144.149124 0.376705 -88.599274
v 144.149124 0.257492 -95.162155
v 144.149124 0.138188 -101.725052
v 144.149124 0.047473 -108.287994
v 144.149124 0.001285 -114.850891
v 144.149124 -0.000009 -121.413773
v 144.149124 -0.000010 -127.976715
v 144.149124 -0.000010 -134.539612
v 144.149124 -0.000011 -141.102493
v 144.149124 -0.000011 -147.665436
v 144.149124 -0.000012 -154.228333
v 144.149124 -0.000012 -160.791275
v 144.149124 -0.000013 -167.354156
v 144.149124 -0.000013 -173.917053
v 144.149124 -0.000014 -180.479996
v 144.149124 -0.000014 -187.042877
v 144.149124 -0.000015 -193.605774
v 149.206970 -0.287415 193.605774
v 149.206741 -0.548148 187.042648
v 149.206375 -0.604729 180.479294
v 149.205643 -0.567687 173.915619
v 149.204056 -0.534016 167.351166
v 149.201248 -0.524132 160.785721
v 149.196259 -0.559190 154.218903
v 149.188782 -0.638496 147.650848
v 149.179901 -0.712490 141.082489
v 149.171921 -0.747870 134.513977
v 149.166321 -0.769302 127.943039
v 149.166000 -0.806253 121.365318
v 149.176575 -0.852627 114.772865
v 149.210297 -0.746210 108.158348
v 149.274872 -0.313703 101.529129
v 149.351868 0.230949 94.915375
v 149.416489 0.584381 88.342232
v 149.457214 0.666226 81.809044
v 149.469452 0.482812 75.302818
v 149.457687 0.095800 68.806305
v 149.439896 -0.459892 62.301235
v 149.431030 -1.185233 55.763657
v 149.413757 -1.962536 49.177212
v 149.360870 -2.601644 42.559814
v 149.276428 -3.017200 35.947227
v 149.187393 -3.140801 29.368721
v 149.109467 -2.917619 22.823011
v 149.061935 -2.504235 16.290005
v 149.044525 -2.063460 9.755380
v 149.057266 -1.587121 3.217752
v 149.100327 -1.017020 -3.320844
v 149.161285 -0.406365 -9.859718
v 149.203186 -0.032980 -16.408524
v 149.206970 -0.000002 -22.970167
v 149.206970 -0.000002 -29.533106
v 149.206970 -0.000003 -36.095997
v 149.206970 -0.000003 -42.658890
v 149.206970 -0.000004 -49.221828
v 149.206970 -0.000004 -55.784718
v 149.206970 -0.000005 -62.347614
v 149.206970 -0.000005 -68.910545
v 149.206970 -0.000006 -75.473442
v 149.206970 -0.000006 -82.036331
v 149.206970 -0.000007 -88.599274
v 149.206970 -0.000007 -95.162155
v 149.206970 -0.000008 -101.725052
v 149.206970 -0.000008 -108.287994
v 149.206970 -0.000009 -114.850891
v 149.206970 -0.000009 -121.413773
v 149.206970 -0.000010 -127.976715
v 149.206970 -0.000010 -134.539612
v 149.206970 -0.000011 -141.102493
v 149.206970 -0.000011 -147.665436
v 149.206970 -0.000012 -154.228333
v 149.206970 -0.000012 -160.791275
v 149.206970 -0.000013 -167.354156
v 149.206970 -0.000013 -173.917053
v 149.206970 -0.000014 -180.479996
v 149.206970 -0.000014 -187.042877
v 149.206970 -0.000015 -193.605774
vn -0.0528 0.9985 -0.0127
vn -0.0323 0.9995 -0.0067
vn -0.0108 0.9999 -0.0006
vn -0.0078 1.0000 -0.0014
vn -0.0022 1.0000 -0.0006
vn -0.0000 1.0000 -0.0000
vn -0.0001 1.0000 -0.0000
vn -0.0032 1.0000 0.0009
vn -0.0083 1.0000 0.0012
vn -0.0130 0.9999 0.0010
vn -0.0173 0.9998 0.0010
vn -0.0219 0.9998 0.0011
vn -0.0278 0.9996 0.0014
vn -0.0361 0.9993 0.0020
vn -0.0467 0.9989 0.0025
vn -0.0550 0.9985 0.0017
vn -0.0615 0.9981 0.0014
vn -0.0709 0.9975 0.0023
vn -0.0842 0.9964 0.0032
vn -0.0928 0.9957 0.0016
vn -0.0947 0.9955 0.0001
vn -0.0979 0.9952 0.0009
vn -0.1011 0.9949 -0.0005
vn -0.0945 0.9955 -0.0021
vn -0.0870 0.9962 -0.0003
vn -0.0859 0.9963 -0.0000
vn -0.0878 0.9961 0.0006
vn -0.0966 0.9953 0.0023
vn -0.1022 0.9948 0.0009
vn -0.1027 0.9947 -0.0000
vn -0.1073 0.9942 0.0013
vn -0.1186 0.9929 0.0029
vn -0.1214 0.9926 -0.0007
vn -0.1180 0.9930 -0.0002
vn -0.1171 0.9931 -0.0002
vn -0.1135 0.9935 -0.0033
vn -0.0967 0.9953 -0.0059
vn -0.0706 0.9975 -0.0059
vn -0.0448 0.9990 -0.0053
vn -0.0225 0.9997 -0.0038
vn -0.0072 1.0000 -0.0020
vn -0.0003 1.0000 -0.0000
vn -0.0001 1.0000 -0.0001
vn -0.1319 0.9911 -0.0176
vn -0.1176 0.9927 -0.0263
vn -0.0726 0.9973 -0.0113
vn -0.0536 0.9985 -0.0080
vn -0.0282 0.9996 -0.0087
vn -0.0046 1.0000 -0.0020
vn -0.0003 1.0000 0.0001
vn -0.0072 1.0000 0.0019
vn -0.0197 0.9998 0.0031
vn -0.0329 0.9995 0.0039
vn -0.0433 0.9990 0.0046
vn -0.0470 0.9989 0.0032
vn -0.0458 0.9989 0.0020
vn -0.0448 0.9990 0.0023
vn -0.0475 0.9989 0.0038
vn -0.0569 0.9984 0.0064
vn -0.0730 0.9973 0.0093
vn -0.0909 0.9958 0.0092
vn -0.1013 0.9948 0.0058
vn -0.1081 0.9941 0.0058
vn -0.1197 0.9928 0.0094
vn -0.1385 0.9903 0.0106
vn -0.1559 0.9878 0.0063
vn -0.1649 0.9863 0.0028
vn -0.1749 0.9846 0.0048
vn -0.1834 0.9830 -0.0004
vn -0.1764 0.9843 -0.0069
vn -0.1673 0.9859 -0.0030
vn -0.1691 0.9856 0.0012
vn -0.1812 0.9834 0.0065
vn -0.1998 0.9798 0.0086
vn -0.2039 0.9790 0.0013
vn -0.2065 0.9784 0.0022
vn -0.2238 0.9746 0.0096
vn -0.2418 0.9703 0.0080
vn -0.2444 0.9697 -0.0014
vn -0.2422 0.9702 -0.0015
vn -0.2464 0.9692 0.0010
vn -0.2542 0.9671 -0.0039
vn -0.2454 0.9693 -0.0178
vn -0.2154 0.9763 -0.0223
vn -0.1790 0.9836 -0.0221
vn -0.1414 0.9898 -0.0189
vn -0.1064 0.9942 -0.0139
vn -0.0741 0.9972 -0.0096
vn -0.0416 0.9991 -0.0069
vn -0.0142 0.9999 -0.0038
vn -0.0008 1.0000 -0.0000
vn -0.0002 1.0000 -0.0002
vn -0.1910 0.9815 0.0168
vn -0.2303 0.9722 -0.0419
vn -0.2060 0.9773 -0.0488
vn -0.1639 0.9861 -0.0273
vn -0.1304 0.9902 -0.0502
vn -0.0451 0.9986 -0.0285
vn -0.0031 1.0000 -0.0035
vn -0.0002 1.0000 -0.0000
vn -0.0104 0.9999 0.0031
vn -0.0360 0.9993 0.0109
vn -0.0708 0.9973 0.0196
vn -0.0985 0.9949 0.0199
vn -0.1192 0.9927 0.0171
vn -0.1196 0.9928 0.0052
vn -0.1077 0.9942 -0.0006
vn -0.0961 0.9954 -0.0037
vn -0.0863 0.9963 0.0018
vn -0.0886 0.9960 0.0090
vn -0.1052 0.9942 0.0207
vn -0.1354 0.9904 0.0288
vn -0.1565 0.9874 0.0216
vn -0.1650 0.9862 0.0115
vn -0.1752 0.9844 0.0141
vn -0.1913 0.9812 0.0244
vn -0.2146 0.9763 0.0296
vn -0.2497 0.9680 0.0244
vn -0.2809 0.9596 0.0174
vn -0.3126 0.9497 0.0200
vn -0.3355 0.9420 0.0070
vn -0.3442 0.9388 -0.0141
vn -0.3386 0.9409 -0.0051
vn -0.3519 0.9360 0.0130
vn -0.3690 0.9291 0.0231
vn -0.3870 0.9219 0.0184
vn -0.3880 0.9217 0.0022
vn -0.3990 0.9168 0.0158
vn -0.4272 0.9036 0.0308
vn -0.4531 0.8913 0.0190
vn -0.4612 0.8873 -0.0001
vn -0.4667 0.8844 0.0028
vn -0.4843 0.8748 0.0136
vn -0.5011 0.8654 0.0032
vn -0.4992 0.8659 -0.0314
vn -0.4710 0.8805 -0.0541
vn -0.4208 0.9053 -0.0580
vn -0.3703 0.9274 -0.0537
vn -0.3260 0.9441 -0.0481
vn -0.2797 0.9589 -0.0480
vn -0.2196 0.9743 -0.0495
vn -0.1464 0.9883 -0.0416
vn -0.0727 0.9971 -0.0216
vn -0.0211 0.9998 -0.0064
vn -0.0005 1.0000 -0.0001
vn -0.0746 0.9939 0.0818
vn -0.1470 0.9890 0.0170
vn -0.2148 0.9743 -0.0681
vn -0.1978 0.9793 -0.0434
vn -0.2054 0.9745 -0.0898
vn -0.1360 0.9845 -0.1107
vn -0.0243 0.9993 -0.0279
vn -0.0185 0.9998 0.0063
vn -0.0635 0.9974 0.0329
vn -0.1228 0.9913 0.0481
vn -0.1701 0.9843 0.0478
vn -0.1881 0.9815 0.0342
vn -0.1867 0.9823 0.0156
vn -0.1678 0.9858 -0.0074
vn -0.1473 0.9890 -0.0121
vn -0.1357 0.9907 -0.0134
vn -0.1273 0.9919 -0.0034
vn -0.1313 0.9912 0.0174
vn -0.1551 0.9870 0.0430
vn -0.1951 0.9794 0.0523
vn -0.2230 0.9743 0.0329
vn -0.2276 0.9736 0.0168
vn -0.2315 0.9726 0.0234
vn -0.2407 0.9699 0.0378
vn -0.2709 0.9608 0.0580
vn -0.3288 0.9423 0.0631
vn -0.3902 0.9190 0.0568
vn -0.4453 0.8940 0.0505
vn -0.4839 0.8746 0.0302
vn -0.5148 0.8573 -0.0008
vn -0.5383 0.8427 0.0076
vn -0.5733 0.8187 0.0317
vn -0.5842 0.8111 0.0302
vn -0.5871 0.8094 0.0134
vn -0.5646 0.8254 0.0024
vn -0.5610 0.8272 0.0329
vn -0.5801 0.8127 0.0548
vn -0.6041 0.7960 0.0372
vn -0.6194 0.7850 0.0109
vn -0.6318 0.7749 0.0188
vn -0.6515 0.7579 0.0336
vn -0.6770 0.7358 0.0174
vn -0.6773 0.7345 -0.0421
vn -0.6478 0.7567 -0.0878
vn -0.5989 0.7936 -0.1070
vn -0.5432 0.8344 -0.0938
vn -0.4999 0.8625 -0.0792
vn -0.4658 0.8811 -0.0821
vn -0.4236 0.9003 -0.0999
vn -0.3528 0.9291 -0.1107
vn -0.2526 0.9628 -0.0965
vn -0.1432 0.9876 -0.0636
vn -0.0520 0.9983 -0.0256
vn -0.0059 1.0000 -0.0020
vn 0.0606 0.9910 0.1190
vn 0.0318 0.9969 0.0725
vn -0.1134 0.9935 0.0102
vn -0.2180 0.9751 -0.0397
vn 0.0548 0.9848 -0.1648
vn 0.0984 0.9836 -0.1513
vn 0.0985 0.9927 -0.0700
vn 0.0413 0.9974 0.0598
vn -0.0965 0.9923 0.0771
vn -0.1665 0.9814 0.0961
vn -0.2162 0.9738 0.0706
vn -0.2234 0.9741 0.0340
vn -0.2129 0.9771 0.0014
vn -0.2004 0.9795 -0.0218
vn -0.1897 0.9815 -0.0239
vn -0.1893 0.9818 -0.0155
vn -0.1959 0.9806 -0.0022
vn -0.2098 0.9772 0.0318
vn -0.2351 0.9694 0.0708
vn -0.2630 0.9615 0.0795
vn -0.2986 0.9532 0.0480
vn -0.2978 0.9545 0.0129
vn -0.2888 0.9571 0.0223
vn -0.3074 0.9498 0.0576
vn -0.3689 0.9234 0.1066
vn -0.4511 0.8839 0.1233
vn -0.5272 0.8419 0.1153
vn -0.5825 0.8069 0.0979
vn -0.6353 0.7689 0.0718
vn -0.6842 0.7280 0.0442
vn -0.7258 0.6856 0.0565
vn -0.7615 0.6457 0.0567
vn -0.7658 0.6424 0.0286
vn -0.7677 0.6407 -0.0150
vn -0.7319 0.6801 -0.0413
vn -0.6987 0.7150 0.0247
vn -0.6982 0.7129 0.0648
vn -0.7145 0.6973 0.0568
vn -0.7370 0.6751 0.0319
vn -0.7424 0.6692 0.0325
vn -0.7468 0.6621 0.0628
vn -0.7503 0.6604 0.0317
vn -0.7385 0.6717 -0.0583
vn -0.7270 0.6749 -0.1269
vn -0.6974 0.6989 -0.1589
vn -0.6477 0.7467 -0.1513
vn -0.5888 0.7990 -0.1222
vn -0.5432 0.8326 -0.1081
vn -0.5136 0.8469 -0.1378
vn -0.4599 0.8707 -0.1745
vn -0.3785 0.9084 -0.1776
vn -0.2810 0.9477 -0.1514
vn -0.1703 0.9798 -0.1048
vn -0.0650 0.9969 -0.0437
vn -0.0089 0.9999 -0.0061
vn 0.1997 0.9647 0.1720
vn 0.1346 0.9796 0.1495
vn 0.0302 0.9902 0.1366
vn -0.1047 0.9837 -0.1459
vn 0.0815 0.9360 -0.3424
vn 0.1351 0.9861 -0.0963
vn 0.1357 0.9901 -0.0371
vn 0.1670 0.9763 0.1373
vn 0.0945 0.9765 0.1937
vn -0.0315 0.9890 0.1448
vn -0.1964 0.9717 0.1314
vn -0.2578 0.9656 0.0346
vn -0.2545 0.9671 -0.0062
vn -0.2464 0.9689 -0.0243
vn -0.2481 0.9685 -0.0217
vn -0.2679 0.9634 -0.0041
vn -0.3000 0.9538 0.0144
vn -0.3158 0.9478 0.0448
vn -0.3271 0.9414 0.0828
vn -0.3511 0.9306 0.1030
vn -0.3693 0.9276 0.0564
vn -0.3682 0.9297 0.0035
vn -0.3536 0.9350 0.0285
vn -0.3941 0.9130 0.1052
vn -0.4909 0.8514 0.1849
vn -0.5898 0.7835 0.1958
vn -0.6529 0.7400 0.1614
vn -0.6893 0.7105 0.1417
vn -0.7425 0.6550 0.1406
vn -0.7897 0.6033 0.1118
vn -0.8062 0.5824 0.1042
vn -0.8138 0.5764 0.0738
vn -0.8242 0.5652 0.0345
vn -0.8246 0.5647 -0.0353
vn -0.8098 0.5777 -0.1026
vn -0.7881 0.6151 -0.0210
vn -0.7781 0.6248 0.0645
vn -0.7911 0.6054 0.0877
vn -0.8063 0.5900 0.0421
vn -0.7927 0.6096 0.0065
vn -0.7715 0.6345 0.0463
vn -0.7475 0.6641 -0.0106
vn -0.7315 0.6791 -0.0610
vn -0.7403 0.6609 -0.1228
vn -0.7282 0.6586 -0.1898
vn -0.6892 0.6913 -0.2173
vn -0.6340 0.7478 -0.1974
vn -0.5706 0.8062 -0.1564
vn -0.5251 0.8339 -0.1699
vn -0.4806 0.8469 -0.2275
vn -0.4118 0.8768 -0.2481
vn -0.3247 0.9178 -0.2284
vn -0.2336 0.9545 -0.1854
vn -0.1431 0.9824 -0.1197
vn -0.0559 0.9973 -0.0480
vn -0.0063 1.0000 -0.0063
vn 0.2031 0.9573 0.2059
vn 0.2858 0.9423 0.1743
vn 0.3952 0.9001 0.1834
vn 0.2777 0.9593 -0.0509
vn -0.1885 0.9589 -0.2121
vn -0.3302 0.9331 -0.1421
vn -0.3030 0.9494 -0.0820
vn -0.1435 0.9894 0.0237
vn -0.0246 0.9736 0.2270
vn -0.0104 0.9608 0.2772
vn -0.0906 0.9693 0.2285
vn -0.2699 0.9571 0.1055
vn -0.3501 0.9367 -0.0051
vn -0.3486 0.9369 -0.0244
vn -0.3612 0.9324 -0.0097
vn -0.3990 0.9165 0.0288
vn -0.4463 0.8940 0.0401
vn -0.4565 0.8884 0.0483
vn -0.4705 0.8772 0.0957
vn -0.5087 0.8530 0.1165
vn -0.5098 0.8588 0.0508
vn -0.4959 0.8682 -0.0202
vn -0.4449 0.8949 0.0349
vn -0.4675 0.8670 0.1728
vn -0.5542 0.7801 0.2904
vn -0.6500 0.7087 0.2742
vn -0.6950 0.6924 0.1939
vn -0.7180 0.6665 0.2008
vn -0.7533 0.6201 0.2191
vn -0.7894 0.5980 0.1389
vn -0.7890 0.6068 0.0964
vn -0.7909 0.6037 0.1003
vn -0.7767 0.6294 0.0268
vn -0.7507 0.6596 -0.0374
vn -0.7858 0.6096 -0.1045
vn -0.8104 0.5843 -0.0442
vn -0.8248 0.5599 0.0785
vn -0.8389 0.5341 0.1045
vn -0.8533 0.5202 0.0359
vn -0.8405 0.5400 -0.0441
vn -0.8017 0.5967 -0.0343
vn -0.7482 0.6609 -0.0581
vn -0.7228 0.6886 -0.0583
vn -0.7119 0.6940 -0.1071
vn -0.6940 0.6838 -0.2251
vn -0.6644 0.6927 -0.2806
vn -0.6307 0.7268 -0.2720
vn -0.5751 0.7839 -0.2337
vn -0.5064 0.8352 -0.2146
vn -0.4639 0.8430 -0.2721
vn -0.4074 0.8583 -0.3119
vn -0.3313 0.8940 -0.3017
vn -0.2459 0.9361 -0.2515
vn -0.1730 0.9683 -0.1802
vn -0.1052 0.9886 -0.1079
vn -0.0355 0.9986 -0.0390
vn -0.0015 1.0000 -0.0030
vn 0.1392 0.9893 0.0437
vn 0.4342 0.8969 -0.0835
vn 0.5885 0.8068 0.0528
vn 0.5734 0.7862 0.2303
vn 0.2306 0.9539 0.1922
vn 0.0894 0.9909 -0.1007
vn 0.0279 0.9903 -0.1363
vn -0.1516 0.9877 0.0375
vn -0.4330 0.8764 0.2109
vn -0.3135 0.9332 0.1756
vn -0.1764 0.9397 0.2931
vn -0.2188 0.9483 0.2301
vn -0.3275 0.9435 0.0505
vn -0.4651 0.8851 0.0158
vn -0.5161 0.8563 0.0207
vn -0.5651 0.8215 0.0756
vn -0.6131 0.7873 0.0663
vn -0.6246 0.7791 0.0535
vn -0.6408 0.7585 0.1181
vn -0.6744 0.7287 0.1194
vn -0.6520 0.7581 0.0135
vn -0.6027 0.7943 -0.0762
vn -0.5388 0.8425 -0.0020
vn -0.5096 0.8340 0.2115
vn -0.5069 0.7734 0.3806
vn -0.5425 0.7636 0.3501
vn -0.5991 0.7628 0.2436
vn -0.6091 0.7460 0.2693
vn -0.5976 0.7366 0.3167
vn -0.6251 0.7577 0.1872
vn -0.6746 0.7286 0.1184
vn -0.6795 0.7276 0.0936
vn -0.6806 0.7321 -0.0299
vn -0.6870 0.7258 -0.0362
vn -0.7402 0.6724 -0.0022
vn -0.8167 0.5733 0.0661
vn -0.8557 0.4987 0.1381
vn -0.8663 0.4838 0.1239
vn -0.8759 0.4815 0.0309
vn -0.8471 0.5170 -0.1225
vn -0.7920 0.5893 -0.1596
vn -0.7358 0.6562 -0.1671
vn -0.6744 0.7259 -0.1352
vn -0.6241 0.7671 -0.1488
vn -0.6028 0.7550 -0.2580
vn -0.5889 0.7368 -0.3321
vn -0.5522 0.7623 -0.3377
vn -0.5005 0.8036 -0.3222
vn -0.4333 0.8547 -0.2859
vn -0.3785 0.8703 -0.3153
vn -0.3362 0.8699 -0.3609
vn -0.2999 0.8831 -0.3609
vn -0.2435 0.9183 -0.3121
vn -0.1820 0.9557 -0.2313
vn -0.1253 0.9796 -0.1570
vn -0.0658 0.9941 -0.0860
vn -0.0145 0.9997 -0.0217
vn -0.0000 1.0000 -0.0002
vn 0.0579 0.9552 -0.2901
vn 0.1574 0.9533 -0.2579
vn 0.1525 0.9880 0.0261
vn 0.1984 0.9498 0.2420
vn 0.4336 0.8922 0.1265
vn 0.4511 0.8924 0.0097
vn 0.1826 0.9720 0.1481
vn -0.2700 0.8582 0.4366
vn -0.3461 0.9097 0.2297
vn -0.5022 0.8602 0.0890
vn -0.4619 0.8731 0.1564
vn -0.3091 0.9293 0.2020
vn -0.3419 0.9109 0.2312
vn -0.4651 0.8730 0.1465
vn -0.6352 0.7633 0.1176
vn -0.7212 0.6824 0.1194
vn -0.7571 0.6475 0.0862
vn -0.7620 0.6451 0.0574
vn -0.7636 0.6326 0.1294
vn -0.7723 0.6292 0.0876
vn -0.7403 0.6696 -0.0595
vn -0.6790 0.7201 -0.1428
vn -0.6070 0.7913 -0.0736
vn -0.5363 0.8230 0.1870
vn -0.4536 0.8050 0.3824
vn -0.4437 0.8023 0.3994
vn -0.4843 0.8284 0.2816
vn -0.4716 0.8350 0.2833
vn -0.4291 0.8305 0.3551
vn -0.4641 0.8484 0.2548
vn -0.4916 0.8522 0.1792
vn -0.4702 0.8763 0.1051
vn -0.5814 0.8122 0.0492
vn -0.7015 0.7091 0.0719
vn -0.7732 0.6208 0.1296
vn -0.8010 0.5662 0.1946
vn -0.8149 0.5466 0.1929
vn -0.8126 0.5638 0.1473
vn -0.7376 0.6748 -0.0227
vn -0.6892 0.6606 -0.2977
vn -0.6320 0.6941 -0.3447
vn -0.5611 0.7695 -0.3050
vn -0.5213 0.8208 -0.2337
vn -0.5026 0.8424 -0.1945
vn -0.5010 0.8233 -0.2668
vn -0.4921 0.7857 -0.3748
vn -0.4370 0.8005 -0.4102
vn -0.3831 0.8324 -0.4005
vn -0.3143 0.8774 -0.3625
vn -0.2431 0.9018 -0.3572
vn -0.2346 0.8929 -0.3844
vn -0.2497 0.8897 -0.3822
vn -0.2421 0.9054 -0.3488
vn -0.2018 0.9405 -0.2735
vn -0.1477 0.9686 -0.1998
vn -0.0894 0.9875 -0.1296
vn -0.0344 0.9980 -0.0532
vn -0.0026 1.0000 -0.0062
vn -0.0777 0.9280 -0.3644
vn -0.2150 0.9507 -0.2236
vn -0.2680 0.9631 0.0237
vn -0.1647 0.9830 0.0808
vn 0.0426 0.9989 -0.0217
vn 0.0994 0.9888 0.1111
vn 0.0370 0.9238 0.3810
vn 0.0587 0.8711 0.4877
vn -0.2650 0.8640 0.4281
vn -0.4196 0.8751 0.2412
vn -0.4842 0.8722 0.0692
vn -0.5091 0.8529 0.1154
vn -0.4176 0.8862 0.2006
vn -0.4305 0.8297 0.3553
vn -0.5851 0.7227 0.3680
vn -0.7746 0.5860 0.2378
vn -0.8554 0.5111 0.0841
vn -0.8527 0.5206 0.0420
vn -0.8443 0.5244 0.1101
vn -0.8516 0.5211 0.0561
vn -0.8313 0.5407 -0.1286
vn -0.7623 0.6108 -0.2139
vn -0.7088 0.6873 -0.1589
vn -0.6411 0.7601 0.1059
vn -0.5479 0.7742 0.3169
vn -0.5024 0.7753 0.3827
vn -0.5255 0.8046 0.2767
vn -0.5367 0.8027 0.2599
vn -0.5094 0.7947 0.3301
vn -0.4434 0.8688 0.2205
vn -0.3754 0.9142 0.1525
vn -0.3036 0.9361 0.1774
vn -0.3596 0.9051 0.2271
vn -0.4871 0.8358 0.2535
vn -0.5633 0.7921 0.2351
vn -0.5968 0.7413 0.3070
vn -0.5384 0.8159 0.2109
vn -0.5378 0.8412 0.0569
vn -0.3722 0.9214 -0.1116
vn -0.3681 0.8485 -0.3802
vn -0.3690 0.7998 -0.4735
vn -0.3545 0.8564 -0.3755
vn -0.4114 0.8777 -0.2459
vn -0.4843 0.8568 -0.1769
vn -0.5035 0.8233 -0.2621
vn -0.4490 0.7953 -0.4074
vn -0.3526 0.8045 -0.4780
vn -0.2736 0.8480 -0.4540
vn -0.2424 0.8749 -0.4192
vn -0.2166 0.9004 -0.3772
vn -0.2567 0.8959 -0.3627
vn -0.2977 0.8838 -0.3610
vn -0.3065 0.8827 -0.3562
vn -0.2701 0.9114 -0.3106
vn -0.2015 0.9482 -0.2458
vn -0.1320 0.9752 -0.1779
vn -0.0630 0.9935 -0.0952
vn -0.0107 0.9997 -0.0227
vn -0.2227 0.9528 -0.2062
vn -0.4077 0.9073 -0.1025
vn -0.4076 0.9131 -0.0106
vn -0.3075 0.9512 -0.0273
vn -0.3824 0.9232 -0.0385
vn -0.2802 0.9562 0.0846
vn 0.1324 0.9528 0.2732
vn 0.2973 0.8072 0.5099
vn 0.1269 0.8226 0.5543
vn 0.1751 0.9227 0.3435
vn -0.2694 0.9205 0.2830
vn -0.5062 0.8368 0.2085
vn -0.5955 0.7890 0.1513
vn -0.4785 0.7897 0.3839
vn -0.3842 0.7062 0.5946
vn -0.4601 0.7035 0.5417
vn -0.8051 0.5443 0.2355
vn -0.8884 0.4581 0.0287
vn -0.8839 0.4626 0.0685
vn -0.8713 0.4878 0.0540
vn -0.8545 0.4908 -0.1704
vn -0.8006 0.5160 -0.3045
vn -0.7694 0.5928 -0.2380
vn -0.7310 0.6824 -0.0098
vn -0.6486 0.7255 0.2303
vn -0.6093 0.7131 0.3467
vn -0.6309 0.7287 0.2663
vn -0.6137 0.7555 0.2295
vn -0.5427 0.8055 0.2382
vn -0.3365 0.9392 0.0686
vn -0.1636 0.9838 0.0732
vn 0.0627 0.9946 0.0829
vn 0.1749 0.9419 0.2868
vn 0.0751 0.9221 0.3797
vn -0.0062 0.9394 0.3427
vn -0.0375 0.9280 0.3706
vn -0.0312 0.9624 0.2700
vn -0.1370 0.9905 0.0060
vn -0.1796 0.9716 -0.1539
vn -0.1957 0.9067 -0.3737
vn -0.2756 0.8435 -0.4611
vn -0.3875 0.8591 -0.3345
vn -0.5026 0.8500 -0.1576
vn -0.5836 0.8057 -0.1011
vn -0.5849 0.7693 -0.2571
vn -0.4970 0.7481 -0.4397
vn -0.4130 0.7442 -0.5250
vn -0.3479 0.8074 -0.4765
vn -0.3502 0.8462 -0.4017
vn -0.3961 0.8567 -0.3304
vn -0.4497 0.8387 -0.3071
vn -0.4497 0.8302 -0.3295
vn -0.4152 0.8345 -0.3623
vn -0.3520 0.8667 -0.3534
vn -0.2725 0.9133 -0.3026
vn -0.1933 0.9518 -0.2381
vn -0.1033 0.9829 -0.1522
vn -0.0290 0.9981 -0.0544
vn -0.0015 1.0000 -0.0042
vn -0.3982 0.9172 -0.0123
vn -0.5589 0.8292 -0.0083
vn -0.5260 0.8465 -0.0822
vn -0.4572 0.8886 0.0371
vn -0.4878 0.8729 -0.0071
vn -0.1573 0.9598 -0.2325
vn 0.2143 0.9745 0.0665
vn 0.4595 0.7845 0.4165
vn 0.5787 0.6453 0.4988
vn 0.3706 0.7957 0.4790
vn 0.1573 0.8524 0.4987
vn -0.1595 0.8947 0.4172
vn -0.4953 0.8132 0.3055
vn -0.5581 0.7881 0.2595
vn -0.1534 0.8055 0.5724
vn 0.0565 0.6839 0.7274
vn -0.1395 0.8230 0.5506
vn -0.6899 0.6710 0.2715
vn -0.8218 0.5687 0.0358
vn -0.8099 0.5865 0.0064
vn -0.8181 0.5522 -0.1607
vn -0.7781 0.4945 -0.3873
vn -0.7739 0.5593 -0.2970
vn -0.7793 0.6180 -0.1035
vn -0.7483 0.6418 0.1680
vn -0.7271 0.6224 0.2896
vn -0.6981 0.6894 0.1936
vn -0.5895 0.7958 0.1386
vn -0.4397 0.8956 0.0677
vn -0.2440 0.9633 -0.1123
vn -0.0332 0.9934 -0.1094
vn 0.1525 0.9858 -0.0703
vn 0.2792 0.9341 0.2226
vn 0.3655 0.8538 0.3706
vn 0.3563 0.8601 0.3651
vn 0.3002 0.8808 0.3662
vn 0.2816 0.9103 0.3035
vn 0.2802 0.9531 0.1145
vn 0.1574 0.9838 -0.0853
vn 0.0041 0.9631 -0.2690
vn -0.3113 0.8881 -0.3381
vn -0.5447 0.8163 -0.1923
vn -0.6598 0.7481 -0.0718
vn -0.6424 0.7594 -0.1032
vn -0.5411 0.7937 -0.2779
vn -0.4993 0.7267 -0.4718
vn -0.4850 0.7051 -0.5173
vn -0.5253 0.7244 -0.4465
vn -0.5713 0.7495 -0.3345
vn -0.6139 0.7482 -0.2516
vn -0.6354 0.7291 -0.2541
vn -0.5935 0.7296 -0.3398
vn -0.4959 0.7678 -0.4058
vn -0.3915 0.8230 -0.4116
vn -0.3145 0.8788 -0.3588
vn -0.2493 0.9193 -0.3045
vn -0.1493 0.9629 -0.2248
vn -0.0548 0.9931 -0.1041
vn -0.0040 0.9999 -0.0160
vn -0.3968 0.8941 0.2075
vn -0.4477 0.8899 0.0870
vn -0.5128 0.8435 -0.1596
vn -0.4312 0.9017 -0.0302
vn -0.2460 0.9502 -0.1912
vn 0.0154 0.9262 -0.3767
vn -0.0137 0.9991 0.0409
vn 0.0429 0.9238 0.3805
vn 0.2372 0.8017 0.5486
vn 0.4045 0.7323 0.5478
vn 0.3805 0.7356 0.5604
vn 0.3258 0.7944 0.5127
vn 0.0288 0.9337 0.3569
vn -0.3157 0.9039 0.2886
vn -0.1027 0.9177 0.3837
vn 0.4214 0.6356 0.6469
vn 0.5136 0.4888 0.7052
vn -0.0153 0.8212 0.5705
vn -0.4548 0.8659 0.2083
vn -0.5453 0.8380 0.0211
vn -0.5308 0.8451 -0.0645
vn -0.7005 0.5947 -0.3944
vn -0.7729 0.5431 -0.3281
vn -0.8039 0.5868 -0.0972
vn -0.7866 0.5977 0.1551
vn -0.7124 0.6766 0.1862
vn -0.6472 0.7620 0.0224
vn -0.4833 0.8735 -0.0581
vn -0.2701 0.9610 -0.0589
vn -0.2118 0.9596 -0.1853
vn -0.1994 0.9524 -0.2308
vn -0.1637 0.9767 -0.1387
vn -0.0849 0.9883 0.1267
vn 0.0559 0.9452 0.3217
vn 0.1920 0.9121 0.3622
vn 0.2633 0.8842 0.3859
vn 0.3237 0.9109 0.2559
vn 0.4241 0.9000 0.1009
vn 0.3925 0.9198 -0.0001
vn 0.2084 0.9770 -0.0446
vn -0.1717 0.9837 -0.0528
vn -0.4994 0.8651 0.0470
vn -0.5647 0.8234 -0.0551
vn -0.4144 0.8707 -0.2650
vn -0.2234 0.8870 -0.4040
vn -0.2542 0.8421 -0.4756
vn -0.4264 0.7698 -0.4749
vn -0.5901 0.7064 -0.3908
vn -0.6467 0.7079 -0.2842
vn -0.6678 0.7115 -0.2188
vn -0.6477 0.7143 -0.2652
vn -0.5739 0.7147 -0.3998
vn -0.4850 0.7236 -0.4911
vn -0.3991 0.7808 -0.4806
vn -0.3411 0.8476 -0.4065
vn -0.2834 0.8877 -0.3628
vn -0.1832 0.9352 -0.3032
vn -0.0811 0.9821 -0.1701
vn -0.0106 0.9992 -0.0397
vn -0.0000 1.0000 -0.0001
vn -0.0854 0.9685 0.2337
vn -0.0350 0.9917 0.1235
vn -0.1106 0.9883 -0.1049
vn -0.2431 0.9646 -0.1022
vn -0.3101 0.9289 -0.2024
vn -0.3738 0.8529 -0.3645
vn -0.4093 0.9124 0.0072
vn -0.4536 0.8326 0.3178
vn -0.3464 0.8510 0.3947
vn -0.0142 0.8764 0.4815
vn 0.2578 0.8036 0.5364
vn 0.3932 0.7706 0.5015
vn 0.5237 0.7414 0.4196
vn 0.2491 0.8765 0.4120
vn -0.0450 0.9870 0.1543
vn 0.4541 0.7560 0.4714
vn 0.6661 0.4069 0.6250
vn 0.6554 0.3940 0.6443
vn 0.3470 0.8781 0.3295
vn 0.2836 0.9518 0.1167
vn 0.0269 0.9985 0.0487
vn -0.3273 0.9357 -0.1314
vn -0.7249 0.6170 -0.3062
vn -0.7547 0.6277 -0.1912
vn -0.6338 0.7717 0.0518
vn -0.5618 0.8158 0.1376
vn -0.5773 0.8144 -0.0599
vn -0.4175 0.8637 -0.2823
vn -0.1600 0.9725 -0.1692
vn -0.1915 0.9668 -0.1690
vn -0.4235 0.8965 -0.1301
vn -0.4853 0.8644 -0.1312
vn -0.4568 0.8876 0.0593
vn -0.3401 0.9210 0.1901
vn -0.1705 0.9525 0.2525
vn 0.0104 0.9518 0.3065
vn 0.1935 0.9654 0.1750
vn 0.3252 0.9443 0.0508
vn 0.3541 0.9292 0.1063
vn 0.2383 0.9606 0.1429
vn -0.0606 0.9644 0.2574
vn -0.3100 0.9356 0.1687
vn -0.2662 0.9516 -0.1534
vn -0.0814 0.9010 -0.4261
vn 0.0178 0.8830 -0.4690
vn 0.0388 0.9030 -0.4279
vn -0.0799 0.9286 -0.3624
vn -0.3132 0.9071 -0.2813
vn -0.5006 0.8186 -0.2815
vn -0.5745 0.7815 -0.2433
vn -0.5502 0.7624 -0.3405
vn -0.4346 0.7514 -0.4965
vn -0.3402 0.7519 -0.5647
vn -0.3406 0.7816 -0.5225
vn -0.3545 0.8200 -0.4493
vn -0.2951 0.8601 -0.4161
vn -0.2104 0.9000 -0.3817
vn -0.1030 0.9648 -0.2421
vn -0.0215 0.9970 -0.0743
vn -0.0018 1.0000 -0.0048
vn 0.1482 0.9774 0.1507
vn 0.1954 0.9765 0.0914
vn 0.2015 0.9794 -0.0153
vn 0.0132 0.9988 0.0463
vn -0.2989 0.9540 0.0238
vn -0.5925 0.7603 -0.2662
vn -0.6868 0.7220 -0.0838
vn -0.6733 0.7000 0.2380
vn -0.5988 0.7541 0.2696
vn -0.5158 0.8358 0.1882
vn -0.2213 0.9135 0.3414
vn 0.1467 0.8746 0.4622
vn 0.3522 0.8565 0.3773
vn 0.5920 0.7100 0.3814
vn 0.5157 0.8300 0.2125
vn 0.5396 0.8168 0.2044
vn 0.6882 0.5644 0.4559
vn 0.7829 0.2791 0.5561
vn 0.8739 0.3371 0.3502
vn 0.7832 0.4895 0.3834
vn 0.4806 0.8281 0.2884
vn 0.1788 0.9508 0.2531
vn -0.2869 0.9579 0.0030
vn -0.4659 0.8056 -0.3659
vn -0.3808 0.9159 -0.1272
vn -0.2831 0.9405 0.1876
vn -0.4566 0.8896 0.0087
vn -0.5125 0.7656 -0.3889
vn -0.3950 0.8954 -0.2055
vn -0.5019 0.8645 0.0294
vn -0.6922 0.7182 0.0712
vn -0.7246 0.6794 -0.1160
vn -0.6990 0.7147 -0.0263
vn -0.6200 0.7840 0.0306
vn -0.4884 0.8660 0.1072
vn -0.3139 0.9384 0.1443
vn -0.1455 0.9880 0.0527
vn -0.0456 0.9985 -0.0304
vn 0.0382 0.9960 0.0809
vn 0.1442 0.9729 0.1805
vn 0.2029 0.9004 0.3848
vn 0.0590 0.9673 0.2467
vn -0.1313 0.9796 -0.1522
vn -0.1098 0.8592 -0.4998
vn -0.0381 0.8590 -0.5106
vn 0.0758 0.8951 -0.4394
vn 0.0788 0.9513 -0.2981
vn 0.0660 0.9842 -0.1641
vn -0.1273 0.9825 -0.1357
vn -0.3928 0.9029 -0.1748
vn -0.4848 0.7947 -0.3652
vn -0.4045 0.7211 -0.5625
vn -0.3118 0.7403 -0.5956
vn -0.3054 0.7981 -0.5194
vn -0.3233 0.8230 -0.4671
vn -0.2753 0.8416 -0.4648
vn -0.2114 0.8705 -0.4446
vn -0.1221 0.9401 -0.3184
vn -0.0342 0.9924 -0.1184
vn -0.0046 0.9998 -0.0188
vn 0.2830 0.9539 0.0998
vn 0.3049 0.9492 0.0776
vn 0.2389 0.9689 0.0649
vn 0.0628 0.9723 0.2252
vn -0.1540 0.9334 0.3240
vn -0.4957 0.8606 0.1170
vn -0.7509 0.6568 -0.0683
vn -0.7990 0.5985 0.0588
vn -0.7038 0.6848 0.1892
vn -0.6747 0.7253 0.1364
vn -0.6605 0.7450 0.0936
vn -0.4676 0.8599 0.2046
vn -0.1131 0.9498 0.2917
vn 0.1707 0.9650 0.1989
vn 0.5035 0.8365 0.2164
vn 0.6073 0.7660 0.2111
vn 0.6051 0.7367 0.3019
vn 0.7176 0.5190 0.4645
vn 0.8160 0.3837 0.4324
vn 0.8454 0.3643 0.3906
vn 0.7432 0.3955 0.5397
vn 0.5517 0.7276 0.4076
vn 0.3962 0.8978 0.1926
vn 0.2315 0.9146 -0.3315
vn 0.1424 0.9693 -0.2005
vn 0.0862 0.9631 0.2549
vn -0.0614 0.9827 0.1745
vn -0.5666 0.8146 -0.1238
vn -0.7442 0.6328 -0.2137
vn -0.7211 0.6865 0.0934
vn -0.6499 0.7533 0.1009
vn -0.7441 0.6681 -0.0026
vn -0.8035 0.5919 -0.0633
vn -0.7981 0.5996 -0.0594
vn -0.7419 0.6682 -0.0555
vn -0.6149 0.7881 -0.0280
vn -0.5048 0.8620 -0.0473
vn -0.4118 0.9058 -0.0992
vn -0.2584 0.9657 -0.0245
vn -0.1178 0.9892 0.0871
vn -0.0126 0.9404 0.3399
vn 0.0324 0.9246 0.3796
vn -0.2921 0.9549 0.0528
vn -0.3671 0.7792 -0.5081
vn -0.2059 0.7800 -0.5910
vn 0.0014 0.8724 -0.4889
vn 0.1254 0.9349 -0.3321
vn 0.1958 0.9694 -0.1480
vn 0.1537 0.9879 0.0214
vn -0.0016 0.9991 0.0420
vn -0.2687 0.9248 -0.2695
vn -0.3838 0.7241 -0.5730
vn -0.3734 0.6938 -0.6158
vn -0.3346 0.7664 -0.5483
vn -0.2576 0.8304 -0.4940
vn -0.2127 0.8346 -0.5082
vn -0.1699 0.8559 -0.4884
vn -0.1194 0.9159 -0.3832
vn -0.0412 0.9850 -0.1673
vn -0.0071 0.9991 -0.0423
vn 0.2727 0.9596 0.0700
vn 0.2774 0.9547 0.1073
vn 0.1785 0.9684 0.1742
vn -0.0229 0.9314 0.3632
vn -0.1491 0.8847 0.4416
vn -0.2379 0.9018 0.3607
vn -0.4254 0.8797 0.2126
vn -0.6240 0.7608 0.1783
vn -0.7293 0.6759 0.1057
vn -0.7567 0.6430 0.1182
vn -0.7703 0.6306 0.0945
vn -0.7850 0.6191 0.0218
vn -0.6958 0.7167 -0.0482
vn -0.4347 0.9005 -0.0090
vn -0.1104 0.9935 -0.0279
vn 0.2981 0.9498 0.0953
vn 0.4619 0.8459 0.2665
vn 0.5405 0.7752 0.3269
vn 0.6859 0.5797 0.4398
vn 0.7529 0.5510 0.3598
vn 0.7661 0.3881 0.5123
vn 0.7266 0.3897 0.5658
vn 0.6767 0.6862 0.2667
vn 0.6073 0.7814 -0.1433
vn 0.3127 0.9496 -0.0223
vn 0.0216 0.9320 0.3619
vn -0.1095 0.9091 0.4019
vn -0.4336 0.8352 0.3383
vn -0.7174 0.6963 -0.0228
vn -0.7177 0.6842 -0.1295
vn -0.5484 0.8321 0.0832
vn -0.5343 0.8273 0.1735
vn -0.5689 0.8219 0.0294
vn -0.6697 0.7419 -0.0338
vn -0.7870 0.6095 -0.0954
vn -0.7846 0.5988 -0.1606
vn -0.7075 0.6846 -0.1753
vn -0.5920 0.7786 -0.2080
vn -0.4935 0.8564 -0.1518
vn -0.4052 0.9141 0.0144
vn -0.3472 0.9004 0.2622
vn -0.2882 0.8599 0.4213
vn -0.3319 0.9302 0.1567
vn -0.3246 0.8270 -0.4590
vn -0.1979 0.6990 -0.6872
vn 0.0305 0.8034 -0.5947
vn 0.1665 0.9007 -0.4013
vn 0.2333 0.9589 -0.1613
vn 0.2512 0.9679 0.0037
vn 0.3017 0.9426 0.1431
vn 0.2144 0.9721 -0.0956
vn -0.0800 0.8749 -0.4777
vn -0.2647 0.7165 -0.6454
vn -0.2491 0.7500 -0.6127
vn -0.1700 0.8162 -0.5522
vn -0.1258 0.8351 -0.5355
vn -0.1013 0.8522 -0.5134
vn -0.0774 0.9040 -0.4206
vn -0.0356 0.9767 -0.2115
vn -0.0078 0.9975 -0.0702
vn 0.1474 0.9871 0.0622
vn 0.1444 0.9782 0.1490
vn 0.0418 0.9596 0.2783
vn -0.0599 0.8883 0.4553
vn -0.0683 0.8786 0.4727
vn -0.0839 0.9171 0.3897
vn -0.1948 0.9040 0.3806
vn -0.3493 0.8545 0.3845
vn -0.4706 0.8264 0.3091
vn -0.6141 0.7566 0.2248
vn -0.6867 0.7153 0.1292
vn -0.7467 0.6572 0.1030
vn -0.8235 0.5651 -0.0497
vn -0.8193 0.5292 -0.2207
vn -0.6619 0.6923 -0.2872
vn -0.3396 0.8959 -0.2864
vn -0.0521 0.9955 0.0790
vn 0.1595 0.9501 0.2680
vn 0.4054 0.8781 0.2543
vn 0.6288 0.7044 0.3293
vn 0.6964 0.5911 0.4070
vn 0.6468 0.3223 0.6912
vn 0.6379 0.6180 0.4594
vn 0.4401 0.8847 0.1538
vn 0.0173 0.9603 0.2785
vn -0.2465 0.8385 0.4860
vn -0.1609 0.8701 0.4659
vn -0.1762 0.8750 0.4509
vn -0.0795 0.9904 0.1131
vn -0.0893 0.9192 -0.3835
vn -0.1011 0.9948 0.0155
vn -0.0952 0.9846 0.1468
vn -0.2242 0.9602 0.1664
vn -0.4766 0.8519 0.2171
vn -0.6115 0.7895 0.0519
vn -0.6421 0.7311 -0.2308
vn -0.6044 0.7207 -0.3396
vn -0.4995 0.7998 -0.3328
vn -0.4897 0.8470 -0.2069
vn -0.5816 0.8131 0.0265
vn -0.6478 0.7285 0.2228
vn -0.5830 0.7524 0.3066
vn -0.3198 0.9457 -0.0580
vn 0.0115 0.8796 -0.4755
vn 0.0490 0.6672 -0.7433
vn 0.0419 0.7705 -0.6361
vn 0.0366 0.9049 -0.4240
vn 0.0516 0.9816 -0.1839
vn 0.1026 0.9944 -0.0235
vn 0.2657 0.9638 0.0225
vn 0.4065 0.9136 -0.0030
vn 0.2813 0.9096 -0.3058
vn 0.0627 0.8036 -0.5919
vn -0.0843 0.7738 -0.6278
vn -0.0989 0.8042 -0.5860
vn -0.0845 0.8289 -0.5529
vn -0.0621 0.8459 -0.5297
vn -0.0383 0.8986 -0.4371
vn -0.0192 0.9723 -0.2331
vn -0.0048 0.9958 -0.0910
vn 0.0336 0.9969 0.0706
vn 0.0231 0.9853 0.1691
vn -0.0091 0.9418 0.3360
vn -0.0015 0.8928 0.4504
vn 0.0360 0.8809 0.4718
vn 0.0134 0.9001 0.4355
vn -0.0388 0.8966 0.4412
vn -0.0040 0.8945 0.4471
vn -0.0237 0.8969 0.4416
vn -0.1380 0.9077 0.3962
vn -0.2962 0.8992 0.3221
vn -0.4428 0.8507 0.2831
vn -0.6416 0.7429 0.1909
vn -0.8408 0.5391 -0.0499
vn -0.8298 0.4144 -0.3737
vn -0.6790 0.5431 -0.4941
vn -0.5204 0.8286 -0.2062
vn -0.3438 0.9144 0.2136
vn -0.1751 0.9826 -0.0626
vn 0.3396 0.9388 0.0582
vn 0.5800 0.7675 0.2731
vn 0.6568 0.5024 0.5623
vn 0.6424 0.4094 0.6478
vn 0.5412 0.7486 0.3830
vn 0.3499 0.8301 0.4342
vn 0.2474 0.8467 0.4710
vn 0.3348 0.8559 0.3942
vn 0.3555 0.8738 0.3317
vn 0.5838 0.8119 -0.0073
vn 0.5323 0.8167 -0.2229
vn 0.3798 0.9181 0.1128
vn 0.1986 0.9385 0.2824
vn 0.0228 0.9464 0.3223
vn -0.0584 0.9216 0.3837
vn -0.1424 0.9779 0.1530
vn -0.4026 0.8893 -0.2168
vn -0.4772 0.7810 -0.4030
vn -0.4360 0.8141 -0.3836
vn -0.5124 0.8507 -0.1177
vn -0.6607 0.7226 0.2035
vn -0.7072 0.6714 0.2215
vn -0.6106 0.7903 0.0500
vn -0.3681 0.8679 -0.3336
vn -0.0516 0.7688 -0.6374
vn -0.0147 0.6891 -0.7245
vn -0.1296 0.7938 -0.5942
vn -0.2025 0.8870 -0.4149
vn -0.1557 0.9584 -0.2392
vn 0.0149 0.9920 -0.1251
vn 0.2124 0.9631 -0.1651
vn 0.4111 0.9072 -0.0894
vn 0.4533 0.8567 -0.2459
vn 0.2846 0.8500 -0.4433
vn 0.1222 0.8103 -0.5732
vn 0.0395 0.8171 -0.5752
vn 0.0018 0.8303 -0.5573
vn -0.0079 0.8428 -0.5382
vn -0.0060 0.8935 -0.4490
vn -0.0082 0.9703 -0.2419
vn -0.0032 0.9945 -0.1046
vn -0.0014 0.9970 0.0773
vn -0.0117 0.9839 0.1782
vn -0.0253 0.9394 0.3418
vn -0.0088 0.9047 0.4260
vn 0.0350 0.8893 0.4559
vn 0.0564 0.8913 0.4499
vn 0.0690 0.9074 0.4145
vn 0.1690 0.9006 0.4004
vn 0.2373 0.8681 0.4359
vn 0.2394 0.8582 0.4541
vn 0.1070 0.8890 0.4452
vn -0.1085 0.8680 0.4846
vn -0.3602 0.7831 0.5069
vn -0.5537 0.7869 0.2725
vn -0.7563 0.5940 -0.2743
vn -0.6396 0.3911 -0.6618
vn -0.6096 0.5941 -0.5248
vn -0.3746 0.9254 -0.0579
vn -0.0098 0.9924 -0.1223
vn 0.0647 0.9073 -0.4154
vn 0.4740 0.8800 0.0303
vn 0.6467 0.6888 0.3276
vn 0.6640 0.3185 0.6765
vn 0.7240 0.5034 0.4715
vn 0.7221 0.5987 0.3465
vn 0.7375 0.5842 0.3388
vn 0.7410 0.6156 0.2682
vn 0.7519 0.6087 0.2532
vn 0.6934 0.7188 0.0507
vn 0.4626 0.8861 -0.0291
vn 0.2547 0.9535 0.1612
vn 0.0533 0.9015 0.4294
vn -0.0454 0.9313 0.3615
vn 0.0019 0.9306 0.3660
vn -0.0073 0.9445 0.3284
vn -0.4059 0.9115 0.0669
vn -0.5847 0.7547 -0.2975
vn -0.6005 0.7170 -0.3541
vn -0.6499 0.7600 -0.0068
vn -0.6661 0.6918 0.2787
vn -0.6036 0.7840 0.1450
vn -0.6214 0.7821 -0.0465
vn -0.5682 0.7130 -0.4109
vn -0.2923 0.6735 -0.6789
vn -0.2180 0.6975 -0.6826
vn -0.3287 0.7744 -0.5407
vn -0.3844 0.8199 -0.4244
vn -0.2418 0.9000 -0.3628
vn 0.0145 0.9566 -0.2909
vn 0.2318 0.9276 -0.2930
vn 0.3678 0.9048 -0.2146
vn 0.4209 0.8777 -0.2293
vn 0.3965 0.8385 -0.3737
vn 0.3077 0.8098 -0.4995
vn 0.2069 0.8306 -0.5171
vn 0.1445 0.8368 -0.5281
vn 0.0939 0.8473 -0.5228
vn 0.0470 0.9003 -0.4328
vn 0.0053 0.9727 -0.2320
vn -0.0002 0.9940 -0.1094
vn -0.0032 0.9961 0.0883
vn -0.0185 0.9809 0.1936
vn -0.0494 0.9362 0.3479
vn -0.0520 0.9081 0.4155
vn -0.0448 0.8970 0.4398
vn -0.0398 0.8975 0.4392
vn 0.0117 0.9316 0.3634
vn 0.1448 0.9354 0.3226
vn 0.2367 0.8862 0.3983
vn 0.2253 0.8316 0.5075
vn 0.0667 0.8425 0.5346
vn -0.0875 0.8015 0.5915
vn 0.0353 0.8111 0.5839
vn -0.0282 0.8393 0.5429
vn -0.1725 0.9803 -0.0963
vn -0.3121 0.6391 -0.7029
vn -0.6011 0.4508 -0.6599
vn -0.5541 0.6636 -0.5025
vn 0.2189 0.9234 -0.3154
vn 0.3560 0.7980 -0.4862
vn 0.4501 0.8628 -0.2305
vn 0.5570 0.8226 0.1145
vn 0.5916 0.6001 0.5384
vn 0.6525 0.4629 0.6000
vn 0.7504 0.5775 0.3215
vn 0.7909 0.5404 0.2871
vn 0.8254 0.5222 0.2143
vn 0.8193 0.5093 0.2634
vn 0.7495 0.5889 0.3024
vn 0.5324 0.7944 0.2924
vn 0.0911 0.9159 0.3909
vn -0.2934 0.7961 0.5293
vn -0.4489 0.8233 0.3474
vn -0.3795 0.8776 0.2930
vn -0.3600 0.8417 0.4026
vn -0.4807 0.8382 0.2575
vn -0.6044 0.7736 -0.1907
vn -0.5626 0.7152 -0.4147
vn -0.4423 0.8942 -0.0684
vn -0.1642 0.9490 0.2692
vn -0.1598 0.9623 0.2202
vn -0.4415 0.8932 0.0852
vn -0.4490 0.8071 -0.3833
vn -0.3072 0.5844 -0.7511
vn -0.1497 0.7145 -0.6835
vn -0.2556 0.8212 -0.5101
vn -0.3213 0.8257 -0.4637
vn -0.2186 0.8270 -0.5180
vn 0.0275 0.8893 -0.4566
vn 0.1885 0.8999 -0.3932
vn 0.2635 0.9238 -0.2779
vn 0.3430 0.8972 -0.2781
vn 0.3944 0.8369 -0.3796
vn 0.3505 0.8236 -0.4459
vn 0.2834 0.8393 -0.4639
vn 0.2165 0.8478 -0.4841
vn 0.1376 0.8670 -0.4789
vn 0.0529 0.9202 -0.3879
vn 0.0058 0.9771 -0.2127
vn 0.0003 0.9941 -0.1085
vn -0.0041 0.9947 0.1024
vn -0.0202 0.9762 0.2158
vn -0.0549 0.9288 0.3665
vn -0.0820 0.9020 0.4240
vn -0.1013 0.8903 0.4441
vn -0.0893 0.9019 0.4225
vn -0.0547 0.9521 0.3007
vn 0.0385 0.9706 0.2376
vn 0.0983 0.9257 0.3652
vn 0.1095 0.8337 0.5412
vn 0.0501 0.7950 0.6046
vn 0.0797 0.8343 0.5456
vn 0.2760 0.8477 0.4531
vn 0.3714 0.7346 0.5678
vn 0.3483 0.9366 -0.0374
vn -0.1862 0.9039 -0.3850
vn -0.5319 0.5913 -0.6062
vn -0.5856 0.5173 -0.6241
vn -0.3102 0.6678 -0.6766
vn 0.1600 0.8172 -0.5538
vn 0.2718 0.8927 -0.3596
vn 0.3677 0.9261 0.0849
vn 0.2860 0.8312 0.4768
vn 0.3951 0.6142 0.6831
vn 0.5625 0.7091 0.4251
vn 0.5935 0.7509 0.2897
vn 0.6551 0.7309 0.1914
vn 0.6817 0.6535 0.3291
vn 0.6582 0.5755 0.4854
vn 0.5210 0.6498 0.5535
vn 0.1394 0.7414 0.6565
vn -0.1963 0.7410 0.6422
vn -0.3867 0.8599 0.3332
vn -0.2679 0.9517 0.1501
vn 0.0134 0.9137 0.4061
vn 0.1302 0.9243 0.3588
vn 0.0586 0.9907 -0.1224
vn 0.0801 0.8188 -0.5685
vn 0.2308 0.9184 -0.3214
vn 0.4415 0.8916 0.1007
vn 0.4983 0.8196 0.2826
vn 0.3230 0.9229 0.2096
vn 0.2782 0.8915 -0.3576
vn 0.1499 0.6202 -0.7700
vn 0.0386 0.7083 -0.7048
vn -0.0298 0.8852 -0.4643
vn -0.1172 0.8775 -0.4650
vn -0.1308 0.8034 -0.5810
vn -0.0496 0.8289 -0.5572
vn 0.0281 0.8956 -0.4440
vn 0.0907 0.9370 -0.3374
vn 0.1898 0.9105 -0.3673
vn 0.2614 0.8713 -0.4153
vn 0.2619 0.8631 -0.4318
vn 0.2333 0.8692 -0.4360
vn 0.1820 0.8773 -0.4441
vn 0.1033 0.8993 -0.4249
vn 0.0347 0.9375 -0.3462
vn 0.0038 0.9799 -0.1992
vn 0.0003 0.9942 -0.1073
vn -0.0031 0.9934 0.1147
vn -0.0140 0.9721 0.2342
vn -0.0403 0.9210 0.3875
vn -0.0796 0.8926 0.4438
vn -0.1128 0.8867 0.4483
vn -0.1350 0.9022 0.4096
vn -0.1121 0.9556 0.2724
vn -0.0655 0.9780 0.1979
vn -0.0652 0.9319 0.3567
vn -0.0677 0.8433 0.5332
vn -0.0248 0.8013 0.5977
vn 0.0921 0.8863 0.4538
vn 0.2551 0.8974 0.3600
vn 0.4141 0.7524 0.5123
vn 0.3420 0.8811 0.3267
vn -0.0135 0.9823 -0.1871
vn -0.0522 0.7258 -0.6859
vn -0.2350 0.6875 -0.6871
vn -0.5040 0.4664 -0.7270
vn -0.3239 0.6666 -0.6714
vn -0.1368 0.8625 -0.4872
vn 0.1001 0.9949 -0.0119
vn 0.1384 0.8776 0.4590
vn 0.2444 0.7743 0.5838
vn 0.3339 0.8195 0.4657
vn 0.3446 0.8651 0.3645
vn 0.2471 0.9396 0.2369
vn 0.1609 0.9259 0.3417
vn 0.2465 0.7663 0.5932
vn 0.2808 0.6634 0.6936
vn 0.2152 0.6435 0.7346
vn 0.2393 0.6683 0.7043
vn 0.0873 0.9151 0.3938
vn -0.1483 0.9889 -0.0119
vn -0.0054 0.9839 0.1788
vn 0.4163 0.8939 0.1663
vn 0.6800 0.7106 -0.1806
vn 0.6651 0.6165 -0.4214
vn 0.6678 0.7095 -0.2251
vn 0.6661 0.7438 0.0548
vn 0.6641 0.7272 0.1737
vn 0.7541 0.6477 0.1087
vn 0.7307 0.6181 -0.2899
vn 0.4564 0.6619 -0.5946
vn 0.0162 0.8020 -0.5971
vn -0.1564 0.9101 -0.3836
vn -0.2710 0.8757 -0.3996
vn -0.3247 0.7752 -0.5418
vn -0.3353 0.7575 -0.5601
vn -0.2927 0.8350 -0.4659
vn -0.1986 0.8947 -0.4002
vn -0.0765 0.8936 -0.4424
vn 0.0322 0.8835 -0.4673
vn 0.1015 0.8899 -0.4448
vn 0.1161 0.8943 -0.4322
vn 0.1000 0.9043 -0.4151
vn 0.0552 0.9209 -0.3858
vn 0.0142 0.9477 -0.3188
vn -0.0016 0.9812 -0.1930
vn -0.0000 0.9943 -0.1065
vn -0.0018 0.9924 0.1227
vn -0.0084 0.9692 0.2463
vn -0.0315 0.9112 0.4107
vn -0.0919 0.8747 0.4759
vn -0.1464 0.8684 0.4738
vn -0.1696 0.8983 0.4054
vn -0.1714 0.9548 0.2427
vn -0.1927 0.9617 0.1952
vn -0.1964 0.9121 0.3599
vn -0.1811 0.8321 0.5243
vn -0.1794 0.7999 0.5726
vn -0.2019 0.9018 0.3822
vn -0.1193 0.9646 0.2351
vn 0.1115 0.9224 0.3697
vn 0.3888 0.8166 0.4266
vn 0.4673 0.8698 -0.1587
vn 0.1688 0.8012 -0.5741
vn -0.0943 0.8581 -0.5048
vn -0.5211 0.6411 -0.5635
vn -0.6169 0.4088 -0.6726
vn -0.4526 0.6498 -0.6107
vn -0.1665 0.9509 -0.2608
vn 0.1448 0.9215 0.3603
vn 0.3028 0.7842 0.5416
vn 0.3312 0.8246 0.4587
vn 0.3053 0.8405 0.4476
vn 0.1183 0.9058 0.4067
vn -0.1719 0.9059 0.3870
vn -0.2238 0.7929 0.5667
vn -0.1777 0.6974 0.6943
vn 0.0032 0.7317 0.6816
vn 0.3250 0.6533 0.6838
vn 0.3901 0.7165 0.5784
vn -0.0663 0.9535 0.2940
vn -0.3853 0.9221 0.0352
vn 0.0662 0.9332 -0.3532
vn 0.4980 0.7572 -0.4227
vn 0.5499 0.7080 -0.4431
vn 0.5856 0.7886 -0.1875
vn 0.6441 0.7650 0.0069
vn 0.7105 0.6972 0.0955
vn 0.7403 0.6684 0.0718
vn 0.6457 0.7468 -0.1591
vn 0.2587 0.9044 -0.3393
vn -0.2952 0.8569 -0.4226
vn -0.4250 0.8617 -0.2771
vn -0.5098 0.8119 -0.2845
vn -0.5396 0.7333 -0.4136
vn -0.5931 0.6416 -0.4863
vn -0.5655 0.6779 -0.4697
vn -0.4743 0.7588 -0.4464
vn -0.3483 0.7970 -0.4935
vn -0.2028 0.8246 -0.5282
vn -0.0629 0.8682 -0.4922
vn 0.0117 0.8946 -0.4468
vn 0.0229 0.9152 -0.4023
vn 0.0025 0.9309 -0.3653
vn -0.0115 0.9512 -0.3082
vn -0.0074 0.9810 -0.1937
vn -0.0011 0.9940 -0.1095
vn -0.0010 0.9919 0.1272
vn -0.0037 0.9673 0.2537
vn -0.0138 0.8984 0.4390
vn -0.0516 0.8601 0.5075
vn -0.1000 0.8637 0.4940
vn -0.1569 0.8942 0.4194
vn -0.2156 0.9378 0.2720
vn -0.2804 0.9339 0.2219
vn -0.2970 0.8860 0.3560
vn -0.2900 0.8053 0.5172
vn -0.3247 0.7571 0.5669
vn -0.3870 0.8530 0.3502
vn -0.4148 0.8974 0.1503
vn -0.3662 0.9059 0.2129
vn -0.2044 0.9257 0.3183
vn -0.1251 0.9864 -0.1068
vn -0.2431 0.8724 -0.4242
vn -0.4355 0.8259 -0.3582
vn -0.5524 0.7870 -0.2746
vn -0.6623 0.5546 -0.5038
vn -0.6413 0.3368 -0.6894
vn -0.4236 0.7392 -0.5236
vn -0.0170 0.9980 0.0610
vn 0.3743 0.7965 0.4749
vn 0.3820 0.8108 0.4434
vn 0.3611 0.7826 0.5071
vn 0.1738 0.8263 0.5357
vn -0.1085 0.8242 0.5558
vn -0.3373 0.7169 0.6102
vn -0.4081 0.6579 0.6329
vn -0.2795 0.8124 0.5118
vn -0.0083 0.7935 0.6085
vn -0.0922 0.6965 0.7116
vn -0.4759 0.6644 0.5763
vn -0.7256 0.6867 0.0438
vn -0.5509 0.6185 -0.5604
vn -0.0575 0.7434 -0.6663
vn 0.1645 0.8289 -0.5347
vn 0.3809 0.8725 -0.3062
vn 0.5675 0.8158 -0.1117
vn 0.6782 0.7346 -0.0212
vn 0.7393 0.6667 0.0940
vn 0.6586 0.7436 0.1151
vn 0.4053 0.9132 0.0428
vn 0.2034 0.9387 -0.2784
vn -0.0454 0.9897 -0.1357
vn -0.2525 0.9411 -0.2249
vn -0.4314 0.8294 -0.3550
vn -0.5542 0.7067 -0.4398
vn -0.5643 0.6455 -0.5147
vn -0.5076 0.6861 -0.5212
vn -0.3993 0.7231 -0.5637
vn -0.2681 0.7598 -0.5923
vn -0.1732 0.8138 -0.5547
vn -0.0975 0.8741 -0.4759
vn -0.0514 0.9112 -0.4088
vn -0.0305 0.9320 -0.3613
vn -0.0204 0.9499 -0.3118
vn -0.0100 0.9795 -0.2011
vn -0.0030 0.9930 -0.1184
vn -0.0004 0.9916 0.1295
vn 0.0002 0.9682 0.2500
vn 0.0193 0.8973 0.4411
vn 0.0199 0.8487 0.5285
vn -0.0272 0.8457 0.5329
vn -0.1619 0.8669 0.4714
vn -0.2795 0.9043 0.3226
vn -0.3860 0.8829 0.2674
vn -0.4429 0.8177 0.3677
vn -0.4480 0.7373 0.5057
vn -0.4858 0.6835 0.5448
vn -0.5613 0.7527 0.3440
vn -0.5932 0.7895 0.1573
vn -0.5472 0.8225 0.1549
vn -0.4529 0.8758 0.1665
vn -0.4551 0.8896 -0.0380
vn -0.5387 0.7866 -0.3018
vn -0.5719 0.7864 -0.2335
vn -0.5355 0.8051 -0.2550
vn -0.4970 0.7305 -0.4685
vn -0.4830 0.3953 -0.7813
vn -0.4014 0.5136 -0.7583
vn -0.1008 0.9252 -0.3659
vn 0.4856 0.8471 0.2159
vn 0.5545 0.6902 0.4650
vn 0.3811 0.7513 0.5388
vn 0.2184 0.7238 0.6546
vn -0.0547 0.7355 0.6754
vn -0.2550 0.6625 0.7044
vn -0.3152 0.7391 0.5954
vn -0.2887 0.8627 0.4152
vn -0.3059 0.7725 0.5565
vn -0.4406 0.5300 0.7245
vn -0.5338 0.6002 0.5957
vn -0.5555 0.8313 0.0187
vn -0.4388 0.6334 -0.6374
vn -0.2037 0.5895 -0.7817
vn -0.0206 0.7512 -0.6597
vn 0.2407 0.8357 -0.4936
vn 0.5185 0.8011 -0.2990
vn 0.6629 0.7367 -0.1336
vn 0.6996 0.7137 0.0345
vn 0.7550 0.6336 0.1689
vn 0.7758 0.6276 0.0647
vn 0.7483 0.6621 -0.0420
vn 0.5944 0.7967 0.1093
vn 0.3991 0.9166 -0.0249
vn 0.0757 0.9726 -0.2196
vn -0.0447 0.9169 -0.3966
vn -0.1465 0.7940 -0.5900
vn -0.1872 0.7542 -0.6294
vn -0.1089 0.7378 -0.6661
vn -0.0950 0.7655 -0.6363
vn -0.1501 0.7975 -0.5843
vn -0.1597 0.8468 -0.5074
vn -0.1173 0.8893 -0.4421
vn -0.0514 0.9220 -0.3837
vn -0.0136 0.9462 -0.3233
vn -0.0009 0.9784 -0.2068
vn 0.0001 0.9925 -0.1224
vn -0.0008 0.9913 0.1320
vn -0.0023 0.9696 0.2446
vn 0.0076 0.9036 0.4283
vn 0.0196 0.8483 0.5291
vn 0.0260 0.8213 0.5700
vn -0.0463 0.8248 0.5635
vn -0.2150 0.8864 0.4099
vn -0.4136 0.8294 0.3756
vn -0.5166 0.7526 0.4084
vn -0.5611 0.6455 0.5181
vn -0.5882 0.6305 0.5066
vn -0.5394 0.7981 0.2683
vn -0.3860 0.9217 0.0375
vn -0.2156 0.9704 0.1090
vn -0.2450 0.9574 0.1530
vn -0.2519 0.9658 0.0617
vn -0.4279 0.8814 -0.1998
vn -0.4789 0.8090 -0.3407
vn -0.3167 0.8792 -0.3559
vn -0.2307 0.8330 -0.5028
vn -0.2335 0.5733 -0.7854
vn -0.2721 0.4161 -0.8676
vn -0.1529 0.7885 -0.5957
vn 0.2039 0.9677 -0.1483
vn 0.5016 0.7296 0.4648
vn 0.4119 0.6305 0.6579
vn 0.2578 0.6492 0.7156
vn -0.0112 0.6363 0.7714
vn -0.2539 0.6058 0.7540
vn -0.3411 0.7229 0.6009
vn -0.4244 0.7882 0.4457
vn -0.4965 0.6028 0.6246
vn -0.4904 0.4979 0.7153
vn -0.3930 0.7403 0.5455
vn 0.0634 0.9900 -0.1258
vn 0.1678 0.7344 -0.6577
vn 0.1458 0.5410 -0.8283
vn 0.2565 0.6493 -0.7160
vn 0.3005 0.7637 -0.5714
vn 0.4097 0.7986 -0.4409
vn 0.4565 0.8676 -0.1972
vn 0.5101 0.8598 -0.0230
vn 0.6509 0.7591 -0.0079
vn 0.7586 0.6506 -0.0341
vn 0.7499 0.6569 0.0784
vn 0.6384 0.7001 0.3200
vn 0.4492 0.8536 0.2636
vn 0.1902 0.9804 -0.0516
vn 0.2013 0.9075 -0.3688
vn 0.0958 0.8357 -0.5408
vn 0.0256 0.7539 -0.6565
vn 0.0974 0.7298 -0.6767
vn 0.0719 0.7908 -0.6078
vn -0.0121 0.8364 -0.5479
vn -0.0814 0.8592 -0.5051
vn -0.0853 0.8744 -0.4776
vn -0.0358 0.9060 -0.4217
vn -0.0083 0.9402 -0.3406
vn 0.0032 0.9775 -0.2107
vn 0.0015 0.9928 -0.1195
vn 0.0007 0.9912 0.1324
vn 0.0009 0.9693 0.2461
vn -0.0032 0.9040 0.4275
vn 0.0034 0.8575 0.5145
vn 0.0644 0.8346 0.5471
vn 0.1592 0.7886 0.5939
vn 0.0174 0.8174 0.5758
vn -0.2683 0.8161 0.5118
vn -0.4381 0.7228 0.5344
vn -0.4580 0.6714 0.5826
vn -0.3067 0.8363 0.4545
vn -0.1415 0.9780 0.1534
vn 0.0533 0.9873 -0.1499
vn 0.1006 0.9891 0.1075
vn -0.0394 0.9796 0.1973
vn -0.2247 0.9601 0.1666
vn -0.3750 0.9249 -0.0629
vn -0.4554 0.8141 -0.3603
vn -0.3606 0.8060 -0.4694
vn -0.1793 0.8219 -0.5406
vn -0.1665 0.6475 -0.7436
vn -0.3914 0.3533 -0.8497
vn -0.3270 0.6502 -0.6858
vn -0.2186 0.9003 -0.3764
vn -0.0326 0.9611 0.2743
vn 0.2677 0.6728 0.6898
vn 0.0569 0.5403 0.8395
vn -0.2051 0.5273 0.8245
vn -0.4062 0.5339 0.7416
vn -0.5465 0.6413 0.5386
vn -0.5133 0.7329 0.4465
vn -0.3027 0.6360 0.7099
vn -0.0348 0.7317 0.6808
vn 0.3471 0.9155 0.2034
vn 0.6957 0.6155 -0.3702
vn 0.6359 0.5176 -0.5724
vn 0.5399 0.4719 -0.6970
vn 0.5307 0.6288 -0.5683
vn 0.3953 0.7683 -0.5035
vn 0.2554 0.8658 -0.4304
vn 0.2093 0.9491 -0.2354
vn 0.3793 0.9062 -0.1869
vn 0.4719 0.8689 -0.1492
vn 0.4421 0.8929 -0.0857
vn 0.3544 0.9179 0.1786
vn 0.2404 0.8209 0.5181
vn -0.0137 0.8612 0.5081
vn -0.1437 0.9896 -0.0090
vn -0.0064 0.9122 -0.4096
vn 0.0212 0.8589 -0.5118
vn -0.0151 0.7550 -0.6556
vn 0.0037 0.7255 -0.6882
vn 0.0451 0.7941 -0.6061
vn 0.0379 0.8538 -0.5192
vn 0.0403 0.8692 -0.4927
vn 0.0436 0.8732 -0.4854
vn 0.0338 0.9018 -0.4309
vn 0.0254 0.9383 -0.3450
vn 0.0136 0.9781 -0.2079
vn 0.0032 0.9937 -0.1122
vn 0.0018 0.9917 0.1283
vn 0.0074 0.9694 0.2452
vn 0.0127 0.9042 0.4270
vn 0.0302 0.8710 0.4903
vn 0.1107 0.8673 0.4853
vn 0.2265 0.8044 0.5492
vn 0.2369 0.7250 0.6467
vn 0.0624 0.7460 0.6630
vn -0.1313 0.7708 0.6234
vn 0.0490 0.8374 0.5444
vn 0.2884 0.8897 0.3539
vn 0.3671 0.9299 0.0235
vn 0.3325 0.9398 -0.0787
vn 0.0801 0.9788 0.1887
vn -0.1123 0.9201 0.3752
vn -0.4657 0.8274 0.3138
vn -0.6140 0.7886 0.0342
vn -0.6499 0.7083 -0.2756
vn -0.5628 0.6742 -0.4782
vn -0.4329 0.6941 -0.5752
vn -0.3311 0.6961 -0.6370
vn -0.4748 0.3689 -0.7990
vn -0.4250 0.5416 -0.7253
vn -0.4562 0.7899 -0.4099
vn -0.4251 0.8904 0.1631
vn -0.1173 0.7079 0.6965
vn -0.2555 0.3644 0.8955
vn -0.3856 0.4559 0.8022
vn -0.4662 0.5030 0.7277
vn -0.5084 0.7372 0.4450
vn -0.2430 0.9313 0.2712
vn 0.2940 0.7768 0.5570
vn 0.5592 0.6926 0.4556
vn 0.7776 0.6233 -0.0824
vn 0.8048 0.4845 -0.3430
vn 0.7322 0.4454 -0.5153
vn 0.5987 0.5389 -0.5926
vn 0.4281 0.7924 -0.4345
vn 0.1840 0.9044 -0.3850
vn 0.0024 0.9250 -0.3801
vn 0.0723 0.9510 -0.3005
vn 0.2291 0.9299 -0.2877
vn 0.1299 0.9868 -0.0966
vn -0.1036 0.9944 0.0219
vn -0.2309 0.9402 0.2506
vn -0.1601 0.8294 0.5352
vn 0.0809 0.8672 0.4914
vn 0.2467 0.9677 -0.0521
vn 0.3063 0.8439 -0.4404
vn 0.3413 0.8035 -0.4878
vn 0.3252 0.7301 -0.6010
vn 0.2259 0.7134 -0.6633
vn 0.2094 0.7707 -0.6018
vn 0.2168 0.8312 -0.5119
vn 0.1995 0.8528 -0.4826
vn 0.1667 0.8704 -0.4634
vn 0.1098 0.9064 -0.4078
vn 0.0777 0.9412 -0.3287
vn 0.0309 0.9819 -0.1866
vn 0.0072 0.9953 -0.0962
vn 0.0029 0.9927 0.1206
vn 0.0143 0.9720 0.2345
vn 0.0398 0.9087 0.4155
vn 0.0700 0.8836 0.4629
vn 0.1281 0.8947 0.4280
vn 0.1932 0.8514 0.4877
vn 0.2405 0.7374 0.6312
vn 0.2378 0.6634 0.7094
vn 0.1691 0.7655 0.6209
vn 0.2240 0.9049 0.3618
vn 0.4246 0.8737 0.2374
vn 0.4602 0.8798 0.1193
vn 0.2196 0.9619 0.1630
vn 0.0036 0.9475 0.3198
vn -0.1853 0.8073 0.5604
vn -0.4291 0.7458 0.5095
vn -0.6579 0.7315 0.1793
vn -0.7603 0.6131 -0.2144
vn -0.7027 0.5468 -0.4553
vn -0.6181 0.5581 -0.5535
vn -0.5341 0.6102 -0.5852
vn -0.4900 0.4766 -0.7299
vn -0.5150 0.4389 -0.7363
vn -0.6032 0.6984 -0.3853
vn -0.6165 0.7819 0.0919
vn -0.3814 0.6029 0.7008
vn -0.2765 0.3584 0.8917
vn -0.4129 0.4242 0.8059
vn -0.3494 0.6039 0.7164
vn -0.0946 0.9538 0.2852
vn -0.0249 0.9994 -0.0259
vn 0.4261 0.8999 0.0929
vn 0.7999 0.5870 0.1251
vn 0.8432 0.5054 -0.1835
vn 0.8027 0.5315 -0.2705
vn 0.6315 0.5989 -0.4925
vn 0.1233 0.8835 -0.4518
vn -0.1781 0.9419 -0.2847
vn -0.2915 0.9221 -0.2546
vn -0.2360 0.8799 -0.4123
vn -0.0141 0.9103 -0.4136
vn 0.0986 0.9549 -0.2800
vn -0.0219 0.9963 0.0834
vn -0.2778 0.9387 0.2041
vn -0.4393 0.8566 0.2707
vn -0.1659 0.9436 0.2866
vn 0.3591 0.8853 0.2954
vn 0.6300 0.7514 -0.1964
vn 0.6939 0.6152 -0.3742
vn 0.6680 0.6404 -0.3790
vn 0.5677 0.6705 -0.4776
vn 0.4368 0.7032 -0.5610
vn 0.3820 0.7490 -0.5413
vn 0.3321 0.8232 -0.4604
vn 0.2751 0.8548 -0.4401
vn 0.2323 0.8782 -0.4182
vn 0.1815 0.9116 -0.3687
vn 0.1173 0.9517 -0.2839
vn 0.0396 0.9885 -0.1457
vn 0.0070 0.9975 -0.0700
vn 0.0016 0.9938 0.1115
vn 0.0115 0.9762 0.2167
vn 0.0401 0.9183 0.3938
vn 0.0659 0.8939 0.4433
vn 0.0843 0.9072 0.4122
vn 0.0820 0.8829 0.4624
vn 0.1110 0.7730 0.6246
vn 0.1039 0.6874 0.7188
vn 0.1001 0.7303 0.6757
vn 0.0293 0.9268 0.3744
vn 0.0232 0.9868 0.1600
vn 0.1216 0.9727 0.1977
vn 0.0311 0.9582 0.2845
vn -0.1259 0.8854 0.4474
vn -0.2451 0.7356 0.6315
vn -0.3023 0.7100 0.6360
vn -0.5261 0.7671 0.3672
vn -0.7181 0.6954 -0.0287
vn -0.7268 0.5376 -0.4275
vn -0.6616 0.4890 -0.5685
vn -0.6070 0.5314 -0.5909
vn -0.6103 0.5163 -0.6008
vn -0.6204 0.2929 -0.7276
vn -0.6734 0.5483 -0.4959
vn -0.6334 0.7737 -0.0130
vn -0.3882 0.6294 0.6732
vn 0.0523 0.3974 0.9161
vn 0.0798 0.5553 0.8278
vn 0.2889 0.7346 0.6140
vn 0.4210 0.8730 0.2461
vn 0.2642 0.9604 -0.0890
vn 0.3231 0.9192 -0.2253
vn 0.4824 0.8522 -0.2027
vn 0.5778 0.7664 -0.2807
vn 0.5519 0.8138 -0.1821
vn 0.2048 0.9311 -0.3018
vn -0.4044 0.9096 -0.0955
vn -0.6195 0.7768 -0.1131
vn -0.6827 0.6929 -0.2320
vn -0.5156 0.7008 -0.4929
vn -0.1855 0.8147 -0.5495
vn -0.0166 0.9600 -0.2794
vn 0.0272 0.9859 0.1648
vn -0.0148 0.9189 0.3942
vn -0.1266 0.9657 0.2268
vn -0.0193 0.9993 -0.0306
vn 0.4410 0.8898 -0.1176
vn 0.5906 0.6992 -0.4027
vn 0.5705 0.7307 -0.3749
vn 0.5404 0.7668 -0.3464
vn 0.5163 0.7350 -0.4396
vn 0.4963 0.6977 -0.5166
vn 0.4274 0.7729 -0.4690
vn 0.3418 0.8478 -0.4055
vn 0.2865 0.8658 -0.4103
vn 0.2503 0.8874 -0.3870
vn 0.2013 0.9254 -0.3212
vn 0.1118 0.9701 -0.2156
vn 0.0329 0.9944 -0.1000
vn 0.0049 0.9989 -0.0465
vn -0.0000 0.9942 0.1074
vn 0.0005 0.9782 0.2077
vn 0.0113 0.9254 0.3789
vn 0.0229 0.8983 0.4387
vn -0.0091 0.9057 0.4238
vn -0.0502 0.8825 0.4676
vn -0.0567 0.7818 0.6210
vn -0.0822 0.6771 0.7313
vn -0.2177 0.6828 0.6975
vn -0.4210 0.8120 0.4041
vn -0.4239 0.9012 0.0903
vn -0.3193 0.9337 0.1619
vn -0.3463 0.8762 0.3353
vn -0.3991 0.7689 0.4995
vn -0.4333 0.6566 0.6173
vn -0.3958 0.6675 0.6307
vn -0.4345 0.7623 0.4798
vn -0.5988 0.7946 0.1002
vn -0.5332 0.7181 -0.4472
vn -0.4617 0.5880 -0.6642
vn -0.5794 0.5568 -0.5951
vn -0.7065 0.5348 -0.4635
vn -0.6211 0.3536 -0.6994
vn -0.5717 0.4510 -0.6854
vn -0.6051 0.7544 -0.2546
vn -0.2659 0.9293 0.2562
vn 0.4523 0.4195 0.7871
vn 0.5136 0.4916 0.7032
vn 0.6151 0.5953 0.5170
vn 0.5833 0.6978 0.4158
vn 0.3364 0.9331 0.1272
vn -0.0881 0.9804 -0.1763
vn -0.0679 0.9162 -0.3950
vn 0.1632 0.8944 -0.4165
vn 0.2769 0.9601 -0.0384
vn -0.0417 0.9904 0.1314
vn -0.5770 0.7715 0.2680
vn -0.7785 0.6114 0.1416
vn -0.8409 0.5209 -0.1470
vn -0.6643 0.4851 -0.5687
vn -0.3590 0.6373 -0.6818
vn -0.1323 0.9198 -0.3694
vn 0.1644 0.9864 -0.0023
vn 0.3795 0.8499 0.3656
vn 0.3564 0.9071 0.2239
vn 0.3407 0.9362 -0.0864
vn 0.4499 0.8221 -0.3488
vn 0.4212 0.7898 -0.4459
vn 0.3529 0.8506 -0.3898
vn 0.4301 0.8026 -0.4134
vn 0.5080 0.7110 -0.4862
vn 0.5084 0.7159 -0.4785
vn 0.4440 0.8111 -0.3807
vn 0.3846 0.8555 -0.3468
vn 0.3266 0.8702 -0.3690
vn 0.2587 0.9025 -0.3442
vn 0.1807 0.9486 -0.2600
vn 0.0863 0.9852 -0.1478
vn 0.0232 0.9977 -0.0634
vn 0.0035 0.9995 -0.0299
vn -0.0013 0.9938 0.1108
vn -0.0080 0.9778 0.2092
vn -0.0131 0.9262 0.3769
vn -0.0200 0.8920 0.4516
vn -0.0835 0.8846 0.4587
vn -0.1576 0.8527 0.4980
vn -0.2103 0.7468 0.6309
vn -0.2566 0.6160 0.7448
vn -0.3996 0.5876 0.7036
vn -0.5694 0.7364 0.3654
vn -0.6558 0.7550 0.0019
vn -0.6003 0.7934 0.1006
vn -0.5751 0.7491 0.3289
vn -0.5825 0.6461 0.4933
vn -0.5635 0.6125 0.5543
vn -0.5204 0.6450 0.5596
vn -0.5068 0.7036 0.4981
vn -0.6420 0.7621 0.0840
vn -0.4713 0.7047 -0.5303
vn -0.2995 0.6477 -0.7006
vn -0.4987 0.6843 -0.5320
vn -0.7181 0.6025 -0.3484
vn -0.6536 0.4157 -0.6324
vn -0.5057 0.3340 -0.7954
vn -0.5731 0.6653 -0.4785
vn -0.3671 0.9239 -0.1082
vn 0.0601 0.8146 0.5769
vn 0.3578 0.4678 0.8082
vn 0.3590 0.6601 0.6598
vn 0.3087 0.7542 0.5795
vn 0.2513 0.8497 0.4635
vn -0.0766 0.9952 0.0617
vn -0.1557 0.9054 -0.3950
vn -0.1090 0.8509 -0.5140
vn -0.0733 0.9961 -0.0493
vn -0.1447 0.8907 0.4310
vn -0.3657 0.7589 0.5388
vn -0.4853 0.7708 0.4128
vn -0.5613 0.8261 -0.0501
vn -0.5825 0.4625 -0.6684
vn -0.3432 0.5052 -0.7918
vn -0.0924 0.8245 -0.5582
vn 0.2623 0.9345 -0.2407
vn 0.4820 0.8530 0.2001
vn 0.5836 0.7790 0.2295
vn 0.5975 0.7950 -0.1046
vn 0.5475 0.7777 -0.3090
vn 0.4574 0.8092 -0.3686
vn 0.3770 0.8400 -0.3902
vn 0.4224 0.7611 -0.4923
vn 0.4274 0.7355 -0.5257
vn 0.4048 0.7921 -0.4568
vn 0.3756 0.8600 -0.3454
vn 0.3436 0.8848 -0.3148
vn 0.2948 0.8995 -0.3224
vn 0.2162 0.9353 -0.2801
vn 0.1257 0.9743 -0.1872
vn 0.0529 0.9943 -0.0931
vn 0.0144 0.9991 -0.0389
vn 0.0021 0.9998 -0.0185
vn -0.0029 0.9928 0.1196
vn -0.0116 0.9761 0.2172
vn -0.0286 0.9233 0.3830
vn -0.0428 0.8796 0.4737
vn -0.1026 0.8572 0.5047
vn -0.2000 0.8101 0.5511
vn -0.2667 0.6974 0.6653
vn -0.2822 0.5708 0.7710
vn -0.2993 0.5961 0.7450
vn -0.3788 0.8007 0.4641
vn -0.4623 0.8827 0.0844
vn -0.5844 0.8094 0.0572
vn -0.5839 0.7117 0.3905
vn -0.5560 0.6496 0.5186
vn -0.5112 0.6585 0.5523
vn -0.5014 0.6751 0.5412
vn -0.5518 0.6596 0.5104
vn -0.7035 0.7047 0.0922
vn -0.6242 0.6043 -0.4953
vn -0.5399 0.5550 -0.6328
vn -0.6076 0.6870 -0.3986
vn -0.7284 0.6635 -0.1707
vn -0.7774 0.4503 -0.4390
vn -0.5518 0.1741 -0.8156
vn -0.5537 0.4978 -0.6675
vn -0.5563 0.7907 -0.2557
vn -0.6063 0.7279 0.3202
vn -0.0547 0.5627 0.8248
vn 0.1253 0.6854 0.7173
vn 0.0830 0.7727 0.6294
vn 0.0599 0.8549 0.5154
vn -0.0212 0.9878 0.1540
vn -0.2221 0.9120 -0.3449
vn -0.3367 0.8301 -0.4444
vn -0.4301 0.9012 -0.0527
vn -0.3762 0.8180 0.4352
vn -0.3320 0.7361 0.5898
vn -0.4062 0.7747 0.4846
vn -0.3513 0.9361 -0.0177
vn -0.3635 0.6498 -0.6675
vn -0.3495 0.4329 -0.8309
vn -0.2738 0.6639 -0.6958
vn -0.0181 0.9035 -0.4283
vn 0.2665 0.9636 0.0191
vn 0.4697 0.8649 0.1769
vn 0.5460 0.8299 -0.1148
vn 0.5085 0.8234 -0.2520
vn 0.4218 0.8575 -0.2945
vn 0.4134 0.8181 -0.3998
vn 0.4011 0.7670 -0.5008
vn 0.3672 0.7729 -0.5175
vn 0.2938 0.8531 -0.4312
vn 0.2316 0.9162 -0.3271
vn 0.2104 0.9289 -0.3049
vn 0.1768 0.9409 -0.2888
vn 0.1183 0.9671 -0.2251
vn 0.0571 0.9892 -0.1348
vn 0.0223 0.9977 -0.0637
vn 0.0063 0.9996 -0.0262
vn 0.0006 0.9999 -0.0123
vn -0.0018 0.9919 0.1272
vn -0.0076 0.9735 0.2284
vn -0.0290 0.9179 0.3958
vn -0.0502 0.8671 0.4956
vn -0.0989 0.8293 0.5499
vn -0.1806 0.7753 0.6052
vn -0.2256 0.6753 0.7022
vn -0.2299 0.5714 0.7878
vn -0.0613 0.6872 0.7239
vn 0.1133 0.8652 0.4885
vn 0.0886 0.9758 0.2000
vn -0.1954 0.9539 0.2279
vn -0.2691 0.8254 0.4963
vn -0.1805 0.7934 0.5813
vn -0.1034 0.7798 0.6174
vn -0.0858 0.7437 0.6630
vn -0.2130 0.7228 0.6574
vn -0.5034 0.8288 0.2445
vn -0.6081 0.6277 -0.4860
vn -0.5640 0.5481 -0.6176
vn -0.6834 0.6027 -0.4120
vn -0.7416 0.6638 -0.0977
vn -0.7947 0.5749 -0.1949
vn -0.5082 0.2396 -0.8273
vn -0.1993 0.3322 -0.9219
vn -0.4380 0.7901 -0.4287
vn -0.5396 0.8166 0.2047
vn -0.0383 0.7561 0.6534
vn 0.1742 0.7019 0.6907
vn 0.1427 0.7353 0.6626
vn 0.0661 0.8328 0.5496
vn -0.1738 0.9195 0.3526
vn -0.6155 0.7882 0.0018
vn -0.7012 0.6445 -0.3047
vn -0.7540 0.6562 -0.0299
vn -0.7108 0.6194 0.3332
vn -0.6789 0.5641 0.4700
vn -0.6622 0.7191 0.2105
vn -0.3052 0.9275 -0.2157
vn -0.1640 0.7862 -0.5958
vn -0.4103 0.4421 -0.7976
vn -0.5525 0.4991 -0.6676
vn -0.5419 0.6549 -0.5267
vn -0.3345 0.9248 -0.1811
vn -0.0321 0.9995 -0.0028
vn 0.1811 0.9655 -0.1870
vn 0.2156 0.9487 -0.2315
vn 0.2068 0.9240 -0.3218
vn 0.2809 0.8383 -0.4672
vn 0.2981 0.8015 -0.5184
vn 0.2602 0.8372 -0.4810
vn 0.1767 0.9105 -0.3739
vn 0.1070 0.9478 -0.3005
vn 0.0765 0.9535 -0.2915
vn 0.0427 0.9639 -0.2627
vn 0.0171 0.9810 -0.1933
vn 0.0014 0.9935 -0.1142
vn -0.0008 0.9985 -0.0551
vn -0.0001 0.9997 -0.0227
vn -0.0000 0.9999 -0.0106
vn -0.0002 0.9916 0.1297
vn -0.0026 0.9714 0.2374
vn -0.0207 0.9120 0.4096
vn -0.0489 0.8549 0.5165
vn -0.0811 0.8080 0.5836
vn -0.1195 0.7571 0.6423
vn -0.1177 0.6760 0.7274
vn -0.0467 0.6314 0.7740
vn 0.1619 0.7643 0.6242
vn 0.3426 0.8278 0.4442
vn 0.3702 0.8764 0.3078
vn 0.1833 0.9020 0.3909
vn 0.0407 0.8618 0.5056
vn 0.0718 0.8440 0.5315
vn 0.2207 0.8154 0.5351
vn 0.3738 0.6964 0.6127
vn 0.3696 0.6420 0.6718
vn 0.2533 0.8809 0.3998
vn 0.0607 0.9006 -0.4305
vn -0.0412 0.6895 -0.7231
vn -0.3055 0.8345 -0.4587
vn -0.6249 0.7792 0.0495
vn -0.6484 0.7514 -0.1222
vn -0.4522 0.3956 -0.7994
vn 0.0627 0.0513 -0.9967
vn 0.1526 0.7509 -0.6426
vn -0.2358 0.9718 -0.0088
vn 0.0292 0.8467 0.5313
vn 0.0021 0.7482 0.6635
vn -0.0543 0.7109 0.7012
vn -0.1001 0.7756 0.6232
vn -0.3294 0.7515 0.5716
vn -0.6648 0.6967 0.2696
vn -0.7813 0.5989 -0.1759
vn -0.8049 0.5933 -0.0081
vn -0.7749 0.5569 0.2990
vn -0.7137 0.5715 0.4049
vn -0.5839 0.7998 -0.1392
vn -0.2111 0.8610 -0.4627
vn -0.0174 0.7987 -0.6015
vn -0.4493 0.5533 -0.7015
vn -0.6905 0.4583 -0.5597
vn -0.7510 0.4504 -0.4828
vn -0.7260 0.6020 -0.3325
vn -0.6104 0.7607 -0.2208
vn -0.4058 0.8670 -0.2891
vn -0.2511 0.9271 -0.2784
vn -0.1517 0.9099 -0.3862
vn -0.0551 0.8457 -0.5308
vn 0.0322 0.8357 -0.5482
vn 0.0693 0.8813 -0.4674
vn 0.0494 0.9427 -0.3301
vn -0.0078 0.9634 -0.2680
vn -0.0444 0.9623 -0.2682
vn -0.0625 0.9658 -0.2517
vn -0.0568 0.9799 -0.1911
vn -0.0410 0.9919 -0.1200
vn -0.0211 0.9978 -0.0626
vn -0.0060 0.9996 -0.0266
vn -0.0007 0.9999 -0.0124
vn 0.0003 0.9916 0.1293
vn -0.0009 0.9698 0.2441
vn -0.0130 0.9054 0.4244
vn -0.0281 0.8467 0.5314
vn -0.0488 0.7989 0.5994
vn -0.0632 0.7576 0.6497
vn -0.0120 0.7105 0.7036
vn 0.1413 0.6948 0.7052
vn 0.3262 0.7530 0.5715
vn 0.4001 0.8342 0.3795
vn 0.4052 0.8519 0.3318
vn 0.3449 0.8234 0.4506
vn 0.2698 0.7951 0.5432
vn 0.1543 0.8354 0.5276
vn 0.0926 0.9040 0.4173
vn 0.3421 0.8253 0.4493
vn 0.6424 0.5914 0.4874
vn 0.8036 0.4811 0.3503
vn 0.7796 0.5869 -0.2186
vn 0.6273 0.6083 -0.4863
vn 0.3609 0.9225 -0.1367
vn 0.0040 0.9637 0.2669
vn 0.0054 0.9892 -0.1465
vn 0.0712 0.5730 -0.8164
vn -0.3537 0.0733 -0.9325
vn 0.2931 0.2964 -0.9090
vn 0.1566 0.9856 -0.0635
vn 0.0722 0.8759 0.4770
vn -0.1438 0.6888 0.7105
vn -0.2364 0.6810 0.6931
vn -0.3552 0.6771 0.6445
vn -0.4679 0.6198 0.6300
vn -0.6204 0.6813 0.3886
vn -0.6751 0.7237 -0.1432
vn -0.6605 0.7506 -0.0174
vn -0.4460 0.8330 0.3275
vn -0.1179 0.9299 0.3484
vn 0.0609 0.9409 -0.3330
vn 0.1303 0.8002 -0.5854
vn 0.1837 0.8234 -0.5369
vn -0.1023 0.8478 -0.5203
vn -0.6186 0.6607 -0.4251
vn -0.7881 0.4616 -0.4072
vn -0.8139 0.4272 -0.3937
vn -0.7939 0.5143 -0.3244
vn -0.7029 0.6175 -0.3532
vn -0.5974 0.7247 -0.3435
vn -0.4571 0.7849 -0.4183
vn -0.3081 0.7678 -0.5618
vn -0.1743 0.7888 -0.5895
vn -0.0942 0.8645 -0.4938
vn -0.0465 0.9462 -0.3204
vn -0.0626 0.9705 -0.2330
vn -0.1109 0.9625 -0.2477
vn -0.1313 0.9596 -0.2488
vn -0.1137 0.9714 -0.2083
vn -0.0769 0.9868 -0.1427
vn -0.0380 0.9959 -0.0827
vn -0.0111 0.9992 -0.0378
vn -0.0018 0.9998 -0.0179
vn 0.0018 0.9919 0.1266
vn 0.0051 0.9693 0.2459
vn 0.0041 0.9025 0.4306
vn -0.0074 0.8423 0.5390
vn -0.0398 0.7880 0.6144
vn -0.0551 0.7622 0.6450
vn -0.0322 0.7489 0.6619
vn 0.1531 0.7607 0.6307
vn 0.3743 0.7922 0.4820
vn 0.5068 0.7833 0.3600
vn 0.5027 0.7927 0.3449
vn 0.4330 0.7805 0.4510
vn 0.4007 0.7473 0.5301
vn 0.3744 0.7224 0.5813
vn 0.2394 0.8840 0.4015
vn 0.2965 0.9243 0.2404
vn 0.6764 0.7198 0.1559
vn 0.8576 0.5095 0.0700
vn 0.8908 0.4491 -0.0694
vn 0.8248 0.5556 -0.1053
vn 0.7192 0.6797 0.1443
vn 0.6541 0.7036 0.2775
vn 0.6432 0.7485 -0.1613
vn 0.5069 0.3866 -0.7704
vn 0.0464 0.1834 -0.9819
vn 0.2022 0.4759 -0.8559
vn 0.4214 0.9042 0.0696
vn 0.1519 0.8287 0.5387
vn -0.0710 0.6289 0.7742
vn -0.2641 0.6068 0.7497
vn -0.4386 0.5846 0.6825
vn -0.4003 0.6368 0.6590
vn -0.2725 0.8917 0.3614
vn -0.1824 0.9540 -0.2381
vn -0.2263 0.9594 -0.1680
vn -0.1899 0.9703 0.1499
vn 0.0426 0.9889 0.1421
vn 0.3579 0.8321 -0.4236
vn 0.2991 0.7755 -0.5559
vn 0.2435 0.8242 -0.5113
vn 0.1012 0.9672 -0.2330
vn -0.2513 0.9630 -0.0973
vn -0.6333 0.7567 -0.1621
vn -0.7288 0.5084 -0.4586
vn -0.7209 0.5288 -0.4479
vn -0.7093 0.5415 -0.4513
vn -0.6552 0.6085 -0.4476
vn -0.5318 0.6724 -0.5148
vn -0.3700 0.7074 -0.6023
vn -0.3063 0.7264 -0.6153
vn -0.2635 0.8115 -0.5216
vn -0.1971 0.9141 -0.3542
vn -0.1250 0.9675 -0.2198
vn -0.1339 0.9671 -0.2161
vn -0.1628 0.9558 -0.2450
vn -0.1494 0.9606 -0.2345
vn -0.0979 0.9790 -0.1786
vn -0.0460 0.9925 -0.1129
vn -0.0126 0.9985 -0.0534
vn -0.0022 0.9997 -0.0256
vn 0.0013 0.9927 0.1206
vn 0.0073 0.9704 0.2412
vn 0.0138 0.9013 0.4329
vn 0.0076 0.8361 0.5486
vn 0.0106 0.7797 0.6260
vn 0.0009 0.7595 0.6505
vn -0.0020 0.7821 0.6232
vn 0.1861 0.8339 0.5196
vn 0.3756 0.8492 0.3711
vn 0.4750 0.8282 0.2975
vn 0.5039 0.7953 0.3370
vn 0.4778 0.7325 0.4849
vn 0.3953 0.7507 0.5294
vn 0.4464 0.7153 0.5376
vn 0.5691 0.7274 0.3834
vn 0.6718 0.7400 0.0323
vn 0.7761 0.6066 -0.1723
vn 0.7620 0.6467 -0.0336
vn 0.7010 0.7123 0.0339
vn 0.6204 0.7802 0.0796
vn 0.6190 0.7523 0.2256
vn 0.6671 0.6965 0.2642
vn 0.7484 0.5994 -0.2840
vn 0.5676 0.4054 -0.7166
vn 0.0914 0.0292 -0.9954
vn 0.0168 0.7499 -0.6614
vn 0.4897 0.8543 0.1743
vn 0.1367 0.7281 0.6716
vn -0.1091 0.5496 0.8283
vn -0.2228 0.5588 0.7988
vn -0.3309 0.6164 0.7145
vn -0.2909 0.7278 0.6210
vn -0.1027 0.9600 0.2606
vn 0.0377 0.9763 -0.2132
vn -0.1909 0.9795 -0.0644
vn -0.1721 0.9697 0.1731
vn 0.1462 0.9730 -0.1784
vn 0.4389 0.7414 -0.5077
vn 0.4519 0.7394 -0.4990
vn 0.3329 0.8636 -0.3787
vn 0.0494 0.9949 -0.0881
vn -0.0581 0.9939 0.0936
vn -0.0871 0.9940 0.0663
vn -0.0397 0.8335 -0.5511
vn -0.0171 0.7353 -0.6775
vn -0.2392 0.8190 -0.5215
vn -0.5037 0.6663 -0.5498
vn -0.4736 0.6389 -0.6062
vn -0.3762 0.6790 -0.6303
vn -0.4097 0.6853 -0.6021
vn -0.4193 0.7333 -0.5352
vn -0.3590 0.8308 -0.4252
vn -0.2262 0.9316 -0.2846
vn -0.1454 0.9662 -0.2130
vn -0.1472 0.9608 -0.2348
vn -0.1403 0.9552 -0.2606
vn -0.0903 0.9709 -0.2218
vn -0.0418 0.9882 -0.1473
vn -0.0109 0.9975 -0.0701
vn -0.0020 0.9994 -0.0334
vn 0.0012 0.9933 0.1158
vn 0.0061 0.9718 0.2356
vn 0.0159 0.9043 0.4267
vn 0.0353 0.8423 0.5378
vn 0.0796 0.7844 0.6151
vn 0.0880 0.7547 0.6502
vn 0.1125 0.8094 0.5764
vn 0.2587 0.8708 0.4181
vn 0.3518 0.8827 0.3115
vn 0.3177 0.8958 0.3109
vn 0.2451 0.8987 0.3636
vn 0.2343 0.8240 0.5158
vn 0.2838 0.7790 0.5591
vn 0.3659 0.7937 0.4860
vn 0.5289 0.7959 0.2946
vn 0.6454 0.7612 -0.0642
vn 0.5357 0.8348 -0.1266
vn 0.3868 0.9198 0.0651
vn 0.3001 0.9384 0.1714
vn 0.2134 0.9688 0.1259
vn 0.4395 0.8934 0.0930
vn 0.6754 0.7289 0.1118
vn 0.6688 0.6354 -0.3860
vn 0.3452 0.4676 -0.8138
vn -0.0749 0.2924 -0.9533
vn 0.2178 0.8527 -0.4748
vn 0.6276 0.7284 0.2748
vn 0.0475 0.5742 0.8173
vn -0.0387 0.5282 0.8482
vn -0.0018 0.5370 0.8436
vn -0.1694 0.6549 0.7365
vn -0.3753 0.7107 0.5951
vn -0.4743 0.8765 0.0823
vn -0.2145 0.9451 -0.2464
vn -0.0727 0.9939 -0.0830
vn 0.3579 0.9220 -0.1480
vn 0.6114 0.6986 -0.3717
vn 0.6132 0.6429 -0.4590
vn 0.6250 0.6740 -0.3937
vn 0.6188 0.7670 -0.1698
vn 0.4799 0.8758 0.0513
vn 0.4428 0.8934 0.0755
vn 0.5955 0.7959 -0.1091
vn 0.6856 0.5303 -0.4987
vn 0.6664 0.6312 -0.3968
vn 0.4848 0.8455 -0.2238
vn 0.0484 0.8941 -0.4452
vn -0.1478 0.7320 -0.6651
vn -0.2103 0.7167 -0.6649
vn -0.3342 0.7373 -0.5872
vn -0.4229 0.7190 -0.5515
vn -0.4003 0.7648 -0.5048
vn -0.2727 0.8796 -0.3897
vn -0.1509 0.9523 -0.2653
vn -0.0908 0.9662 -0.2414
vn -0.0751 0.9577 -0.2777
vn -0.0530 0.9654 -0.2554
vn -0.0237 0.9847 -0.1726
vn -0.0055 0.9966 -0.0825
vn -0.0012 0.9993 -0.0387
vn 0.0022 0.9939 0.1104
vn 0.0076 0.9729 0.2312
vn 0.0124 0.9091 0.4164
vn 0.0300 0.8548 0.5181
vn 0.0630 0.7988 0.5983
vn 0.0681 0.7580 0.6487
vn 0.0664 0.8269 0.5584
vn 0.0800 0.9174 0.3899
vn 0.0639 0.9378 0.3412
vn -0.0324 0.9150 0.4022
vn -0.1573 0.8888 0.4305
vn -0.1589 0.8532 0.4968
vn -0.0305 0.8465 0.5315
vn 0.0683 0.8807 0.4687
vn 0.2102 0.9542 0.2131
vn 0.1864 0.9813 -0.0476
vn 0.0417 0.9990 -0.0156
vn -0.0299 0.9865 0.1609
vn 0.0882 0.9849 0.1487
vn 0.2901 0.9565 0.0313
vn 0.5453 0.8221 -0.1638
vn 0.6971 0.7147 -0.0570
vn 0.6844 0.6519 -0.3265
vn 0.4464 0.4918 -0.7475
vn 0.3199 0.2744 -0.9068
vn 0.5456 0.7484 -0.3770
vn 0.4598 0.7729 0.4373
vn -0.0099 0.4696 0.8828
vn 0.1115 0.5671 0.8160
vn 0.1798 0.5184 0.8360
vn 0.0920 0.5477 0.8316
vn -0.2888 0.6942 0.6593
vn -0.3271 0.9450 0.0014
vn -0.1671 0.8785 -0.4475
vn 0.2084 0.8882 -0.4095
vn 0.5978 0.6781 -0.4276
vn 0.6864 0.6051 -0.4033
vn 0.6855 0.5959 -0.4183
vn 0.6970 0.6274 -0.3474
vn 0.7191 0.6852 -0.1155
vn 0.7427 0.6670 0.0587
vn 0.7616 0.6478 0.0152
vn 0.7782 0.5570 -0.2902
vn 0.7304 0.5097 -0.4546
vn 0.7552 0.6273 -0.1903
vn 0.6316 0.7679 0.1064
vn 0.3069 0.9382 -0.1598
vn -0.0240 0.8109 -0.5847
vn -0.2230 0.7470 -0.6263
vn -0.2632 0.8009 -0.5378
vn -0.3370 0.7742 -0.5358
vn -0.3546 0.7522 -0.5554
vn -0.2859 0.8267 -0.4846
vn -0.1774 0.9204 -0.3484
vn -0.0751 0.9562 -0.2829
vn -0.0248 0.9579 -0.2860
vn -0.0185 0.9636 -0.2667
vn -0.0071 0.9828 -0.1848
vn 0.0005 0.9961 -0.0886
vn 0.0009 0.9992 -0.0390
vn 0.0032 0.9949 0.1013
vn 0.0110 0.9737 0.2278
vn 0.0099 0.9104 0.4137
vn 0.0119 0.8598 0.5105
vn 0.0128 0.8071 0.5903
vn -0.0221 0.7484 0.6629
vn -0.0618 0.8116 0.5809
vn -0.1435 0.8972 0.4177
vn -0.2648 0.8809 0.3922
vn -0.3562 0.8218 0.4447
vn -0.3627 0.8380 0.4078
vn -0.1175 0.9215 0.3701
vn 0.1719 0.8690 0.4639
vn 0.1950 0.8868 0.4190
vn 0.1208 0.9557 0.2684
vn -0.1755 0.9827 0.0589
vn -0.3140 0.9491 0.0244
vn -0.2059 0.9753 0.0795
vn 0.1527 0.9818 -0.1133
vn 0.4885 0.8422 -0.2282
vn 0.6967 0.6507 -0.3022
vn 0.7973 0.5842 -0.1518
vn 0.7839 0.5623 -0.2634
vn 0.6624 0.2822 -0.6940
vn 0.6574 0.1539 -0.7377
vn 0.5187 0.8447 -0.1321
vn 0.1262 0.7173 0.6853
vn -0.0307 0.4669 0.8838
vn -0.0547 0.6013 0.7972
vn 0.0507 0.6005 0.7980
vn 0.2748 0.4751 0.8359
vn 0.2193 0.6858 0.6940
vn 0.2181 0.9753 -0.0339
vn 0.2424 0.8013 -0.5469
vn 0.3890 0.7035 -0.5948
vn 0.4556 0.6910 -0.5612
vn 0.4887 0.7116 -0.5047
vn 0.4478 0.7527 -0.4826
vn 0.3374 0.8629 -0.3762
vn 0.4037 0.8982 -0.1740
vn 0.4702 0.8825 -0.0056
vn 0.5808 0.8083 -0.0967
vn 0.5995 0.6828 -0.4176
vn 0.5084 0.6783 -0.5306
vn 0.5434 0.8238 -0.1612
vn 0.5561 0.7717 0.3085
vn 0.3469 0.9245 0.1578
vn -0.2672 0.9124 -0.3101
vn -0.4452 0.6951 -0.5645
vn -0.4469 0.7297 -0.5175
vn -0.3902 0.7604 -0.5191
vn -0.3454 0.7513 -0.5624
vn -0.3241 0.7813 -0.5333
vn -0.2511 0.8700 -0.4244
vn -0.1333 0.9275 -0.3493
vn -0.0440 0.9485 -0.3138
vn -0.0129 0.9619 -0.2732
vn -0.0008 0.9817 -0.1907
vn 0.0034 0.9959 -0.0903
vn 0.0010 0.9994 -0.0357
vn 0.0050 0.9961 0.0877
vn 0.0187 0.9747 0.2228
vn 0.0206 0.9093 0.4157
vn 0.0160 0.8586 0.5123
vn 0.0100 0.7977 0.6030
vn -0.0012 0.7395 0.6732
vn -0.0001 0.7991 0.6012
vn -0.0665 0.8722 0.4846
vn -0.1586 0.8635 0.4788
vn -0.2122 0.8516 0.4792
vn -0.1299 0.9470 0.2939
vn 0.1116 0.9897 0.0901
vn 0.4652 0.8471 0.2568
vn 0.4940 0.7514 0.4374
vn 0.2816 0.8311 0.4795
vn -0.0662 0.9579 0.2794
vn -0.2092 0.9772 0.0362
vn 0.0306 0.9764 -0.2137
vn 0.4226 0.8325 -0.3584
vn 0.5898 0.6794 -0.4365
vn 0.6683 0.6086 -0.4278
vn 0.7722 0.5798 -0.2597
vn 0.8078 0.4201 -0.4135
vn 0.5654 0.0908 -0.8198
vn 0.7254 0.4733 -0.4999
vn 0.5745 0.7997 0.1746
vn 0.0805 0.5193 0.8508
vn -0.0719 0.4322 0.8989
vn -0.2921 0.5487 0.7833
vn -0.1487 0.7289 0.6683
vn 0.2731 0.5774 0.7694
vn 0.5522 0.5170 0.6541
vn 0.6523 0.7577 0.0199
vn 0.4698 0.7443 -0.4746
vn 0.1893 0.7936 -0.5782
vn -0.1093 0.8029 -0.5860
vn -0.2115 0.8101 -0.5467
vn -0.2146 0.8478 -0.4850
vn -0.2220 0.8989 -0.3777
vn -0.1854 0.9520 -0.2436
vn -0.1460 0.9862 -0.0780
vn -0.0822 0.9745 -0.2088
vn -0.1104 0.8411 -0.5295
vn -0.1368 0.7860 -0.6029
vn -0.0375 0.9676 -0.2496
vn 0.1821 0.9378 0.2956
vn 0.3483 0.8340 0.4279
vn 0.1867 0.9816 -0.0391
vn -0.1525 0.8997 -0.4090
vn -0.4384 0.7152 -0.5444
vn -0.4082 0.7260 -0.5534
vn -0.3685 0.7328 -0.5721
vn -0.3675 0.7483 -0.5523
vn -0.3223 0.8097 -0.4905
vn -0.2055 0.8795 -0.4291
vn -0.0947 0.9260 -0.3653
vn -0.0326 0.9551 -0.2946
vn -0.0021 0.9802 -0.1979
vn 0.0044 0.9959 -0.0908
vn 0.0015 0.9995 -0.0316
vn 0.0061 0.9977 0.0681
vn 0.0293 0.9781 0.2060
vn 0.0632 0.9115 0.4064
vn 0.0943 0.8571 0.5065
vn 0.1165 0.7986 0.5905
vn 0.1649 0.7423 0.6495
vn 0.1979 0.7728 0.6030
vn 0.1919 0.8395 0.5083
vn 0.1822 0.8435 0.5053
vn 0.1793 0.8706 0.4581
vn 0.2855 0.9433 0.1696
vn 0.4288 0.8990 -0.0887
vn 0.5184 0.8512 0.0819
vn 0.4769 0.7400 0.4743
vn 0.3545 0.7332 0.5803
vn 0.2620 0.8828 0.3899
vn 0.2646 0.9641 -0.0231
vn 0.3524 0.8469 -0.3982
vn 0.4010 0.7769 -0.4854
vn 0.3610 0.7448 -0.5613
vn 0.3568 0.7238 -0.5906
vn 0.5458 0.6942 -0.4692
vn 0.5907 0.3655 -0.7194
vn 0.5130 0.3908 -0.7643
vn 0.6031 0.7738 -0.1937
vn 0.5533 0.7232 0.4132
vn 0.0151 0.4085 0.9126
vn -0.0798 0.3670 0.9268
vn -0.3501 0.5505 0.7579
vn -0.3416 0.8036 0.4873
vn -0.0183 0.7777 0.6284
vn 0.3311 0.7053 0.6268
vn 0.6307 0.7483 0.2056
vn 0.4339 0.8651 -0.2515
vn -0.0291 0.9545 -0.2967
vn -0.4489 0.8257 -0.3416
vn -0.6477 0.6573 -0.3854
vn -0.6328 0.6373 -0.4398
vn -0.5602 0.7482 -0.3555
vn -0.6005 0.7770 -0.1891
vn -0.6067 0.7884 -0.1014
vn -0.5767 0.8044 -0.1431
vn -0.5811 0.7348 -0.3499
vn -0.5464 0.6325 -0.5490
vn -0.4812 0.7747 -0.4102
vn -0.2548 0.9621 0.0970
vn 0.1691 0.9578 0.2325
vn 0.4254 0.9030 0.0604
vn 0.3723 0.9132 -0.1659
vn 0.1538 0.8717 -0.4653
vn -0.0958 0.8340 -0.5434
vn -0.2808 0.7546 -0.5931
vn -0.2949 0.7650 -0.5726
vn -0.2809 0.7889 -0.5465
vn -0.2056 0.8384 -0.5048
vn -0.1146 0.8962 -0.4285
vn -0.0404 0.9424 -0.3322
vn -0.0012 0.9767 -0.2147
vn 0.0067 0.9958 -0.0908
vn 0.0017 0.9997 -0.0260
vn 0.0065 0.9990 0.0451
vn 0.0349 0.9843 0.1729
vn 0.0972 0.9261 0.3644
vn 0.1746 0.8679 0.4649
vn 0.2467 0.8039 0.5412
vn 0.3216 0.7334 0.5989
vn 0.3474 0.7309 0.5875
vn 0.2863 0.8024 0.5236
vn 0.2123 0.8472 0.4871
vn 0.2918 0.8664 0.4053
vn 0.3873 0.9161 0.1039
vn 0.3616 0.9262 -0.1068
vn 0.2688 0.9545 0.1290
vn 0.2199 0.8436 0.4898
vn 0.2618 0.7364 0.6239
vn 0.3555 0.8340 0.4220
vn 0.4044 0.9142 -0.0266
vn 0.3912 0.8234 -0.4109
vn 0.3121 0.8302 -0.4619
vn 0.1492 0.8345 -0.5304
vn 0.0134 0.7442 -0.6679
vn 0.1620 0.6905 -0.7049
vn 0.2600 0.4164 -0.8712
vn 0.3143 0.6543 -0.6878
vn 0.2682 0.9620 -0.0513
vn 0.1004 0.8243 0.5573
vn -0.1021 0.3866 0.9166
vn 0.0177 0.3460 0.9381
vn 0.0173 0.6663 0.7454
vn -0.0593 0.9121 0.4057
vn 0.0685 0.8552 0.5138
vn 0.1694 0.8588 0.4835
vn 0.3707 0.9056 0.2060
vn 0.4918 0.8670 -0.0804
vn 0.3147 0.9492 0.0017
vn 0.0814 0.9956 -0.0461
vn -0.1399 0.9480 -0.2859
vn -0.3718 0.8041 -0.4640
vn -0.5871 0.7177 -0.3745
vn -0.6669 0.7166 -0.2041
vn -0.5970 0.7863 -0.1592
vn -0.4848 0.8426 -0.2346
vn -0.3189 0.8756 -0.3628
vn -0.3655 0.7358 -0.5701
vn -0.4660 0.6996 -0.5418
vn -0.2585 0.9363 -0.2378
vn 0.1883 0.9812 -0.0423
vn 0.4754 0.8754 -0.0877
vn 0.5772 0.7958 -0.1833
vn 0.5421 0.7887 -0.2900
vn 0.3414 0.8781 -0.3353
vn 0.1678 0.8262 -0.5378
vn 0.0663 0.8108 -0.5816
vn -0.0662 0.8343 -0.5473
vn -0.1276 0.8235 -0.5528
vn -0.0771 0.8745 -0.4789
vn -0.0232 0.9302 -0.3662
vn 0.0032 0.9731 -0.2304
vn 0.0077 0.9961 -0.0881
vn 0.0019 0.9998 -0.0195
vn 0.0052 0.9997 0.0225
vn 0.0340 0.9908 0.1308
vn 0.1131 0.9454 0.3056
vn 0.2061 0.8931 0.3999
vn 0.2990 0.8321 0.4671
vn 0.3882 0.7495 0.5362
vn 0.4179 0.6939 0.5864
vn 0.3419 0.7261 0.5965
vn 0.2019 0.8389 0.5055
vn 0.2589 0.8920 0.3705
vn 0.2885 0.9526 0.0967
vn 0.2022 0.9792 -0.0150
vn 0.0584 0.9816 0.1816
vn -0.0067 0.8633 0.5047
vn 0.1221 0.8008 0.5864
vn 0.2885 0.8792 0.3793
vn 0.3830 0.9199 -0.0844
vn 0.3181 0.8577 -0.4039
vn 0.2289 0.8992 -0.3728
vn 0.1335 0.8902 -0.4356
vn -0.0573 0.8036 -0.5924
vn -0.2301 0.6450 -0.7288
vn -0.2197 0.4622 -0.8592
vn 0.0114 0.7168 -0.6971
vn 0.1359 0.9895 0.0490
vn -0.1061 0.7288 0.6764
vn -0.0391 0.4566 0.8888
vn 0.2467 0.3753 0.8934
vn 0.5494 0.4182 0.7233
vn 0.5602 0.7257 0.3994
vn 0.5523 0.7382 0.3872
vn 0.5648 0.7164 0.4096
vn 0.6277 0.7777 0.0346
vn 0.7706 0.6183 -0.1545
vn 0.8130 0.5818 0.0250
vn 0.7404 0.6526 0.1610
vn 0.5690 0.8162 -0.0998
vn 0.2700 0.9226 -0.2755
vn -0.0489 0.9672 -0.2495
vn -0.2223 0.9479 -0.2281
vn -0.1012 0.9319 -0.3484
vn -0.0373 0.9219 -0.3857
vn 0.0734 0.8873 -0.4553
vn 0.0033 0.8628 -0.5056
vn -0.2639 0.7755 -0.5735
vn -0.2549 0.8217 -0.5098
vn 0.0877 0.9437 -0.3189
vn 0.4311 0.8430 -0.3218
vn 0.5195 0.8236 -0.2277
vn 0.5098 0.8350 -0.2071
vn 0.5014 0.8171 -0.2844
vn 0.4776 0.7665 -0.4294
vn 0.3505 0.8220 -0.4488
vn 0.1676 0.8827 -0.4390
vn 0.0100 0.8503 -0.5262
vn -0.0264 0.8650 -0.5011
vn -0.0004 0.9220 -0.3873
vn 0.0134 0.9710 -0.2386
vn 0.0100 0.9964 -0.0837
vn 0.0023 0.9999 -0.0120
vn 0.0023 1.0000 0.0063
vn 0.0241 0.9959 0.0872
vn 0.1038 0.9660 0.2367
vn 0.1999 0.9236 0.3270
vn 0.2996 0.8687 0.3945
vn 0.3900 0.7874 0.4775
vn 0.4428 0.7003 0.5599
vn 0.4571 0.6596 0.5966
vn 0.4288 0.7431 0.5138
vn 0.4269 0.8415 0.3312
vn 0.4343 0.8922 0.1244
vn 0.3804 0.9189 0.1047
vn 0.2081 0.9413 0.2658
vn 0.1425 0.8537 0.5008
vn 0.2426 0.8443 0.4777
vn 0.3588 0.8670 0.3458
vn 0.2708 0.9605 -0.0645
vn -0.1276 0.9553 -0.2665
vn -0.1672 0.8984 -0.4062
vn -0.0060 0.9145 -0.4047
vn 0.0774 0.8308 -0.5512
vn -0.0297 0.7523 -0.6581
vn -0.1474 0.5332 -0.8331
vn -0.1995 0.6665 -0.7183
vn 0.1560 0.9876 -0.0165
vn 0.1666 0.7683 0.6180
vn 0.1888 0.5165 0.8352
vn 0.4441 0.4304 0.7859
vn 0.6516 0.4242 0.6288
vn 0.7653 0.4802 0.4287
vn 0.8035 0.5326 0.2660
vn 0.8367 0.4851 0.2540
vn 0.8666 0.4987 -0.0158
vn 0.8611 0.4847 -0.1534
vn 0.8619 0.5067 0.0189
vn 0.8190 0.5177 0.2473
vn 0.7542 0.6292 0.1878
vn 0.5610 0.8278 -0.0049
vn 0.3747 0.9208 -0.1082
vn 0.4124 0.8756 -0.2515
vn 0.5019 0.7927 -0.3459
vn 0.4545 0.8320 -0.3181
vn 0.4491 0.7847 -0.4273
vn 0.4181 0.8310 -0.3669
vn 0.2311 0.8603 -0.4543
vn 0.0548 0.8371 -0.5442
vn 0.0795 0.8493 -0.5218
vn 0.2104 0.8767 -0.4325
vn 0.2789 0.9191 -0.2783
vn 0.3189 0.9148 -0.2477
vn 0.3760 0.8556 -0.3557
vn 0.3693 0.8327 -0.4126
vn 0.3009 0.8894 -0.3443
vn 0.2397 0.9027 -0.3574
vn 0.1564 0.8767 -0.4549
vn 0.0803 0.8706 -0.4854
vn 0.0564 0.9174 -0.3940
vn 0.0386 0.9717 -0.2330
vn 0.0125 0.9973 -0.0724
vn 0.0016 1.0000 -0.0044
vn -0.0000 1.0000 0.0002
vn 0.0124 0.9987 0.0503
vn 0.0841 0.9815 0.1722
vn 0.1686 0.9517 0.2565
vn 0.2638 0.9108 0.3175
vn 0.3678 0.8393 0.4004
vn 0.4605 0.7382 0.4929
vn 0.5364 0.6529 0.5348
vn 0.5989 0.6273 0.4978
vn 0.6095 0.7237 0.3237
vn 0.6111 0.7799 0.1350
vn 0.5811 0.7976 0.1614
vn 0.4815 0.8200 0.3095
vn 0.4731 0.7774 0.4145
vn 0.5093 0.7631 0.3979
vn 0.4952 0.7781 0.3864
vn 0.2194 0.9388 0.2654
vn -0.1675 0.9855 -0.0266
vn -0.2242 0.8628 -0.4530
vn -0.0155 0.8277 -0.5610
vn 0.2534 0.7548 -0.6051
vn 0.3203 0.7210 -0.6145
vn 0.2365 0.5168 -0.8228
vn 0.2249 0.6065 -0.7626
vn 0.2861 0.9477 -0.1414
vn 0.2888 0.7942 0.5346
vn 0.3599 0.5655 0.7421
vn 0.5284 0.5081 0.6802
vn 0.6554 0.4785 0.5844
vn 0.7481 0.4824 0.4558
vn 0.8137 0.5391 0.2174
vn 0.8628 0.4953 0.1016
vn 0.8938 0.4484 0.0077
vn 0.8647 0.4988 -0.0596
vn 0.8153 0.5729 0.0841
vn 0.7723 0.5638 0.2928
vn 0.7760 0.5490 0.3105
vn 0.7623 0.6216 0.1803
vn 0.6777 0.7348 -0.0285
vn 0.6300 0.7307 -0.2631
vn 0.5553 0.7746 -0.3028
vn 0.5971 0.7207 -0.3521
vn 0.6314 0.6826 -0.3680
vn 0.6149 0.7580 -0.2177
vn 0.5248 0.8074 -0.2698
vn 0.3995 0.8143 -0.4211
vn 0.2959 0.8153 -0.4977
vn 0.1866 0.8815 -0.4339
vn 0.1745 0.9346 -0.3098
vn 0.2282 0.9244 -0.3056
vn 0.2204 0.8973 -0.3824
vn 0.1917 0.8925 -0.4084
vn 0.2036 0.9147 -0.3490
vn 0.2594 0.8962 -0.3599
vn 0.2498 0.8737 -0.4174
vn 0.1737 0.8836 -0.4348
vn 0.1099 0.9259 -0.3614
vn 0.0560 0.9779 -0.2013
vn 0.0093 0.9987 -0.0510
vn 0.0001 1.0000 -0.0001
vn 0.0001 1.0000 0.0001
vn 0.0054 0.9997 0.0229
vn 0.0629 0.9916 0.1128
vn 0.1404 0.9711 0.1928
vn 0.2234 0.9435 0.2447
vn 0.3161 0.8939 0.3179
vn 0.4159 0.8078 0.4177
vn 0.5106 0.7157 0.4765
vn 0.5937 0.6568 0.4649
vn 0.6501 0.6738 0.3513
vn 0.6416 0.7444 0.1851
vn 0.5832 0.7870 0.2013
vn 0.5578 0.7627 0.3272
vn 0.5466 0.7549 0.3624
vn 0.5705 0.7337 0.3690
vn 0.5591 0.7171 0.4161
vn 0.4879 0.7470 0.4516
vn 0.3717 0.9271 0.0486
vn 0.3060 0.8480 -0.4328
vn 0.3170 0.7080 -0.6311
vn 0.3789 0.6800 -0.6277
vn 0.4147 0.6698 -0.6159
vn 0.2333 0.5372 -0.8106
vn 0.0927 0.7058 -0.7023
vn 0.2292 0.9537 -0.1948
vn 0.2785 0.8604 0.4267
vn 0.4009 0.6394 0.6561
vn 0.5244 0.5871 0.6167
vn 0.6228 0.5565 0.5499
vn 0.7420 0.5153 0.4289
vn 0.8218 0.5277 0.2149
vn 0.8368 0.5470 0.0207
vn 0.8409 0.5412 0.0004
vn 0.8179 0.5720 0.0625
vn 0.7695 0.6083 0.1944
vn 0.7279 0.6098 0.3135
vn 0.7561 0.5815 0.3004
vn 0.7941 0.5651 0.2237
vn 0.7801 0.6205 0.0800
vn 0.7080 0.6881 -0.1589
vn 0.6193 0.7422 -0.2562
vn 0.6010 0.6908 -0.4019
vn 0.6023 0.7129 -0.3592
vn 0.6361 0.7486 -0.1872
vn 0.6402 0.7373 -0.2160
vn 0.5886 0.7419 -0.3211
vn 0.4715 0.8028 -0.3649
vn 0.3582 0.8679 -0.3443
vn 0.2861 0.9127 -0.2917
vn 0.2902 0.9060 -0.3080
vn 0.2757 0.8922 -0.3579
vn 0.2359 0.8894 -0.3916
vn 0.2194 0.9021 -0.3717
vn 0.2233 0.8986 -0.3777
vn 0.2275 0.8874 -0.4010
vn 0.1958 0.8976 -0.3949
vn 0.1223 0.9429 -0.3098
vn 0.0567 0.9861 -0.1563
vn 0.0056 0.9996 -0.0282
vn 0.0024 1.0000 0.0066
vn 0.0380 0.9973 0.0625
vn 0.1058 0.9851 0.1354
vn 0.1768 0.9671 0.1829
vn 0.2562 0.9346 0.2468
vn 0.3455 0.8729 0.3445
vn 0.4390 0.7972 0.4144
vn 0.5312 0.7340 0.4233
vn 0.6063 0.7026 0.3725
vn 0.6088 0.7455 0.2713
vn 0.5457 0.8025 0.2413
vn 0.5443 0.7778 0.3144
vn 0.5630 0.7467 0.3544
vn 0.5574 0.7414 0.3737
vn 0.5308 0.7428 0.4080
vn 0.5989 0.6855 0.4140
vn 0.6811 0.7263 0.0931
vn 0.6561 0.6581 -0.3693
vn 0.5542 0.6432 -0.5284
vn 0.4150 0.6843 -0.5996
vn 0.3482 0.7119 -0.6098
vn 0.2918 0.6366 -0.7138
vn 0.0496 0.6225 -0.7810
vn 0.2729 0.9122 -0.3058
vn 0.2456 0.9041 0.3498
vn 0.4234 0.7249 0.5433
vn 0.4900 0.6715 0.5559
vn 0.6109 0.6203 0.4920
vn 0.7113 0.5976 0.3701
vn 0.7638 0.6024 0.2320
vn 0.7700 0.6322 0.0860
vn 0.7362 0.6753 0.0444
vn 0.7067 0.6951 0.1320
vn 0.6780 0.6887 0.2569
vn 0.6877 0.6586 0.3054
vn 0.7359 0.6254 0.2594
vn 0.7730 0.6083 0.1799
vn 0.8027 0.5839 0.1211
vn 0.7862 0.6178 -0.0173
vn 0.7343 0.6583 -0.1658
vn 0.6691 0.6586 -0.3442
vn 0.6265 0.7022 -0.3381
vn 0.6547 0.7250 -0.2140
vn 0.6393 0.7466 -0.1842
vn 0.5687 0.7898 -0.2297
vn 0.5142 0.8095 -0.2834
vn 0.4726 0.8416 -0.2615
vn 0.4446 0.8599 -0.2510
vn 0.4532 0.8420 -0.2927
vn 0.4612 0.8263 -0.3231
vn 0.4137 0.8487 -0.3296
vn 0.3269 0.8886 -0.3216
vn 0.2395 0.9024 -0.3581
vn 0.2127 0.8940 -0.3945
vn 0.1858 0.9148 -0.3586
vn 0.1195 0.9594 -0.2555
vn 0.0466 0.9932 -0.1069
vn 0.0035 0.9999 -0.0099
vn -0.0000 1.0000 0.0004
vn 0.0151 0.9995 0.0267
vn 0.0701 0.9938 0.0867
vn 0.1274 0.9832 0.1305
vn 0.1940 0.9635 0.1846
vn 0.2738 0.9214 0.2757
vn 0.3620 0.8623 0.3542
vn 0.4423 0.8144 0.3757
vn 0.5180 0.7791 0.3530
vn 0.5599 0.7661 0.3157
vn 0.5479 0.7899 0.2753
vn 0.5601 0.7819 0.2738
vn 0.6097 0.7323 0.3034
vn 0.6368 0.6838 0.3563
vn 0.6257 0.6856 0.3722
vn 0.6769 0.6792 0.2837
vn 0.7902 0.6128 -0.0090
vn 0.7705 0.5740 -0.2772
vn 0.6980 0.6175 -0.3627
vn 0.6015 0.6440 -0.4726
vn 0.5415 0.6543 -0.5279
vn 0.4794 0.5615 -0.6745
vn 0.4255 0.5611 -0.7100
vn 0.3687 0.9079 -0.1994
vn 0.3117 0.9031 0.2955
vn 0.3886 0.7978 0.4610
vn 0.3597 0.7626 0.5376
vn 0.4964 0.7389 0.4556
vn 0.5530 0.7255 0.4098
vn 0.5528 0.7729 0.3113
vn 0.5698 0.8060 0.1601
vn 0.5532 0.8277 0.0939
vn 0.5421 0.8232 0.1686
vn 0.5573 0.7841 0.2730
vn 0.5912 0.7519 0.2918
vn 0.6304 0.7382 0.2400
vn 0.6738 0.7209 0.1624
vn 0.7140 0.6900 0.1185
vn 0.7296 0.6837 0.0140
vn 0.7140 0.6866 -0.1372
vn 0.6756 0.6814 -0.2817
vn 0.6238 0.7213 -0.3009
vn 0.5916 0.7827 -0.1932
vn 0.5324 0.8358 -0.1344
vn 0.5063 0.8360 -0.2116
vn 0.5057 0.8199 -0.2684
vn 0.5082 0.8243 -0.2495
vn 0.5404 0.7994 -0.2623
vn 0.5348 0.7960 -0.2837
vn 0.5218 0.8021 -0.2904
vn 0.4849 0.8380 -0.2503
vn 0.4092 0.8847 -0.2233
vn 0.3174 0.9002 -0.2981
vn 0.2378 0.9017 -0.3611
vn 0.1862 0.9289 -0.3200
vn 0.1134 0.9737 -0.1975
vn 0.0255 0.9981 -0.0566
vn 0.0002 1.0000 -0.0005
vn 0.0029 1.0000 0.0064
vn 0.0385 0.9982 0.0453
vn 0.0877 0.9921 0.0893
vn 0.1383 0.9812 0.1348
vn 0.2009 0.9559 0.2144
vn 0.2777 0.9130 0.2988
vn 0.3451 0.8779 0.3320
vn 0.4117 0.8515 0.3247
vn 0.4582 0.8320 0.3127
vn 0.4962 0.8223 0.2785
vn 0.5477 0.8047 0.2290
vn 0.6157 0.7571 0.2185
vn 0.6850 0.6723 0.2805
vn 0.7336 0.6096 0.3003
vn 0.7895 0.5886 0.1742
vn 0.8255 0.5585 -0.0817
vn 0.7970 0.5585 -0.2298
vn 0.7675 0.5674 -0.2983
vn 0.7303 0.5764 -0.3668
vn 0.6829 0.5797 -0.4445
vn 0.6186 0.4618 -0.6356
vn 0.5457 0.6360 -0.5456
vn 0.3370 0.9415 -0.0070
vn 0.2413 0.9293 0.2797
vn 0.1459 0.8596 0.4896
vn 0.1725 0.8413 0.5123
vn 0.2967 0.8581 0.4191
vn 0.3296 0.8275 0.4546
vn 0.3234 0.8662 0.3809
vn 0.3149 0.9332 0.1732
vn 0.3347 0.9368 0.1019
vn 0.3707 0.9165 0.1503
vn 0.4325 0.8668 0.2483
vn 0.4695 0.8308 0.2989
vn 0.4630 0.8480 0.2581
vn 0.4834 0.8648 0.1356
vn 0.5567 0.8272 0.0769
vn 0.6106 0.7919 0.0090
vn 0.6352 0.7537 -0.1689
vn 0.6321 0.7263 -0.2702
vn 0.5751 0.7822 -0.2397
vn 0.5009 0.8576 -0.1168
vn 0.4417 0.8913 -0.1025
vn 0.4360 0.8681 -0.2373
vn 0.4700 0.8328 -0.2924
vn 0.4990 0.8208 -0.2779
vn 0.5037 0.8208 -0.2694
vn 0.4799 0.8323 -0.2773
vn 0.4530 0.8477 -0.2759
vn 0.4244 0.8796 -0.2150
vn 0.4097 0.8946 -0.1786
vn 0.3700 0.8983 -0.2372
vn 0.2864 0.9103 -0.2989
vn 0.1936 0.9467 -0.2575
vn 0.0855 0.9889 -0.1213
vn 0.0067 0.9998 -0.0165
vn 0.0132 0.9998 0.0155
vn 0.0541 0.9971 0.0542
vn 0.0967 0.9906 0.0971
vn 0.1456 0.9753 0.1661
vn 0.2088 0.9455 0.2497
vn 0.2690 0.9177 0.2923
vn 0.3280 0.8987 0.2912
vn 0.3838 0.8790 0.2829
vn 0.4482 0.8598 0.2448
vn 0.5082 0.8441 0.1711
vn 0.5716 0.8088 0.1384
vn 0.6353 0.7519 0.1764
vn 0.7289 0.6585 0.1872
vn 0.8078 0.5842 0.0791
vn 0.8243 0.5622 -0.0677
vn 0.7932 0.5863 -0.1645
vn 0.7515 0.5977 -0.2794
vn 0.7080 0.6141 -0.3487
vn 0.6656 0.5660 -0.4864
vn 0.6054 0.5180 -0.6043
vn 0.4715 0.8323 -0.2915
vn 0.2172 0.9631 0.1591
vn 0.1821 0.9187 0.3505
vn -0.0095 0.8548 0.5189
vn 0.1208 0.8834 0.4528
vn 0.1716 0.9057 0.3876
vn 0.1773 0.8773 0.4459
vn 0.2577 0.8761 0.4075
vn 0.2712 0.9451 0.1823
vn 0.2939 0.9521 0.0846
vn 0.3132 0.9440 0.1037
vn 0.3721 0.9074 0.1955
vn 0.4269 0.8577 0.2865
vn 0.4276 0.8546 0.2948
vn 0.3765 0.9170 0.1317
vn 0.3638 0.9314 0.0072
vn 0.4738 0.8771 -0.0790
vn 0.5732 0.7835 -0.2400
vn 0.5763 0.7804 -0.2427
vn 0.5317 0.8296 -0.1703
vn 0.4684 0.8824 -0.0449
vn 0.4248 0.9011 -0.0875
vn 0.3981 0.8798 -0.2598
vn 0.4296 0.8382 -0.3358
vn 0.4552 0.8404 -0.2940
vn 0.4488 0.8550 -0.2598
vn 0.4253 0.8661 -0.2627
vn 0.3865 0.8871 -0.2525
vn 0.3552 0.9122 -0.2044
vn 0.3551 0.9177 -0.1778
vn 0.3444 0.9158 -0.2066
vn 0.2760 0.9332 -0.2301
vn 0.1511 0.9751 -0.1622
vn 0.0354 0.9983 -0.0456
vn 0.0001 1.0000 -0.0004
vn 0.0037 1.0000 -0.0000
vn 0.0086 1.0000 -0.0014
vn 0.0126 0.9999 -0.0007
vn 0.0150 0.9999 0.0019
vn 0.0372 0.9991 0.0221
vn 0.0776 0.9949 0.0641
vn 0.1238 0.9845 0.1241
vn 0.1871 0.9620 0.1990
vn 0.2577 0.9342 0.2469
vn 0.3175 0.9151 0.2486
vn 0.3689 0.8998 0.2329
vn 0.4305 0.8808 0.1971
vn 0.4783 0.8691 0.1263
vn 0.5187 0.8495 0.0962
vn 0.5535 0.8268 0.1002
vn 0.6341 0.7697 0.0734
vn 0.7151 0.6985 -0.0277
vn 0.7362 0.6724 -0.0762
vn 0.7203 0.6794 -0.1401
vn 0.6685 0.6973 -0.2586
vn 0.6163 0.7021 -0.3568
vn 0.6196 0.5613 -0.5487
vn 0.5403 0.7013 -0.4650
vn 0.2864 0.9579 -0.0176
vn 0.0966 0.9725 0.2117
vn 0.0502 0.9129 0.4051
vn 0.0139 0.8628 0.5054
vn 0.1402 0.9003 0.4120
vn 0.1470 0.9085 0.3913
vn 0.1397 0.8985 0.4162
vn 0.2656 0.8986 0.3493
vn 0.3616 0.9203 0.1496
vn 0.4166 0.9067 0.0657
vn 0.4190 0.9038 0.0878
vn 0.4413 0.8872 0.1346
vn 0.5072 0.8346 0.2148
vn 0.5538 0.7811 0.2885
vn 0.5113 0.8337 0.2087
vn 0.4256 0.9049 -0.0058
vn 0.4978 0.8426 -0.2054
vn 0.5657 0.7704 -0.2941
vn 0.5748 0.7898 -0.2140
vn 0.5671 0.8150 -0.1195
vn 0.5493 0.8356 -0.0053
vn 0.5299 0.8465 -0.0526
vn 0.4679 0.8501 -0.2416
vn 0.4293 0.8356 -0.3428
vn 0.4264 0.8542 -0.2974
vn 0.4227 0.8713 -0.2493
vn 0.3966 0.8874 -0.2349
vn 0.3510 0.9107 -0.2178
vn 0.3208 0.9274 -0.1923
vn 0.3075 0.9352 -0.1754
vn 0.2761 0.9449 -0.1759
vn 0.1943 0.9691 -0.1517
vn 0.0689 0.9954 -0.0659
vn 0.0025 1.0000 -0.0054
vn 0.0641 0.9979 -0.0068
vn 0.0976 0.9951 -0.0150
vn 0.1180 0.9930 -0.0064
vn 0.1237 0.9923 -0.0013
vn 0.1234 0.9923 0.0072
vn 0.1358 0.9901 0.0354
vn 0.1662 0.9826 0.0826
vn 0.2209 0.9651 0.1408
vn 0.2964 0.9371 0.1845
vn 0.3714 0.9076 0.1958
vn 0.4311 0.8828 0.1868
vn 0.4780 0.8647 0.1545
vn 0.5079 0.8561 0.0957
vn 0.5270 0.8471 0.0694
vn 0.5438 0.8375 0.0529
vn 0.5935 0.8048 -0.0088
vn 0.6040 0.7931 -0.0781
vn 0.5885 0.8046 -0.0789
vn 0.5840 0.8001 -0.1371
vn 0.5798 0.7729 -0.2578
vn 0.6136 0.6561 -0.4393
vn 0.5751 0.6331 -0.5181
vn 0.3554 0.9128 -0.2010
vn 0.0799 0.9777 0.1940
vn -0.1101 0.9451 0.3077
vn -0.2172 0.8772 0.4281
vn -0.0050 0.9199 0.3921
vn 0.1586 0.9168 0.3665
vn 0.2199 0.9003 0.3757
vn 0.2764 0.8956 0.3486
vn 0.4242 0.8723 0.2433
vn 0.5074 0.8571 0.0891
vn 0.5316 0.8463 0.0340
vn 0.5468 0.8344 0.0682
vn 0.5781 0.8122 0.0789
vn 0.6285 0.7685 0.1203
vn 0.6745 0.7061 0.2158
vn 0.6912 0.6827 0.2369
vn 0.6652 0.7465 0.0188
vn 0.6535 0.7223 -0.2261
vn 0.6263 0.7309 -0.2713
vn 0.6222 0.7563 -0.2019
vn 0.6293 0.7704 -0.1019
vn 0.6287 0.7776 -0.0084
vn 0.6320 0.7748 -0.0159
vn 0.5894 0.7886 -0.1754
vn 0.5088 0.8129 -0.2835
vn 0.4536 0.8487 -0.2720
vn 0.4206 0.8780 -0.2284
vn 0.3850 0.9009 -0.2006
vn 0.3443 0.9203 -0.1860
vn 0.3081 0.9357 -0.1718
vn 0.2622 0.9536 -0.1481
vn 0.1926 0.9737 -0.1214
vn 0.0862 0.9943 -0.0628
vn 0.0104 0.9999 -0.0096
vn 0.1314 0.9900 -0.0506
vn 0.1640 0.9854 -0.0457
vn 0.1816 0.9833 -0.0159
vn 0.1825 0.9832 -0.0003
vn 0.1785 0.9839 0.0111
vn 0.1773 0.9838 0.0281
vn 0.1900 0.9801 0.0583
vn 0.2257 0.9697 0.0938
vn 0.2851 0.9507 0.1222
vn 0.3542 0.9256 0.1334
vn 0.4188 0.8987 0.1298
vn 0.4755 0.8724 0.1131
vn 0.5080 0.8575 0.0814
vn 0.5161 0.8547 0.0560
vn 0.5301 0.8470 0.0396
vn 0.5286 0.8487 -0.0155
vn 0.4955 0.8671 -0.0517
vn 0.4828 0.8717 -0.0838
vn 0.4992 0.8486 -0.1751
vn 0.5145 0.7865 -0.3418
vn 0.4266 0.7547 -0.4985
vn 0.2534 0.8969 -0.3624
vn 0.0509 0.9983 0.0283
vn -0.1123 0.9394 0.3240
vn -0.1897 0.9024 0.3869
vn -0.0993 0.9381 0.3318
vn 0.1050 0.9598 0.2603
vn 0.2304 0.9341 0.2727
vn 0.3409 0.8922 0.2963
vn 0.4518 0.8578 0.2452
vn 0.5533 0.8239 0.1225
vn 0.6082 0.7916 0.0590
vn 0.6103 0.7914 0.0350
vn 0.6171 0.7862 0.0331
vn 0.6478 0.7615 0.0224
vn 0.6802 0.7312 0.0524
vn 0.7161 0.6853 0.1328
vn 0.7604 0.6267 0.1704
vn 0.7915 0.6098 0.0406
vn 0.7580 0.6379 -0.1359
vn 0.6985 0.6888 -0.1940
vn 0.6615 0.7299 -0.1725
vn 0.6420 0.7615 -0.0891
vn 0.6462 0.7629 -0.0205
vn 0.6655 0.7460 -0.0235
vn 0.6566 0.7455 -0.1146
vn 0.5866 0.7886 -0.1845
vn 0.5057 0.8391 -0.2004
vn 0.4427 0.8779 -0.1826
vn 0.3846 0.9092 -0.1595
vn 0.3281 0.9330 -0.1480
vn 0.2555 0.9587 -0.1247
vn 0.1708 0.9813 -0.0893
vn 0.0769 0.9961 -0.0442
vn 0.0125 0.9999 -0.0075
vn 0.0707 0.9943 -0.0803
vn 0.0788 0.9951 -0.0590
vn 0.0892 0.9958 -0.0209
vn 0.0891 0.9960 0.0016
vn 0.0886 0.9960 0.0116
vn 0.0921 0.9955 0.0235
vn 0.1072 0.9934 0.0410
vn 0.1385 0.9885 0.0611
vn 0.1852 0.9796 0.0782
vn 0.2387 0.9672 0.0868
vn 0.2922 0.9524 0.0867
vn 0.3405 0.9369 0.0788
vn 0.3749 0.9248 0.0643
vn 0.3927 0.9183 0.0498
vn 0.4021 0.9150 0.0336
vn 0.3974 0.9176 0.0007
vn 0.3761 0.9258 -0.0370
vn 0.3596 0.9287 -0.0910
vn 0.3393 0.9213 -0.1899
vn 0.2510 0.9077 -0.3364
vn 0.0216 0.9292 -0.3690
vn -0.1630 0.9603 -0.2264
vn -0.2172 0.9659 0.1407
vn -0.1226 0.9401 0.3180
vn 0.0558 0.9411 0.3336
vn 0.1662 0.9631 0.2119
vn 0.2431 0.9526 0.1827
vn 0.3301 0.9269 0.1784
vn 0.4149 0.8910 0.1843
vn 0.5229 0.8370 0.1614
vn 0.5622 0.8234 0.0766
vn 0.5740 0.8181 0.0355
vn 0.5832 0.8120 0.0221
vn 0.6020 0.7984 0.0140
vn 0.6118 0.7910 -0.0052
vn 0.6241 0.7812 0.0135
vn 0.6567 0.7515 0.0640
vn 0.7135 0.6950 0.0890
vn 0.7546 0.6555 0.0313
vn 0.7402 0.6700 -0.0569
vn 0.6912 0.7147 -0.1068
vn 0.6324 0.7667 -0.1108
vn 0.5950 0.8002 -0.0752
vn 0.5908 0.8058 -0.0407
vn 0.6015 0.7977 -0.0436
vn 0.5906 0.8030 -0.0794
vn 0.5432 0.8321 -0.1121
vn 0.4660 0.8761 -0.1236
vn 0.3837 0.9162 -0.1157
vn 0.3042 0.9472 -0.1015
vn 0.2188 0.9722 -0.0838
vn 0.1241 0.9909 -0.0529
vn 0.0487 0.9986 -0.0225
vn 0.0065 1.0000 -0.0021
vn -0.0231 0.9964 -0.0818
vn -0.0302 0.9977 -0.0610
vn -0.0375 0.9990 -0.0236
vn -0.0390 0.9992 0.0024
vn -0.0381 0.9992 0.0096
vn -0.0309 0.9994 0.0160
vn -0.0143 0.9996 0.0240
vn 0.0142 0.9993 0.0339
vn 0.0527 0.9977 0.0438
vn 0.0960 0.9941 0.0504
vn 0.1396 0.9889 0.0516
vn 0.1809 0.9823 0.0491
vn 0.2132 0.9760 0.0452
vn 0.2309 0.9720 0.0426
vn 0.2317 0.9722 0.0347
vn 0.2158 0.9763 0.0162
vn 0.1881 0.9820 -0.0198
vn 0.1540 0.9852 -0.0754
vn 0.1013 0.9834 -0.1507
vn -0.0143 0.9770 -0.2130
vn -0.1631 0.9653 -0.2038
vn -0.2783 0.9494 -0.1460
vn -0.2410 0.9679 0.0714
vn -0.0712 0.9843 0.1617
vn 0.1328 0.9712 0.1977
vn 0.2671 0.9493 0.1660
vn 0.3216 0.9378 0.1310
vn 0.3656 0.9229 0.1212
vn 0.4151 0.9018 0.1202
vn 0.4665 0.8779 0.1078
vn 0.4874 0.8703 0.0712
vn 0.4883 0.8720 0.0344
vn 0.4911 0.8710 0.0126
vn 0.5039 0.8638 -0.0011
vn 0.5057 0.8626 -0.0090
vn 0.5033 0.8641 -0.0006
vn 0.5204 0.8538 0.0153
vn 0.5655 0.8243 0.0259
vn 0.5999 0.8001 0.0079
vn 0.5985 0.8007 -0.0265
vn 0.5679 0.8216 -0.0498
vn 0.5161 0.8548 -0.0537
vn 0.4720 0.8803 -0.0469
vn 0.4441 0.8951 -0.0382
vn 0.4305 0.9015 -0.0439
vn 0.4014 0.9143 -0.0541
vn 0.3489 0.9354 -0.0582
vn 0.2782 0.9587 -0.0584
vn 0.1999 0.9785 -0.0509
vn 0.1267 0.9912 -0.0371
vn 0.0613 0.9980 -0.0181
vn 0.0179 0.9998 -0.0054
vn 0.0004 1.0000 -0.0001
vn -0.1075 0.9923 -0.0622
vn -0.1279 0.9907 -0.0465
vn -0.1496 0.9887 -0.0136
vn -0.1561 0.9877 0.0026
vn -0.1543 0.9880 0.0063
vn -0.1464 0.9892 0.0068
vn -0.1299 0.9915 0.0071
vn -0.1040 0.9945 0.0100
vn -0.0724 0.9973 0.0155
vn -0.0382 0.9991 0.0206
vn -0.0026 0.9998 0.0218
vn 0.0339 0.9992 0.0211
vn 0.0648 0.9975 0.0283
vn 0.0803 0.9961 0.0360
vn 0.0680 0.9966 0.0469
vn 0.0348 0.9986 0.0390
vn -0.0005 1.0000 0.0053
vn -0.0394 0.9983 -0.0432
vn -0.0925 0.9911 -0.0962
vn -0.1668 0.9794 -0.1142
vn -0.2476 0.9575 -0.1478
vn -0.2940 0.9485 -0.1181
vn -0.2462 0.9689 -0.0258
vn -0.0942 0.9944 0.0470
vn 0.0701 0.9953 0.0669
vn 0.1857 0.9778 0.0969
vn 0.2585 0.9614 0.0939
vn 0.2994 0.9499 0.0901
vn 0.3331 0.9387 0.0891
vn 0.3596 0.9290 0.0876
vn 0.3623 0.9291 0.0744
vn 0.3419 0.9388 0.0407
vn 0.3249 0.9457 0.0061
vn 0.3246 0.9458 -0.0045
vn 0.3165 0.9486 -0.0035
vn 0.3123 0.9500 -0.0017
vn 0.3152 0.9490 -0.0027
vn 0.3262 0.9453 -0.0023
vn 0.3336 0.9427 -0.0059
vn 0.3268 0.9450 -0.0139
vn 0.3041 0.9525 -0.0180
vn 0.2713 0.9623 -0.0176
vn 0.2400 0.9706 -0.0177
vn 0.2109 0.9773 -0.0179
vn 0.1829 0.9829 -0.0206
vn 0.1475 0.9889 -0.0194
vn 0.1101 0.9938 -0.0154
vn 0.0727 0.9973 -0.0109
vn 0.0369 0.9993 -0.0063
vn 0.0119 0.9999 -0.0032
vn 0.0007 1.0000 -0.0000
vn 0.0001 1.0000 -0.0002
vn -0.1436 0.9889 -0.0393
vn -0.1754 0.9839 -0.0331
vn -0.1962 0.9805 -0.0050
vn -0.2058 0.9786 0.0035
vn -0.2060 0.9785 0.0037
vn -0.1998 0.9798 -0.0000
vn -0.1854 0.9827 -0.0046
vn -0.1619 0.9868 -0.0055
vn -0.1336 0.9910 -0.0014
vn -0.1044 0.9945 0.0025
vn -0.0729 0.9973 0.0029
vn -0.0393 0.9992 0.0014
vn -0.0005 0.9999 0.0162
vn 0.0138 0.9993 0.0347
vn -0.0165 0.9978 0.0637
vn -0.0579 0.9966 0.0589
vn -0.0932 0.9954 0.0239
vn -0.1313 0.9911 -0.0198
vn -0.1846 0.9810 -0.0596
vn -0.2389 0.9686 -0.0697
vn -0.2954 0.9490 -0.1099
vn -0.3367 0.9346 -0.1145
vn -0.3132 0.9454 -0.0898
vn -0.2060 0.9775 -0.0455
vn -0.0389 0.9992 0.0001
vn 0.1123 0.9929 0.0385
vn 0.2037 0.9770 0.0636
vn 0.2512 0.9653 0.0712
vn 0.2831 0.9562 0.0742
vn 0.3057 0.9486 0.0822
vn 0.3058 0.9482 0.0866
vn 0.2745 0.9594 0.0649
vn 0.2197 0.9755 0.0151
vn 0.1971 0.9804 0.0007
vn 0.1907 0.9816 -0.0002
vn 0.1892 0.9819 -0.0009
vn 0.1845 0.9828 -0.0019
vn 0.1756 0.9845 -0.0026
vn 0.1633 0.9866 -0.0035
vn 0.1472 0.9891 -0.0043
vn 0.1284 0.9917 -0.0042
vn 0.1098 0.9939 -0.0044
vn 0.0903 0.9959 -0.0046
vn 0.0694 0.9976 -0.0053
vn 0.0459 0.9989 -0.0053
vn 0.0236 0.9997 -0.0040
vn 0.0075 1.0000 -0.0020
vn 0.0002 1.0000 -0.0001
vt 0.004644 0.010970
vt 0.021701 0.027608
vt 0.021490 0.010760
vt 0.038553 0.027398
vt 0.038337 0.010547
vt 0.055410 0.027180
vt 0.055184 0.010326
vt 0.072273 0.026950
vt 0.072031 0.010093
vt 0.089141 0.026700
vt 0.088877 0.009841
vt 0.105722 0.009565
vt 0.106014 0.026425
vt 0.122566 0.009258
vt 0.122889 0.026120
vt 0.139411 0.008928
vt 0.139764 0.025781
vt 0.156240 0.008566
vt 0.156630 0.025406
vt 0.173051 0.008165
vt 0.173481 0.024988
vt 0.189846 0.007725
vt 0.190312 0.024529
vt 0.206625 0.007249
vt 0.207121 0.024035
vt 0.223393 0.006747
vt 0.223908 0.023515
vt 0.240152 0.006230
vt 0.240673 0.022985
vt 0.256905 0.005715
vt 0.257418 0.022458
vt 0.273653 0.005211
vt 0.274148 0.021948
vt 0.290399 0.004729
vt 0.290868 0.021463
vt 0.307148 0.004274
vt 0.307586 0.021010
vt 0.323897 0.003851
vt 0.324306 0.020590
vt 0.340647 0.003457
vt 0.341028 0.020200
vt 0.357395 0.003090
vt 0.357749 0.019834
vt 0.374143 0.002749
vt 0.374470 0.019496
vt 0.390894 0.002436
vt 0.391193 0.019190
vt 0.407646 0.002150
vt 0.407925 0.018913
vt 0.424395 0.001880
vt 0.424663 0.018646
vt 0.441135 0.001619
vt 0.441399 0.018379
vt 0.457868 0.001361
vt 0.458131 0.018117
vt 0.474592 0.001103
vt 0.491559 0.017579
vt 0.491310 0.000850
vt 0.508237 0.017323
vt 0.508017 0.000619
vt 0.524889 0.017110
vt 0.524710 0.000425
vt 0.541397 0.000265
vt 0.541530 0.016951
vt 0.558090 0.000156
vt 0.558171 0.016851
vt 0.574786 0.000100
vt 0.591423 0.016806
vt 0.591481 0.000127
vt 0.608180 0.000215
vt 0.608046 0.016914
vt 0.624892 0.000382
vt 0.624687 0.017106
vt 0.641609 0.000613
vt 0.657993 0.017646
vt 0.658323 0.000922
vt 0.674663 0.018002
vt 0.675030 0.001276
vt 0.691360 0.018392
vt 0.691732 0.001654
vt 0.708074 0.018762
vt 0.708426 0.002022
vt 0.724805 0.019085
vt 0.725121 0.002355
vt 0.741538 0.019372
vt 0.741817 0.002652
vt 0.758268 0.019628
vt 0.758514 0.002914
vt 0.774997 0.019858
vt 0.775210 0.003142
vt 0.791733 0.020060
vt 0.791908 0.003334
vt 0.808609 0.003489
vt 0.808478 0.020216
vt 0.825310 0.003596
vt 0.825228 0.020321
vt 0.842011 0.003654
vt 0.841975 0.020374
vt 0.858710 0.003669
vt 0.858716 0.020385
vt 0.875405 0.003646
vt 0.875448 0.020355
vt 0.892096 0.003588
vt 0.892170 0.020290
vt 0.908782 0.003503
vt 0.908881 0.020198
vt 0.925464 0.003395
vt 0.925583 0.020084
vt 0.942144 0.003269
vt 0.942277 0.019953
vt 0.958820 0.003131
vt 0.958965 0.019811
vt 0.975496 0.002983
vt 0.975647 0.019660
vt 0.992170 0.002830
vt 0.004854 0.027816
vt 0.021907 0.044459
vt 0.038763 0.044256
vt 0.055631 0.044048
vt 0.072510 0.043826
vt 0.089401 0.043584
vt 0.106303 0.043316
vt 0.123213 0.043014
vt 0.140126 0.042673
vt 0.157034 0.042287
vt 0.173930 0.041853
vt 0.190802 0.041375
vt 0.207642 0.040859
vt 0.224447 0.040315
vt 0.241216 0.039754
vt 0.257949 0.039199
vt 0.274655 0.038671
vt 0.291341 0.038177
vt 0.308025 0.037731
vt 0.324718 0.037330
vt 0.341416 0.036960
vt 0.358108 0.036600
vt 0.374798 0.036266
vt 0.391494 0.035979
vt 0.408206 0.035745
vt 0.424937 0.035526
vt 0.441672 0.035277
vt 0.458408 0.035035
vt 0.474853 0.017853
vt 0.491832 0.034453
vt 0.508477 0.034133
vt 0.525085 0.033916
vt 0.541674 0.033786
vt 0.558269 0.033740
vt 0.574803 0.016798
vt 0.574835 0.033655
vt 0.591368 0.033663
vt 0.607905 0.033860
vt 0.624474 0.034135
vt 0.641338 0.017346
vt 0.657643 0.034673
vt 0.674260 0.035100
vt 0.707665 0.035983
vt 0.724436 0.036225
vt 0.741215 0.036408
vt 0.757988 0.036567
vt 0.774757 0.036729
vt 0.791539 0.036891
vt 0.808340 0.037015
vt 0.825147 0.037100
vt 0.841945 0.037147
vt 0.858731 0.037144
vt 0.875503 0.037097
vt 0.892254 0.037019
vt 0.908990 0.036914
vt 0.925710 0.036789
vt 0.942417 0.036650
vt 0.959115 0.036499
vt 0.975803 0.036342
vt 0.992324 0.019504
vt 0.005061 0.044660
vt 0.022103 0.061310
vt 0.038962 0.061122
vt 0.055839 0.060928
vt 0.072735 0.060722
vt 0.089650 0.060495
vt 0.106584 0.060240
vt 0.123533 0.059948
vt 0.140493 0.059611
vt 0.157460 0.059234
vt 0.174419 0.058810
vt 0.191340 0.058315
vt 0.208212 0.057774
vt 0.241795 0.056548
vt 0.258506 0.055944
vt 0.275177 0.055373
vt 0.291821 0.054867
vt 0.308466 0.054437
vt 0.325136 0.054080
vt 0.341811 0.053730
vt 0.358474 0.053369
vt 0.375130 0.053049
vt 0.391791 0.052789
vt 0.408479 0.052604
vt 0.425214 0.052497
vt 0.441960 0.052350
vt 0.458717 0.052227
vt 0.475136 0.034783
vt 0.492147 0.051725
vt 0.508751 0.051321
vt 0.525327 0.051168
vt 0.541866 0.051037
vt 0.558408 0.051058
vt 0.574914 0.050903
vt 0.591345 0.050937
vt 0.607778 0.051295
vt 0.624258 0.051793
vt 0.641056 0.034378
vt 0.640753 0.052104
vt 0.657254 0.052465
vt 0.673799 0.053119
vt 0.690935 0.035589
vt 0.707129 0.054259
vt 0.723906 0.054383
vt 0.740755 0.054211
vt 0.757587 0.054103
vt 0.774396 0.054132
vt 0.791223 0.054194
vt 0.808091 0.054198
vt 0.824994 0.054132
vt 0.841897 0.054033
vt 0.858759 0.053954
vt 0.875573 0.053878
vt 0.892356 0.053776
vt 0.909114 0.053650
vt 0.925849 0.053510
vt 0.942568 0.053357
vt 0.959274 0.053195
vt 0.975967 0.053028
vt 0.992483 0.036180
vt 0.005445 0.078332
vt 0.005260 0.061500
vt 0.039144 0.077992
vt 0.056029 0.077820
vt 0.072941 0.077637
vt 0.089881 0.077435
vt 0.106849 0.077203
vt 0.123851 0.076939
vt 0.140881 0.076640
vt 0.157932 0.076304
vt 0.174975 0.075909
vt 0.191947 0.075373
vt 0.225674 0.074054
vt 0.225034 0.057170
vt 0.242424 0.073337
vt 0.259100 0.072673
vt 0.275725 0.072062
vt 0.292315 0.071544
vt 0.308914 0.071147
vt 0.325572 0.070883
vt 0.342234 0.070608
vt 0.358863 0.070215
vt 0.375476 0.069873
vt 0.392086 0.069628
vt 0.408753 0.069558
vt 0.425523 0.069669
vt 0.442316 0.069779
vt 0.459116 0.069945
vt 0.475458 0.052019
vt 0.475879 0.070045
vt 0.492556 0.069920
vt 0.509138 0.069735
vt 0.525721 0.070120
vt 0.542210 0.069935
vt 0.575096 0.069244
vt 0.591391 0.068933
vt 0.607686 0.069447
vt 0.624051 0.070208
vt 0.640438 0.070747
vt 0.656834 0.071254
vt 0.673274 0.072223
vt 0.690424 0.053808
vt 0.706370 0.074171
vt 0.723126 0.073744
vt 0.740033 0.073064
vt 0.756986 0.072431
vt 0.773877 0.072140
vt 0.790745 0.072051
vt 0.807647 0.071952
vt 0.824647 0.071653
vt 0.841710 0.071259
vt 0.858717 0.070954
vt 0.875646 0.070723
vt 0.892480 0.070556
vt 0.909255 0.070405
vt 0.926005 0.070242
vt 0.942733 0.070072
vt 0.959444 0.069898
vt 0.976142 0.069719
vt 0.992651 0.052857
vt 0.022442 0.095008
vt 0.022284 0.078161
vt 0.056193 0.094724
vt 0.073119 0.094573
vt 0.107103 0.094224
vt 0.124180 0.094024
vt 0.141300 0.093787
vt 0.158448 0.093497
vt 0.175584 0.093106
vt 0.192620 0.092489
vt 0.208847 0.074754
vt 0.226393 0.090953
vt 0.243111 0.090157
vt 0.259738 0.089446
vt 0.276311 0.088806
vt 0.292845 0.088289
vt 0.309396 0.087937
vt 0.326012 0.087723
vt 0.342685 0.087581
vt 0.359281 0.087143
vt 0.375845 0.086733
vt 0.392400 0.086577
vt 0.409110 0.086818
vt 0.426009 0.087395
vt 0.442906 0.087974
vt 0.459716 0.088435
vt 0.476529 0.089137
vt 0.493268 0.089877
vt 0.509868 0.090455
vt 0.526430 0.091587
vt 0.542749 0.091316
vt 0.558678 0.070050
vt 0.575300 0.089832
vt 0.591533 0.088360
vt 0.607663 0.088725
vt 0.623885 0.089919
vt 0.640147 0.091143
vt 0.656407 0.091424
vt 0.672710 0.092191
vt 0.689807 0.073664
vt 0.705596 0.093474
vt 0.722201 0.093362
vt 0.739007 0.092712
vt 0.756072 0.091583
vt 0.773189 0.090595
vt 0.790196 0.090054
vt 0.807118 0.089844
vt 0.824196 0.089341
vt 0.841409 0.088689
vt 0.858583 0.088136
vt 0.875663 0.087700
vt 0.892607 0.087388
vt 0.909424 0.087170
vt 0.926180 0.086982
vt 0.942913 0.086794
vt 0.959628 0.086604
vt 0.976329 0.086412
vt 0.992828 0.069537
vt 0.005611 0.095156
vt 0.022572 0.111850
vt 0.039428 0.111741
vt 0.039302 0.094867
vt 0.073258 0.111526
vt 0.090262 0.111420
vt 0.090083 0.094405
vt 0.107355 0.111325
vt 0.124534 0.111234
vt 0.141777 0.111119
vt 0.159043 0.110912
vt 0.176283 0.110528
vt 0.193405 0.109821
vt 0.209562 0.091759
vt 0.227217 0.107934
vt 0.243867 0.107018
vt 0.260436 0.106322
vt 0.276973 0.105755
vt 0.293439 0.105182
vt 0.309915 0.104873
vt 0.326536 0.104873
vt 0.343173 0.104709
vt 0.376258 0.103677
vt 0.392752 0.103683
vt 0.409713 0.104621
vt 0.426932 0.106099
vt 0.443868 0.107176
vt 0.460652 0.107999
vt 0.477681 0.109781
vt 0.494387 0.111192
vt 0.510747 0.111239
vt 0.527156 0.112239
vt 0.543380 0.112602
vt 0.559025 0.091547
vt 0.575575 0.110679
vt 0.591721 0.108861
vt 0.607707 0.109079
vt 0.623746 0.110590
vt 0.655854 0.112261
vt 0.672050 0.112230
vt 0.689099 0.093372
vt 0.704762 0.112667
vt 0.721160 0.113085
vt 0.737784 0.112484
vt 0.754991 0.110827
vt 0.772315 0.109336
vt 0.789546 0.108259
vt 0.806581 0.107676
vt 0.823692 0.107026
vt 0.841043 0.106142
vt 0.858437 0.105323
vt 0.875691 0.104693
vt 0.892729 0.104258
vt 0.909600 0.103957
vt 0.926377 0.103724
vt 0.943109 0.103517
vt 0.959825 0.103312
vt 0.976527 0.103107
vt 0.993017 0.086218
vt 0.005858 0.128766
vt 0.005751 0.111968
vt 0.022668 0.128684
vt 0.056407 0.128550
vt 0.056321 0.111635
vt 0.090417 0.128478
vt 0.107593 0.128495
vt 0.124897 0.128553
vt 0.142309 0.128643
vt 0.159741 0.128648
vt 0.177164 0.128505
vt 0.194393 0.127691
vt 0.210404 0.108913
vt 0.228182 0.125146
vt 0.244722 0.124167
vt 0.261242 0.123610
vt 0.277780 0.123297
vt 0.294180 0.122663
vt 0.310582 0.122460
vt 0.327256 0.123002
vt 0.343821 0.122777
vt 0.359760 0.104296
vt 0.376779 0.120835
vt 0.393103 0.120820
vt 0.410287 0.122357
vt 0.427973 0.124711
vt 0.444675 0.125960
vt 0.461408 0.127037
vt 0.478639 0.129172
vt 0.495409 0.131135
vt 0.511499 0.131041
vt 0.527867 0.131986
vt 0.560012 0.130348
vt 0.559465 0.112351
vt 0.576070 0.129604
vt 0.592017 0.129254
vt 0.608030 0.131127
vt 0.623758 0.132822
vt 0.639798 0.112339
vt 0.654940 0.134827
vt 0.670949 0.133816
vt 0.687378 0.132617
vt 0.688341 0.112599
vt 0.703896 0.131901
vt 0.720312 0.131698
vt 0.736920 0.130924
vt 0.754137 0.129298
vt 0.771450 0.127805
vt 0.788861 0.126396
vt 0.806167 0.125284
vt 0.823283 0.124482
vt 0.840706 0.123466
vt 0.858245 0.122493
vt 0.875701 0.121680
vt 0.892853 0.121125
vt 0.909778 0.120749
vt 0.926586 0.120467
vt 0.943322 0.120236
vt 0.960036 0.120019
vt 0.976738 0.119804
vt 0.993218 0.102902
vt 0.005929 0.145548
vt 0.022724 0.145506
vt 0.039516 0.128613
vt 0.056445 0.145460
vt 0.073407 0.145472
vt 0.073359 0.128498
vt 0.090496 0.145531
vt 0.107715 0.145639
vt 0.125117 0.145827
vt 0.142755 0.146147
vt 0.160473 0.146528
vt 0.178305 0.147069
vt 0.195725 0.147074
vt 0.211418 0.126429
vt 0.212684 0.145025
vt 0.229353 0.143069
vt 0.245790 0.142037
vt 0.262303 0.141914
vt 0.278878 0.142076
vt 0.295188 0.141355
vt 0.311516 0.141389
vt 0.328179 0.142552
vt 0.361017 0.140377
vt 0.360335 0.122136
vt 0.377442 0.138262
vt 0.393529 0.137959
vt 0.410191 0.139290
vt 0.427796 0.141611
vt 0.444786 0.143387
vt 0.461323 0.144420
vt 0.478307 0.146150
vt 0.495441 0.148004
vt 0.511774 0.148611
vt 0.544447 0.149127
vt 0.543910 0.131401
vt 0.560629 0.148772
vt 0.576813 0.149341
vt 0.592833 0.150477
vt 0.608800 0.153234
vt 0.623957 0.154519
vt 0.639334 0.135436
vt 0.653472 0.155781
vt 0.669957 0.152928
vt 0.686592 0.151194
vt 0.703366 0.149810
vt 0.719885 0.149128
vt 0.736460 0.148419
vt 0.753453 0.147179
vt 0.770999 0.145431
vt 0.788684 0.143744
vt 0.806119 0.142437
vt 0.823301 0.141432
vt 0.840780 0.140382
vt 0.858268 0.139439
vt 0.875763 0.138582
vt 0.892987 0.137950
vt 0.909951 0.137525
vt 0.926797 0.137204
vt 0.943547 0.136951
vt 0.960256 0.136725
vt 0.976958 0.136500
vt 0.993429 0.119588
vt 0.005958 0.162316
vt 0.022740 0.162314
vt 0.039562 0.145476
vt 0.039563 0.162326
vt 0.056436 0.162357
vt 0.073385 0.162422
vt 0.090455 0.162538
vt 0.107721 0.162735
vt 0.125263 0.163069
vt 0.143055 0.163571
vt 0.161267 0.164461
vt 0.179403 0.165450
vt 0.197379 0.166595
vt 0.214232 0.165480
vt 0.230840 0.162959
vt 0.247281 0.161786
vt 0.263889 0.162278
vt 0.280540 0.163204
vt 0.296644 0.162041
vt 0.312734 0.161977
vt 0.345358 0.162213
vt 0.344593 0.141780
vt 0.361763 0.159366
vt 0.378187 0.156151
vt 0.394035 0.155151
vt 0.410210 0.156171
vt 0.427564 0.158614
vt 0.444536 0.160437
vt 0.461147 0.161552
vt 0.478004 0.163092
vt 0.495266 0.164975
vt 0.511698 0.165422
vt 0.528270 0.149483
vt 0.528362 0.166063
vt 0.545129 0.166828
vt 0.561569 0.167597
vt 0.577714 0.168379
vt 0.593628 0.169383
vt 0.609463 0.171561
vt 0.623934 0.171868
vt 0.638742 0.157119
vt 0.653247 0.171505
vt 0.669936 0.169494
vt 0.686738 0.167792
vt 0.703450 0.166492
vt 0.719740 0.165988
vt 0.736207 0.165515
vt 0.753180 0.164401
vt 0.771100 0.162435
vt 0.788816 0.160691
vt 0.806399 0.159209
vt 0.823809 0.158027
vt 0.841097 0.157071
vt 0.858344 0.156269
vt 0.875723 0.155473
vt 0.893001 0.154796
vt 0.910060 0.154307
vt 0.926977 0.153941
vt 0.943767 0.153665
vt 0.960484 0.153429
vt 0.977187 0.153197
vt 0.993650 0.136275
vt 0.005945 0.179070
vt 0.022715 0.179109
vt 0.039523 0.179161
vt 0.056385 0.179234
vt 0.073316 0.179341
vt 0.090374 0.179509
vt 0.107740 0.179811
vt 0.125493 0.180314
vt 0.143272 0.180882
vt 0.161579 0.181926
vt 0.180349 0.183478
vt 0.199119 0.185416
vt 0.216034 0.185368
vt 0.232712 0.184457
vt 0.249455 0.184160
vt 0.266688 0.186417
vt 0.282990 0.187050
vt 0.298709 0.185886
vt 0.314317 0.185038
vt 0.329155 0.163550
vt 0.345620 0.186036
vt 0.362277 0.180094
vt 0.378760 0.175724
vt 0.394726 0.173411
vt 0.410636 0.173725
vt 0.427658 0.176204
vt 0.444750 0.178463
vt 0.461516 0.179733
vt 0.478465 0.181160
vt 0.495121 0.181989
vt 0.511589 0.182262
vt 0.528004 0.182574
vt 0.544545 0.183066
vt 0.561514 0.183616
vt 0.577696 0.184432
vt 0.593584 0.185348
vt 0.609140 0.186254
vt 0.638342 0.186855
vt 0.638422 0.172264
vt 0.653541 0.186552
vt 0.670274 0.185340
vt 0.687174 0.183823
vt 0.703308 0.182940
vt 0.719268 0.183164
vt 0.735537 0.183118
vt 0.752705 0.181712
vt 0.771113 0.179383
vt 0.789474 0.177182
vt 0.806903 0.175687
vt 0.824004 0.174591
vt 0.840892 0.173922
vt 0.857942 0.173348
vt 0.875272 0.172607
vt 0.892704 0.171819
vt 0.910003 0.171168
vt 0.927066 0.170718
vt 0.943959 0.170391
vt 0.960717 0.170135
vt 0.977423 0.169897
vt 0.993881 0.152963
vt 0.005892 0.195814
vt 0.022651 0.195891
vt 0.039448 0.195980
vt 0.056304 0.196092
vt 0.090368 0.196488
vt 0.108006 0.196984
vt 0.126171 0.197785
vt 0.144270 0.198609
vt 0.162507 0.199665
vt 0.181229 0.201251
vt 0.200149 0.203122
vt 0.217540 0.203815
vt 0.234525 0.204157
vt 0.251377 0.204566
vt 0.269551 0.208093
vt 0.285702 0.209553
vt 0.300895 0.209129
vt 0.315967 0.208476
vt 0.330074 0.186161
vt 0.330985 0.207602
vt 0.362550 0.201107
vt 0.379274 0.195678
vt 0.395404 0.192179
vt 0.411138 0.191778
vt 0.428010 0.194744
vt 0.445038 0.197041
vt 0.461730 0.197767
vt 0.478468 0.198561
vt 0.511293 0.198597
vt 0.543284 0.199450
vt 0.559606 0.199773
vt 0.575931 0.200306
vt 0.592062 0.200887
vt 0.608026 0.201285
vt 0.623369 0.201454
vt 0.623695 0.186816
vt 0.653545 0.201906
vt 0.670319 0.201309
vt 0.686677 0.200486
vt 0.702614 0.200378
vt 0.718497 0.201094
vt 0.734472 0.200958
vt 0.751824 0.199200
vt 0.770419 0.196745
vt 0.788884 0.194332
vt 0.806223 0.192833
vt 0.823040 0.192012
vt 0.839654 0.191839
vt 0.856764 0.191154
vt 0.874313 0.190140
vt 0.892135 0.189010
vt 0.909742 0.188140
vt 0.926999 0.187577
vt 0.944092 0.187150
vt 0.960949 0.186851
vt 0.977668 0.186601
vt 0.994120 0.169654
vt 0.005800 0.212547
vt 0.039343 0.212788
vt 0.056201 0.212935
vt 0.073236 0.196242
vt 0.073168 0.213136
vt 0.090480 0.213518
vt 0.108549 0.214297
vt 0.146016 0.216848
vt 0.163956 0.217718
vt 0.182580 0.219155
vt 0.201622 0.221102
vt 0.219685 0.222964
vt 0.236288 0.223397
vt 0.252893 0.223439
vt 0.287219 0.226639
vt 0.302287 0.226637
vt 0.331803 0.225513
vt 0.345987 0.207354
vt 0.361944 0.222220
vt 0.379721 0.215215
vt 0.395842 0.212669
vt 0.412017 0.213104
vt 0.428908 0.215511
vt 0.445431 0.216396
vt 0.461980 0.215508
vt 0.494709 0.215087
vt 0.494897 0.198598
vt 0.511142 0.214780
vt 0.527224 0.214671
vt 0.527540 0.198988
vt 0.542598 0.214886
vt 0.558222 0.215500
vt 0.574356 0.216135
vt 0.590827 0.216550
vt 0.607215 0.216681
vt 0.622694 0.217017
vt 0.638101 0.217517
vt 0.638143 0.201631
vt 0.669844 0.217692
vt 0.685995 0.217988
vt 0.701862 0.218925
vt 0.717435 0.218837
vt 0.734016 0.217495
vt 0.751096 0.216247
vt 0.769472 0.214351
vt 0.787520 0.212315
vt 0.804667 0.211127
vt 0.821321 0.210663
vt 0.837811 0.210534
vt 0.854703 0.209739
vt 0.872879 0.207907
vt 0.891440 0.206209
vt 0.909382 0.205119
vt 0.926759 0.204509
vt 0.944131 0.203955
vt 0.961165 0.203583
vt 0.977924 0.203312
vt 0.994369 0.186347
vt 0.005670 0.229274
vt 0.022549 0.212663
vt 0.039213 0.229587
vt 0.056101 0.229771
vt 0.073166 0.230043
vt 0.090710 0.230592
vt 0.109011 0.231552
vt 0.127271 0.215474
vt 0.146918 0.234218
vt 0.164638 0.235206
vt 0.183812 0.236736
vt 0.203167 0.238618
vt 0.220382 0.239842
vt 0.236860 0.240398
vt 0.270942 0.241579
vt 0.271096 0.225776
vt 0.286948 0.241882
vt 0.302975 0.241471
vt 0.317062 0.226584
vt 0.332415 0.240772
vt 0.346611 0.225569
vt 0.362865 0.239108
vt 0.379217 0.235751
vt 0.395711 0.233354
vt 0.412194 0.233000
vt 0.428911 0.233590
vt 0.462133 0.232880
vt 0.478708 0.231641
vt 0.478423 0.215479
vt 0.494898 0.231149
vt 0.511028 0.231023
vt 0.527013 0.230479
vt 0.542439 0.230375
vt 0.557900 0.230972
vt 0.589882 0.232323
vt 0.606213 0.232748
vt 0.621952 0.233291
vt 0.637613 0.233544
vt 0.653508 0.233579
vt 0.653699 0.217628
vt 0.669699 0.233971
vt 0.685879 0.234669
vt 0.717574 0.234434
vt 0.735379 0.233411
vt 0.769593 0.231171
vt 0.786226 0.230452
vt 0.803193 0.229544
vt 0.819915 0.228768
vt 0.836295 0.228337
vt 0.853544 0.226906
vt 0.871931 0.225038
vt 0.890675 0.223323
vt 0.908753 0.222175
vt 0.926318 0.221490
vt 0.944078 0.220787
vt 0.961361 0.220330
vt 0.978196 0.220028
vt 0.994909 0.219746
vt 0.994633 0.203043
vt 0.022241 0.246188
vt 0.022413 0.229426
vt 0.039075 0.246393
vt 0.056073 0.246644
vt 0.073414 0.247074
vt 0.091076 0.247711
vt 0.109039 0.248584
vt 0.127987 0.232837
vt 0.145726 0.250823
vt 0.163622 0.251957
vt 0.182627 0.253315
vt 0.202151 0.254723
vt 0.220663 0.256035
vt 0.237022 0.256963
vt 0.252985 0.257788
vt 0.253770 0.241150
vt 0.269365 0.258702
vt 0.285664 0.258738
vt 0.302243 0.257333
vt 0.317704 0.256655
vt 0.317600 0.241083
vt 0.348156 0.255474
vt 0.347530 0.240146
vt 0.363576 0.254718
vt 0.379338 0.253576
vt 0.394591 0.252312
vt 0.412011 0.250821
vt 0.428963 0.251096
vt 0.445475 0.234478
vt 0.462676 0.249461
vt 0.479430 0.247221
vt 0.494771 0.247084
vt 0.526714 0.248082
vt 0.542421 0.247480
vt 0.558022 0.247552
vt 0.573652 0.231680
vt 0.573699 0.247676
vt 0.589558 0.248211
vt 0.605658 0.248750
vt 0.637163 0.249283
vt 0.652710 0.249564
vt 0.668628 0.249902
vt 0.685545 0.250303
vt 0.701458 0.235192
vt 0.718547 0.250331
vt 0.736330 0.249374
vt 0.752177 0.232320
vt 0.753564 0.248450
vt 0.770584 0.247565
vt 0.803269 0.246070
vt 0.819443 0.245588
vt 0.835510 0.245041
vt 0.853038 0.243364
vt 0.871984 0.241387
vt 0.890422 0.239946
vt 0.907986 0.239164
vt 0.925857 0.238390
vt 0.943844 0.237662
vt 0.961506 0.237096
vt 0.978480 0.236751
vt 0.995201 0.236453
vt 0.005502 0.245994
vt 0.022027 0.262951
vt 0.038945 0.263227
vt 0.056197 0.263615
vt 0.073975 0.264279
vt 0.091787 0.265025
vt 0.109262 0.265631
vt 0.126939 0.266482
vt 0.127474 0.249698
vt 0.144570 0.267455
vt 0.162150 0.268517
vt 0.180311 0.269808
vt 0.198988 0.271178
vt 0.218276 0.272285
vt 0.235658 0.273373
vt 0.252216 0.274360
vt 0.268867 0.275264
vt 0.285047 0.275617
vt 0.301390 0.274567
vt 0.317236 0.273699
vt 0.332972 0.272290
vt 0.332920 0.255991
vt 0.348489 0.271498
vt 0.364193 0.270445
vt 0.380191 0.268023
vt 0.394593 0.267318
vt 0.412080 0.267599
vt 0.428621 0.267692
vt 0.445632 0.251909
vt 0.462302 0.267495
vt 0.478890 0.264848
vt 0.494415 0.264376
vt 0.510822 0.249005
vt 0.526354 0.267636
vt 0.542257 0.266701
vt 0.558005 0.266248
vt 0.573813 0.265379
vt 0.589649 0.264881
vt 0.621395 0.265017
vt 0.621582 0.249047
vt 0.637044 0.264848
vt 0.667728 0.265306
vt 0.684582 0.266039
vt 0.701389 0.250883
vt 0.718135 0.266613
vt 0.736485 0.265477
vt 0.754493 0.264520
vt 0.771639 0.263749
vt 0.786914 0.246740
vt 0.787843 0.262933
vt 0.819636 0.261589
vt 0.834910 0.261175
vt 0.851713 0.259843
vt 0.870873 0.257945
vt 0.889510 0.256672
vt 0.907284 0.255962
vt 0.925355 0.255219
vt 0.943626 0.254485
vt 0.961605 0.253877
vt 0.978773 0.253484
vt 0.995510 0.253165
vt 0.005290 0.262706
vt 0.021755 0.279713
vt 0.038799 0.280081
vt 0.056351 0.280597
vt 0.074433 0.281347
vt 0.109473 0.282624
vt 0.126757 0.283264
vt 0.144373 0.284170
vt 0.162039 0.285187
vt 0.179771 0.286309
vt 0.197590 0.287529
vt 0.216393 0.288850
vt 0.234382 0.290181
vt 0.251364 0.291177
vt 0.268483 0.291634
vt 0.284990 0.292388
vt 0.300866 0.292428
vt 0.316741 0.291533
vt 0.332363 0.290819
vt 0.347858 0.290360
vt 0.363803 0.288364
vt 0.380346 0.285058
vt 0.395919 0.283882
vt 0.428283 0.283949
vt 0.445966 0.283763
vt 0.446126 0.267825
vt 0.478058 0.285442
vt 0.493965 0.283525
vt 0.510499 0.267192
vt 0.509876 0.284194
vt 0.542082 0.287146
vt 0.557723 0.287123
vt 0.573387 0.286304
vt 0.589333 0.284144
vt 0.605231 0.283009
vt 0.605499 0.265142
vt 0.621242 0.281792
vt 0.637079 0.280726
vt 0.652413 0.280164
vt 0.652440 0.264938
vt 0.667464 0.280401
vt 0.683470 0.281603
vt 0.701123 0.267126
vt 0.716344 0.283393
vt 0.735516 0.281720
vt 0.755198 0.280492
vt 0.772791 0.279703
vt 0.788887 0.278993
vt 0.803840 0.262185
vt 0.820154 0.277327
vt 0.835436 0.276007
vt 0.850979 0.275489
vt 0.869279 0.274389
vt 0.888305 0.273328
vt 0.906974 0.272503
vt 0.925225 0.271855
vt 0.943624 0.271210
vt 0.961699 0.270654
vt 0.979083 0.270227
vt 0.995843 0.269883
vt 0.005022 0.279406
vt 0.021407 0.296453
vt 0.038476 0.296879
vt 0.056186 0.297435
vt 0.074451 0.298147
vt 0.092277 0.282111
vt 0.092173 0.298826
vt 0.109446 0.299423
vt 0.127217 0.300252
vt 0.144688 0.301039
vt 0.179514 0.302881
vt 0.197063 0.303983
vt 0.215718 0.305439
vt 0.233864 0.307273
vt 0.250255 0.308537
vt 0.267876 0.307875
vt 0.285079 0.308305
vt 0.300938 0.309051
vt 0.316498 0.309536
vt 0.331911 0.309349
vt 0.347323 0.308545
vt 0.363322 0.306420
vt 0.380563 0.302756
vt 0.396681 0.301607
vt 0.412315 0.284412
vt 0.412926 0.300561
vt 0.429805 0.299840
vt 0.446501 0.299694
vt 0.462782 0.284645
vt 0.463142 0.300086
vt 0.492225 0.301252
vt 0.508967 0.301690
vt 0.526335 0.286348
vt 0.525696 0.302578
vt 0.541893 0.303203
vt 0.557962 0.303713
vt 0.588806 0.303612
vt 0.604549 0.301767
vt 0.621035 0.299176
vt 0.637142 0.297415
vt 0.652629 0.296633
vt 0.668051 0.296896
vt 0.683986 0.298092
vt 0.700701 0.283438
vt 0.716192 0.298687
vt 0.735839 0.297426
vt 0.756612 0.296185
vt 0.774085 0.295352
vt 0.789884 0.294690
vt 0.804595 0.278217
vt 0.821115 0.293095
vt 0.836644 0.291556
vt 0.868833 0.290173
vt 0.887995 0.289564
vt 0.906918 0.288946
vt 0.925310 0.288409
vt 0.943793 0.287875
vt 0.962006 0.287380
vt 0.979430 0.286964
vt 0.996201 0.286604
vt 0.004688 0.296088
vt 0.021014 0.313166
vt 0.038073 0.313621
vt 0.055733 0.314171
vt 0.073842 0.314798
vt 0.091648 0.315445
vt 0.109270 0.316128
vt 0.127128 0.316873
vt 0.144595 0.317640
vt 0.162246 0.301955
vt 0.162419 0.318499
vt 0.179128 0.319342
vt 0.196350 0.320328
vt 0.233827 0.323665
vt 0.249330 0.325095
vt 0.266613 0.323954
vt 0.283474 0.324067
vt 0.300396 0.324617
vt 0.316879 0.325667
vt 0.331930 0.326193
vt 0.347053 0.325617
vt 0.362970 0.323856
vt 0.380066 0.320611
vt 0.397049 0.318026
vt 0.414020 0.316377
vt 0.431431 0.315108
vt 0.446721 0.314983
vt 0.477162 0.315005
vt 0.478245 0.300936
vt 0.492437 0.317515
vt 0.525017 0.318808
vt 0.541642 0.319273
vt 0.558190 0.319852
vt 0.573684 0.305116
vt 0.589167 0.319587
vt 0.604911 0.318106
vt 0.622138 0.314901
vt 0.637740 0.313215
vt 0.653156 0.313532
vt 0.669249 0.315482
vt 0.684750 0.315753
vt 0.700472 0.299560
vt 0.718293 0.314321
vt 0.738517 0.312936
vt 0.774420 0.310784
vt 0.790309 0.310314
vt 0.806203 0.309728
vt 0.805454 0.293965
vt 0.838081 0.307989
vt 0.851846 0.290566
vt 0.853934 0.306714
vt 0.870203 0.305949
vt 0.906946 0.305357
vt 0.925330 0.304953
vt 0.943969 0.304526
vt 0.962289 0.304101
vt 0.979781 0.303700
vt 0.996568 0.303336
vt 0.003892 0.329437
vt 0.004305 0.312764
vt 0.020598 0.329853
vt 0.037639 0.330313
vt 0.072965 0.331439
vt 0.090731 0.332062
vt 0.108455 0.332709
vt 0.125864 0.333393
vt 0.143178 0.334126
vt 0.160810 0.334810
vt 0.177887 0.335643
vt 0.195306 0.336439
vt 0.214767 0.321631
vt 0.213830 0.337528
vt 0.248724 0.340263
vt 0.264127 0.340043
vt 0.280855 0.339980
vt 0.298656 0.340219
vt 0.316356 0.340811
vt 0.331945 0.341375
vt 0.347194 0.341382
vt 0.362818 0.340589
vt 0.378713 0.339241
vt 0.395813 0.335871
vt 0.412306 0.333932
vt 0.428731 0.332443
vt 0.444784 0.331572
vt 0.460387 0.331452
vt 0.462968 0.314534
vt 0.475797 0.332008
vt 0.491226 0.333881
vt 0.508237 0.318632
vt 0.523927 0.335311
vt 0.540727 0.335381
vt 0.557103 0.335586
vt 0.573503 0.335719
vt 0.574060 0.320395
vt 0.589562 0.335406
vt 0.605308 0.334593
vt 0.622343 0.331420
vt 0.638042 0.329974
vt 0.653953 0.331203
vt 0.669936 0.332781
vt 0.699863 0.331915
vt 0.700375 0.315735
vt 0.717938 0.330196
vt 0.738126 0.328673
vt 0.757054 0.327340
vt 0.757396 0.311703
vt 0.773794 0.326744
vt 0.790265 0.326313
vt 0.806822 0.325693
vt 0.822217 0.309012
vt 0.823402 0.325086
vt 0.839684 0.324315
vt 0.855859 0.323337
vt 0.872220 0.322378
vt 0.888129 0.305688
vt 0.889761 0.322066
vt 0.907840 0.321804
vt 0.926021 0.321487
vt 0.944472 0.321170
vt 0.962735 0.320819
vt 0.996934 0.320071
vt 0.003474 0.346114
vt 0.020188 0.346529
vt 0.037290 0.346984
vt 0.055137 0.330851
vt 0.054730 0.347496
vt 0.090053 0.348645
vt 0.107632 0.349263
vt 0.124644 0.349902
vt 0.141469 0.350647
vt 0.158910 0.351272
vt 0.176720 0.351850
vt 0.194952 0.352519
vt 0.213180 0.353280
vt 0.232972 0.338857
vt 0.232019 0.353737
vt 0.261834 0.355037
vt 0.278093 0.355211
vt 0.296531 0.355619
vt 0.315846 0.356055
vt 0.331771 0.356533
vt 0.347114 0.356999
vt 0.362432 0.357356
vt 0.377433 0.357952
vt 0.392816 0.356457
vt 0.408379 0.355029
vt 0.425198 0.351844
vt 0.440885 0.351083
vt 0.456190 0.351693
vt 0.472981 0.350491
vt 0.489436 0.350868
vt 0.506181 0.351233
vt 0.507063 0.335093
vt 0.525003 0.351691
vt 0.541657 0.351577
vt 0.557714 0.351366
vt 0.574288 0.351576
vt 0.605215 0.351800
vt 0.621406 0.349707
vt 0.638300 0.348553
vt 0.655164 0.348690
vt 0.670527 0.348412
vt 0.684744 0.332316
vt 0.697616 0.348003
vt 0.716378 0.345700
vt 0.737633 0.344444
vt 0.755471 0.343764
vt 0.772212 0.343414
vt 0.789808 0.342503
vt 0.807477 0.341717
vt 0.824686 0.341186
vt 0.841153 0.340580
vt 0.857515 0.339817
vt 0.874234 0.339129
vt 0.891716 0.338808
vt 0.909437 0.338489
vt 0.927280 0.338152
vt 0.945416 0.337865
vt 0.963277 0.337526
vt 0.980143 0.320433
vt 0.980508 0.337158
vt 0.003062 0.362796
vt 0.019794 0.363205
vt 0.037013 0.363656
vt 0.054521 0.364151
vt 0.072371 0.348056
vt 0.072233 0.364692
vt 0.089873 0.365241
vt 0.123766 0.366269
vt 0.140204 0.366883
vt 0.157442 0.367453
vt 0.176240 0.368013
vt 0.195372 0.368605
vt 0.229531 0.369239
vt 0.246600 0.368703
vt 0.248235 0.354436
vt 0.276938 0.369580
vt 0.297215 0.370902
vt 0.315052 0.371369
vt 0.331123 0.371792
vt 0.346929 0.372267
vt 0.362389 0.372933
vt 0.377238 0.373873
vt 0.391423 0.373792
vt 0.406045 0.373002
vt 0.421496 0.371552
vt 0.436515 0.371335
vt 0.451416 0.371491
vt 0.468375 0.369730
vt 0.486813 0.368042
vt 0.505710 0.367419
vt 0.526801 0.367705
vt 0.543951 0.368463
vt 0.559025 0.367690
vt 0.575320 0.367502
vt 0.590858 0.352411
vt 0.591902 0.366825
vt 0.620243 0.365835
vt 0.638762 0.365579
vt 0.655185 0.364811
vt 0.670806 0.363737
vt 0.685732 0.360753
vt 0.684865 0.347888
vt 0.714526 0.360344
vt 0.737727 0.360133
vt 0.755543 0.359652
vt 0.772108 0.359284
vt 0.789748 0.358536
vt 0.808288 0.357608
vt 0.825693 0.357069
vt 0.842177 0.356667
vt 0.858902 0.356274
vt 0.876021 0.355901
vt 0.893384 0.355542
vt 0.910908 0.355199
vt 0.928511 0.354854
vt 0.946224 0.354538
vt 0.963734 0.354206
vt 0.980852 0.353868
vt 0.997291 0.336809
vt 0.002656 0.379478
vt 0.019400 0.379882
vt 0.036710 0.380323
vt 0.054338 0.380801
vt 0.072118 0.381313
vt 0.089668 0.381796
vt 0.107219 0.365781
vt 0.106882 0.382225
vt 0.139649 0.382882
vt 0.156804 0.383450
vt 0.175236 0.384182
vt 0.193821 0.384883
vt 0.210496 0.385466
vt 0.212069 0.369179
vt 0.227474 0.385446
vt 0.245812 0.383767
vt 0.260817 0.368506
vt 0.260909 0.382880
vt 0.278889 0.385231
vt 0.314881 0.386744
vt 0.330537 0.387064
vt 0.346447 0.387339
vt 0.362268 0.387730
vt 0.377241 0.388280
vt 0.391152 0.388300
vt 0.405316 0.387951
vt 0.419895 0.387455
vt 0.434415 0.387360
vt 0.448902 0.387175
vt 0.465359 0.386005
vt 0.483758 0.384626
vt 0.504302 0.383471
vt 0.526500 0.382740
vt 0.559251 0.383297
vt 0.575071 0.383453
vt 0.591218 0.383259
vt 0.606554 0.381803
vt 0.605262 0.366216
vt 0.623303 0.382684
vt 0.640805 0.383829
vt 0.672038 0.380038
vt 0.686889 0.377095
vt 0.697549 0.360067
vt 0.701434 0.375827
vt 0.717990 0.375772
vt 0.738837 0.375916
vt 0.772329 0.375239
vt 0.789936 0.374527
vt 0.808256 0.373448
vt 0.825659 0.372811
vt 0.842345 0.372671
vt 0.859374 0.372528
vt 0.876874 0.372317
vt 0.894425 0.372058
vt 0.911897 0.371772
vt 0.929338 0.371465
vt 0.946789 0.371167
vt 0.964110 0.370867
vt 0.981163 0.370567
vt 0.997625 0.353545
vt 0.002257 0.396162
vt 0.019008 0.396556
vt 0.036381 0.396982
vt 0.054209 0.397446
vt 0.072197 0.397946
vt 0.089963 0.398433
vt 0.106986 0.398724
vt 0.123318 0.382505
vt 0.123304 0.398719
vt 0.139664 0.398925
vt 0.156909 0.399540
vt 0.175126 0.400449
vt 0.209906 0.401523
vt 0.226262 0.401686
vt 0.244096 0.401094
vt 0.261409 0.400449
vt 0.280020 0.401497
vt 0.298318 0.386438
vt 0.314590 0.401975
vt 0.329980 0.402388
vt 0.345905 0.402394
vt 0.361995 0.402248
vt 0.377321 0.402243
vt 0.391172 0.402224
vt 0.405204 0.402001
vt 0.419277 0.401864
vt 0.433621 0.401604
vt 0.448960 0.401074
vt 0.465668 0.400342
vt 0.483957 0.399526
vt 0.503820 0.398948
vt 0.522518 0.398565
vt 0.540697 0.398866
vt 0.544476 0.383098
vt 0.558469 0.399462
vt 0.575054 0.399960
vt 0.592165 0.400088
vt 0.609562 0.400411
vt 0.626969 0.401272
vt 0.643040 0.401383
vt 0.656602 0.382510
vt 0.673722 0.397736
vt 0.689029 0.395273
vt 0.704434 0.393435
vt 0.720892 0.392407
vt 0.755151 0.391459
vt 0.756046 0.375422
vt 0.771184 0.391875
vt 0.787851 0.391591
vt 0.805598 0.390542
vt 0.823636 0.389427
vt 0.840946 0.389150
vt 0.858484 0.389005
vt 0.876543 0.388746
vt 0.894671 0.388477
vt 0.912371 0.388252
vt 0.929812 0.388017
vt 0.947155 0.387772
vt 0.981426 0.387265
vt 0.998207 0.387013
vt 0.997930 0.370276
vt 0.001871 0.412847
vt 0.018622 0.413227
vt 0.036059 0.413641
vt 0.054223 0.414102
vt 0.072400 0.414583
vt 0.090087 0.414975
vt 0.107250 0.415186
vt 0.123709 0.415077
vt 0.140039 0.415052
vt 0.157177 0.415664
vt 0.175654 0.416921
vt 0.193470 0.401331
vt 0.194019 0.418221
vt 0.210402 0.417992
vt 0.243755 0.417963
vt 0.261608 0.418121
vt 0.297452 0.417488
vt 0.298530 0.401809
vt 0.313335 0.417785
vt 0.328967 0.418164
vt 0.345441 0.417498
vt 0.362005 0.416728
vt 0.377281 0.416216
vt 0.391260 0.416005
vt 0.405209 0.415911
vt 0.419119 0.415781
vt 0.433765 0.415481
vt 0.450345 0.415176
vt 0.468469 0.414939
vt 0.487420 0.414688
vt 0.520733 0.413613
vt 0.538905 0.413753
vt 0.558252 0.415308
vt 0.590142 0.417090
vt 0.610145 0.416143
vt 0.628572 0.417071
vt 0.644594 0.417551
vt 0.658386 0.400004
vt 0.675486 0.415378
vt 0.690875 0.413918
vt 0.706501 0.410463
vt 0.737469 0.407940
vt 0.738603 0.391743
vt 0.753789 0.408458
vt 0.769501 0.408854
vt 0.785948 0.408382
vt 0.802216 0.408214
vt 0.819800 0.407277
vt 0.837982 0.406434
vt 0.856232 0.405962
vt 0.875272 0.405404
vt 0.894275 0.404974
vt 0.912387 0.404740
vt 0.929970 0.404563
vt 0.947302 0.404386
vt 0.964537 0.404190
vt 0.964384 0.387520
vt 0.981635 0.403979
vt 0.998445 0.403765
vt 0.001501 0.429529
vt 0.035615 0.430283
vt 0.053771 0.430701
vt 0.072324 0.431146
vt 0.090529 0.431597
vt 0.107796 0.431758
vt 0.124427 0.431545
vt 0.140983 0.431446
vt 0.158146 0.432029
vt 0.176679 0.433618
vt 0.194816 0.435176
vt 0.211348 0.435468
vt 0.226612 0.417745
vt 0.227784 0.435564
vt 0.244481 0.435703
vt 0.278817 0.435292
vt 0.280035 0.417919
vt 0.295485 0.435067
vt 0.311155 0.435630
vt 0.327417 0.434503
vt 0.344838 0.432774
vt 0.361802 0.431347
vt 0.377300 0.430391
vt 0.391450 0.430023
vt 0.405392 0.429777
vt 0.419219 0.429571
vt 0.434336 0.429402
vt 0.451813 0.429446
vt 0.471641 0.429818
vt 0.491745 0.430220
vt 0.504862 0.414123
vt 0.507224 0.429166
vt 0.521917 0.427940
vt 0.541491 0.428695
vt 0.560621 0.431126
vt 0.574493 0.418802
vt 0.586760 0.432336
vt 0.607911 0.431342
vt 0.627422 0.432215
vt 0.645520 0.433125
vt 0.660084 0.416839
vt 0.661784 0.433472
vt 0.677367 0.432969
vt 0.707891 0.429199
vt 0.723253 0.425539
vt 0.722084 0.408401
vt 0.738554 0.425521
vt 0.769693 0.424221
vt 0.785399 0.424093
vt 0.800471 0.423997
vt 0.817237 0.423625
vt 0.835556 0.422999
vt 0.854255 0.422464
vt 0.874149 0.421961
vt 0.893445 0.421588
vt 0.911947 0.421321
vt 0.929786 0.421169
vt 0.947315 0.421038
vt 0.964677 0.420885
vt 0.981823 0.420711
vt 0.998648 0.420527
vt 0.001156 0.446210
vt 0.018248 0.429890
vt 0.035168 0.446899
vt 0.053188 0.447280
vt 0.071758 0.447689
vt 0.090961 0.448133
vt 0.108821 0.448516
vt 0.125876 0.448616
vt 0.142875 0.448541
vt 0.160458 0.449195
vt 0.179489 0.451379
vt 0.196509 0.452823
vt 0.212184 0.452776
vt 0.228215 0.452719
vt 0.244670 0.452904
vt 0.261464 0.436112
vt 0.277480 0.453560
vt 0.294344 0.452435
vt 0.310758 0.451449
vt 0.326901 0.450200
vt 0.343952 0.448316
vt 0.361375 0.446270
vt 0.377395 0.444785
vt 0.391727 0.444103
vt 0.405685 0.443607
vt 0.419446 0.443293
vt 0.434625 0.443293
vt 0.453238 0.443827
vt 0.473753 0.444673
vt 0.492983 0.444876
vt 0.509243 0.443816
vt 0.525256 0.442669
vt 0.546303 0.443468
vt 0.562415 0.443979
vt 0.574048 0.433069
vt 0.585030 0.444077
vt 0.606086 0.445590
vt 0.626765 0.447465
vt 0.645562 0.448653
vt 0.663455 0.449625
vt 0.679263 0.449696
vt 0.692626 0.431875
vt 0.709288 0.447038
vt 0.724251 0.445985
vt 0.753871 0.444247
vt 0.754143 0.424878
vt 0.770098 0.441559
vt 0.786064 0.440109
vt 0.802004 0.439386
vt 0.818506 0.438891
vt 0.836374 0.438598
vt 0.855823 0.438445
vt 0.893234 0.438084
vt 0.911322 0.437966
vt 0.929315 0.437859
vt 0.947255 0.437735
vt 0.964801 0.437607
vt 0.981996 0.437460
vt 0.000842 0.462890
vt 0.017903 0.446542
vt 0.017586 0.463183
vt 0.034851 0.463496
vt 0.071257 0.464221
vt 0.089840 0.464610
vt 0.108833 0.464985
vt 0.127500 0.465480
vt 0.145177 0.465766
vt 0.163856 0.466790
vt 0.181904 0.468030
vt 0.196999 0.468255
vt 0.227950 0.468940
vt 0.244371 0.469346
vt 0.261266 0.453442
vt 0.261044 0.469875
vt 0.294275 0.469074
vt 0.311337 0.467289
vt 0.328200 0.465290
vt 0.345086 0.463128
vt 0.361689 0.461028
vt 0.377739 0.459203
vt 0.392295 0.458072
vt 0.406163 0.457280
vt 0.419791 0.456880
vt 0.435044 0.457117
vt 0.454981 0.458368
vt 0.477582 0.460121
vt 0.496902 0.460798
vt 0.513055 0.459483
vt 0.531131 0.458412
vt 0.551622 0.456532
vt 0.563980 0.454974
vt 0.573829 0.444227
vt 0.575747 0.456620
vt 0.588576 0.457121
vt 0.608712 0.460910
vt 0.629813 0.464264
vt 0.646893 0.464693
vt 0.664420 0.465229
vt 0.680315 0.464895
vt 0.694235 0.448617
vt 0.695623 0.464101
vt 0.710869 0.463478
vt 0.725516 0.462680
vt 0.738948 0.446068
vt 0.753990 0.459830
vt 0.771522 0.456988
vt 0.802822 0.454536
vt 0.836086 0.454109
vt 0.856092 0.454329
vt 0.874824 0.438273
vt 0.875327 0.454536
vt 0.893367 0.454555
vt 0.929303 0.454506
vt 0.947363 0.454458
vt 0.964925 0.454356
vt 0.982156 0.454219
vt 0.998822 0.437291
vt 0.017304 0.479812
vt 0.034567 0.480078
vt 0.052887 0.463840
vt 0.070503 0.480729
vt 0.088334 0.481177
vt 0.107346 0.481497
vt 0.127738 0.481775
vt 0.147145 0.482376
vt 0.165258 0.482749
vt 0.196528 0.482799
vt 0.212021 0.468542
vt 0.211760 0.484335
vt 0.243876 0.485563
vt 0.261264 0.486952
vt 0.277594 0.470004
vt 0.293966 0.486586
vt 0.311060 0.484093
vt 0.328959 0.480786
vt 0.346367 0.477902
vt 0.362719 0.475548
vt 0.378647 0.473357
vt 0.393070 0.471928
vt 0.406802 0.470958
vt 0.420819 0.470829
vt 0.437777 0.471903
vt 0.457860 0.473389
vt 0.481663 0.475726
vt 0.501075 0.476937
vt 0.516291 0.475270
vt 0.551646 0.468759
vt 0.563802 0.468002
vt 0.577558 0.471387
vt 0.593110 0.473992
vt 0.614785 0.479720
vt 0.632218 0.480979
vt 0.648638 0.481031
vt 0.665208 0.480797
vt 0.681148 0.480230
vt 0.697018 0.479563
vt 0.712149 0.478491
vt 0.726813 0.477144
vt 0.739439 0.461887
vt 0.741014 0.475525
vt 0.756294 0.473982
vt 0.774208 0.471540
vt 0.787251 0.455524
vt 0.803252 0.469310
vt 0.819082 0.469135
vt 0.818982 0.454181
vt 0.855587 0.470261
vt 0.875295 0.470857
vt 0.893622 0.471041
vt 0.911324 0.454536
vt 0.911718 0.471142
vt 0.929754 0.471203
vt 0.947623 0.471204
vt 0.965151 0.471131
vt 0.982328 0.470995
vt 0.998985 0.454054
vt 0.000580 0.479565
vt 0.017063 0.496423
vt 0.034258 0.496638
vt 0.052099 0.496863
vt 0.052562 0.480376
vt 0.069618 0.497175
vt 0.086717 0.497666
vt 0.105008 0.498022
vt 0.125166 0.498225
vt 0.146377 0.498324
vt 0.163879 0.498680
vt 0.179770 0.499235
vt 0.181809 0.482680
vt 0.195586 0.499254
vt 0.226545 0.500415
vt 0.227248 0.484908
vt 0.243308 0.501504
vt 0.262247 0.504339
vt 0.277716 0.486971
vt 0.293270 0.505909
vt 0.310128 0.501835
vt 0.327812 0.497806
vt 0.345994 0.493687
vt 0.363011 0.490513
vt 0.378943 0.487951
vt 0.393608 0.486172
vt 0.407514 0.485134
vt 0.422176 0.485594
vt 0.441597 0.487980
vt 0.463991 0.489776
vt 0.486225 0.491208
vt 0.502974 0.491463
vt 0.533534 0.490343
vt 0.533155 0.473452
vt 0.549961 0.488724
vt 0.565318 0.490380
vt 0.580764 0.491566
vt 0.597733 0.493686
vt 0.616869 0.496343
vt 0.632775 0.496581
vt 0.665067 0.496721
vt 0.681809 0.495789
vt 0.698399 0.494800
vt 0.713542 0.493482
vt 0.728796 0.492162
vt 0.743588 0.490375
vt 0.775182 0.486164
vt 0.789750 0.484875
vt 0.788384 0.469713
vt 0.806150 0.485959
vt 0.822647 0.486292
vt 0.835942 0.469415
vt 0.839817 0.486535
vt 0.857908 0.486944
vt 0.877133 0.487764
vt 0.895149 0.487954
vt 0.912879 0.487986
vt 0.930589 0.488018
vt 0.948134 0.487999
vt 0.965515 0.487936
vt 0.982536 0.487779
vt 0.999156 0.470819
vt 0.000366 0.496227
vt 0.016868 0.513004
vt 0.033906 0.513155
vt 0.051542 0.513307
vt 0.068803 0.513538
vt 0.085777 0.513846
vt 0.103508 0.514154
vt 0.123299 0.514425
vt 0.144449 0.514743
vt 0.163138 0.515036
vt 0.179230 0.515053
vt 0.194809 0.515007
vt 0.210137 0.515096
vt 0.210899 0.499921
vt 0.225797 0.515544
vt 0.242491 0.516869
vt 0.261195 0.519611
vt 0.278263 0.506895
vt 0.278596 0.522672
vt 0.307726 0.521321
vt 0.325309 0.516199
vt 0.344176 0.510915
vt 0.362425 0.506381
vt 0.378388 0.503886
vt 0.393655 0.501847
vt 0.408340 0.501327
vt 0.424163 0.502273
vt 0.444203 0.504420
vt 0.469255 0.505460
vt 0.487662 0.505355
vt 0.502639 0.505727
vt 0.517487 0.490949
vt 0.517486 0.506303
vt 0.550215 0.508169
vt 0.566618 0.509612
vt 0.582445 0.510256
vt 0.598527 0.510824
vt 0.631131 0.513240
vt 0.647242 0.514027
vt 0.648569 0.496896
vt 0.664472 0.513325
vt 0.682881 0.511387
vt 0.699797 0.509933
vt 0.714869 0.508636
vt 0.730791 0.507027
vt 0.746298 0.505516
vt 0.758989 0.488747
vt 0.776282 0.502589
vt 0.792980 0.503319
vt 0.809810 0.504215
vt 0.825875 0.503830
vt 0.842556 0.503568
vt 0.860302 0.503911
vt 0.878899 0.504705
vt 0.896362 0.504721
vt 0.913865 0.504759
vt 0.931454 0.504849
vt 0.948798 0.504837
vt 0.965886 0.504726
vt 0.982749 0.504551
vt 0.999342 0.487592
vt 0.000210 0.512872
vt 0.016753 0.529553
vt 0.033705 0.529624
vt 0.051231 0.529697
vt 0.068504 0.529792
vt 0.085505 0.529887
vt 0.102966 0.530044
vt 0.122876 0.530436
vt 0.144414 0.531173
vt 0.163556 0.531656
vt 0.179776 0.530792
vt 0.195149 0.530086
vt 0.210333 0.530038
vt 0.226045 0.530604
vt 0.243225 0.532298
vt 0.261216 0.534823
vt 0.278503 0.537553
vt 0.292917 0.523696
vt 0.306543 0.538067
vt 0.322830 0.533757
vt 0.342520 0.528045
vt 0.360512 0.523732
vt 0.376562 0.521987
vt 0.392765 0.520348
vt 0.408732 0.520186
vt 0.425254 0.519767
vt 0.443642 0.520668
vt 0.464640 0.521094
vt 0.482571 0.521964
vt 0.499359 0.522757
vt 0.516619 0.522699
vt 0.533851 0.507498
vt 0.533107 0.523668
vt 0.549624 0.524450
vt 0.566731 0.525330
vt 0.597517 0.526908
vt 0.615105 0.512202
vt 0.613679 0.529443
vt 0.629115 0.531941
vt 0.661115 0.532261
vt 0.682541 0.527520
vt 0.700884 0.525199
vt 0.716312 0.523907
vt 0.731747 0.522282
vt 0.747510 0.519883
vt 0.760809 0.503986
vt 0.761959 0.518791
vt 0.777371 0.518686
vt 0.794067 0.519464
vt 0.811100 0.520219
vt 0.827453 0.520157
vt 0.844965 0.520608
vt 0.863256 0.521494
vt 0.880692 0.521716
vt 0.897649 0.521531
vt 0.914838 0.521526
vt 0.932182 0.521616
vt 0.949321 0.521602
vt 0.966177 0.521463
vt 0.982937 0.521299
vt 0.999530 0.504370
vt 0.000100 0.546107
vt 0.000126 0.529493
vt 0.016739 0.546089
vt 0.033684 0.546075
vt 0.051203 0.546066
vt 0.068745 0.546052
vt 0.086006 0.545980
vt 0.103767 0.545976
vt 0.123933 0.546460
vt 0.147173 0.547954
vt 0.166581 0.549443
vt 0.196487 0.545896
vt 0.211714 0.545638
vt 0.227873 0.546436
vt 0.245357 0.548301
vt 0.262300 0.550041
vt 0.278398 0.551865
vt 0.293083 0.539355
vt 0.307362 0.551819
vt 0.324523 0.547488
vt 0.341959 0.543680
vt 0.357323 0.542426
vt 0.373142 0.541588
vt 0.390945 0.538672
vt 0.408226 0.537053
vt 0.425149 0.536552
vt 0.441636 0.537210
vt 0.459436 0.538155
vt 0.477705 0.539055
vt 0.496191 0.539492
vt 0.514877 0.539614
vt 0.531948 0.540210
vt 0.547823 0.540770
vt 0.565706 0.540345
vt 0.581185 0.540589
vt 0.582115 0.526262
vt 0.595914 0.541949
vt 0.613068 0.546041
vt 0.628061 0.550265
vt 0.643763 0.535065
vt 0.656436 0.550932
vt 0.681848 0.543580
vt 0.702236 0.540268
vt 0.732485 0.538184
vt 0.748090 0.535455
vt 0.762943 0.534523
vt 0.778576 0.534990
vt 0.795112 0.535763
vt 0.811656 0.536121
vt 0.829154 0.536834
vt 0.847268 0.537715
vt 0.865252 0.538476
vt 0.882262 0.538598
vt 0.898994 0.538435
vt 0.915924 0.538379
vt 0.932878 0.538352
vt 0.949706 0.538277
vt 0.966388 0.538145
vt 0.983083 0.538023
vt 0.999698 0.521148
vt 0.000152 0.562734
vt 0.016817 0.562639
vt 0.033817 0.562539
vt 0.051352 0.562448
vt 0.069224 0.562351
vt 0.087008 0.562213
vt 0.105506 0.562183
vt 0.126707 0.562776
vt 0.150127 0.564144
vt 0.168807 0.564957
vt 0.181623 0.547842
vt 0.198321 0.562690
vt 0.214114 0.562477
vt 0.231352 0.563589
vt 0.248548 0.564740
vt 0.265148 0.565877
vt 0.280219 0.566761
vt 0.293592 0.553903
vt 0.307365 0.566022
vt 0.324871 0.561366
vt 0.341084 0.558366
vt 0.354961 0.559242
vt 0.369696 0.559839
vt 0.388871 0.556004
vt 0.408095 0.553180
vt 0.425047 0.552251
vt 0.440183 0.552892
vt 0.458642 0.554115
vt 0.477391 0.555008
vt 0.495718 0.555634
vt 0.513942 0.556160
vt 0.531619 0.556761
vt 0.548313 0.556689
vt 0.580438 0.554148
vt 0.593945 0.555917
vt 0.609803 0.559962
vt 0.625254 0.563855
vt 0.640989 0.553812
vt 0.653993 0.566210
vt 0.680540 0.559414
vt 0.702997 0.554808
vt 0.717898 0.539385
vt 0.719368 0.553574
vt 0.748328 0.551986
vt 0.763782 0.551787
vt 0.779751 0.552107
vt 0.796263 0.552621
vt 0.812888 0.552799
vt 0.830378 0.553394
vt 0.848536 0.554260
vt 0.866283 0.554872
vt 0.883130 0.554995
vt 0.899753 0.554935
vt 0.916544 0.554930
vt 0.933269 0.554902
vt 0.949902 0.554845
vt 0.966507 0.554779
vt 0.983168 0.554725
vt 0.999824 0.537920
vt 0.000277 0.579370
vt 0.016964 0.579205
vt 0.034057 0.579030
vt 0.051687 0.578859
vt 0.069825 0.578692
vt 0.088252 0.578532
vt 0.107408 0.578456
vt 0.128881 0.578777
vt 0.151637 0.579408
vt 0.169613 0.579295
vt 0.183561 0.564865
vt 0.199508 0.578857
vt 0.216213 0.578961
vt 0.233326 0.579315
vt 0.250215 0.579665
vt 0.266697 0.579954
vt 0.282329 0.580327
vt 0.294381 0.568368
vt 0.306134 0.579603
vt 0.320545 0.577746
vt 0.337568 0.575489
vt 0.352092 0.575622
vt 0.365348 0.578179
vt 0.381278 0.576751
vt 0.404076 0.571300
vt 0.423743 0.568682
vt 0.439860 0.568918
vt 0.457619 0.570266
vt 0.476060 0.571181
vt 0.494577 0.571916
vt 0.513288 0.572626
vt 0.531376 0.573493
vt 0.565258 0.571200
vt 0.566128 0.554954
vt 0.579882 0.569673
vt 0.593690 0.570983
vt 0.609511 0.575836
vt 0.625387 0.580462
vt 0.639891 0.566521
vt 0.653737 0.580078
vt 0.677995 0.575461
vt 0.700916 0.570298
vt 0.718533 0.567875
vt 0.733530 0.567030
vt 0.733402 0.553175
vt 0.748202 0.567651
vt 0.763943 0.568232
vt 0.780148 0.568755
vt 0.796710 0.569187
vt 0.814120 0.569708
vt 0.832072 0.570301
vt 0.849835 0.570813
vt 0.866866 0.571085
vt 0.883451 0.571184
vt 0.900086 0.571249
vt 0.916774 0.571302
vt 0.933386 0.571337
vt 0.949948 0.571364
vt 0.966530 0.571389
vt 0.983181 0.571412
vt 0.999893 0.554682
vt 0.000469 0.596014
vt 0.017167 0.595783
vt 0.034330 0.595540
vt 0.052074 0.595295
vt 0.070459 0.595061
vt 0.089368 0.594851
vt 0.109088 0.594693
vt 0.131363 0.594661
vt 0.167871 0.594417
vt 0.183614 0.594561
vt 0.184234 0.579261
vt 0.199473 0.594531
vt 0.216318 0.594339
vt 0.232883 0.594256
vt 0.249397 0.594120
vt 0.265262 0.593752
vt 0.281582 0.592279
vt 0.295342 0.581225
vt 0.304531 0.590177
vt 0.318219 0.590775
vt 0.335588 0.590846
vt 0.349647 0.591380
vt 0.375930 0.593295
vt 0.399019 0.589176
vt 0.421492 0.586360
vt 0.439434 0.585676
vt 0.456469 0.586694
vt 0.474549 0.587474
vt 0.493605 0.588199
vt 0.511996 0.588885
vt 0.531141 0.590182
vt 0.548392 0.574330
vt 0.565043 0.590739
vt 0.580079 0.588834
vt 0.594856 0.589627
vt 0.610530 0.593388
vt 0.639168 0.595069
vt 0.639479 0.580795
vt 0.655147 0.594104
vt 0.674867 0.591956
vt 0.695669 0.588249
vt 0.713853 0.585709
vt 0.731725 0.582594
vt 0.746883 0.583554
vt 0.763080 0.584153
vt 0.779581 0.584911
vt 0.796303 0.585725
vt 0.814235 0.586226
vt 0.832496 0.586604
vt 0.850255 0.586932
vt 0.867036 0.587163
vt 0.883440 0.587337
vt 0.916646 0.587633
vt 0.933267 0.587759
vt 0.949853 0.587883
vt 0.966457 0.588001
vt 0.983124 0.588104
vt 0.999860 0.588189
vt 0.999900 0.571431
vt 0.017425 0.612367
vt 0.034650 0.612064
vt 0.052564 0.611752
vt 0.071060 0.611436
vt 0.090065 0.611127
vt 0.130948 0.610433
vt 0.149853 0.609986
vt 0.151304 0.594447
vt 0.166694 0.609869
vt 0.182336 0.610379
vt 0.198653 0.610301
vt 0.216176 0.609647
vt 0.232915 0.609218
vt 0.248771 0.608789
vt 0.263688 0.608550
vt 0.279866 0.606487
vt 0.294261 0.602963
vt 0.296001 0.590590
vt 0.305353 0.600821
vt 0.318999 0.604068
vt 0.334480 0.605710
vt 0.349190 0.605770
vt 0.362393 0.594226
vt 0.373689 0.605818
vt 0.393765 0.605235
vt 0.419077 0.604034
vt 0.438983 0.603213
vt 0.456082 0.603296
vt 0.475487 0.604093
vt 0.494964 0.604821
vt 0.512761 0.605169
vt 0.532031 0.606729
vt 0.549689 0.592805
vt 0.565687 0.609455
vt 0.580916 0.607024
vt 0.596405 0.607720
vt 0.611803 0.608711
vt 0.624570 0.596385
vt 0.639938 0.609096
vt 0.672706 0.608184
vt 0.689989 0.607610
vt 0.706912 0.606521
vt 0.726129 0.602490
vt 0.742848 0.602016
vt 0.760105 0.601595
vt 0.777254 0.601922
vt 0.794316 0.602774
vt 0.812543 0.602962
vt 0.831643 0.602853
vt 0.849883 0.602936
vt 0.866787 0.603184
vt 0.883119 0.603500
vt 0.899619 0.603790
vt 0.899987 0.587498
vt 0.916264 0.604029
vt 0.932966 0.604233
vt 0.949629 0.604439
vt 0.966288 0.604638
vt 0.982991 0.604815
vt 0.999749 0.604970
vt 0.000735 0.612657
vt 0.017734 0.628952
vt 0.034973 0.628595
vt 0.052888 0.628216
vt 0.071584 0.627817
vt 0.090789 0.627410
vt 0.109549 0.610826
vt 0.129907 0.626510
vt 0.147919 0.626188
vt 0.164657 0.626199
vt 0.180897 0.626375
vt 0.197406 0.626257
vt 0.214376 0.625711
vt 0.231911 0.624625
vt 0.249345 0.623160
vt 0.263871 0.622811
vt 0.278609 0.622403
vt 0.292816 0.622266
vt 0.306512 0.622067
vt 0.320659 0.623534
vt 0.349452 0.620107
vt 0.362350 0.617697
vt 0.361600 0.605848
vt 0.375354 0.617950
vt 0.395887 0.619857
vt 0.420900 0.620953
vt 0.439316 0.620448
vt 0.456712 0.620251
vt 0.476183 0.620686
vt 0.496137 0.621204
vt 0.515969 0.622082
vt 0.535532 0.623562
vt 0.551173 0.609701
vt 0.553140 0.625005
vt 0.581606 0.622769
vt 0.610808 0.622807
vt 0.623826 0.609173
vt 0.625104 0.622971
vt 0.640859 0.623345
vt 0.656338 0.608754
vt 0.657620 0.623669
vt 0.688588 0.623353
vt 0.702928 0.624449
vt 0.718530 0.623656
vt 0.735902 0.622685
vt 0.754414 0.621392
vt 0.772834 0.620634
vt 0.791242 0.620322
vt 0.810526 0.619810
vt 0.830507 0.619188
vt 0.849094 0.618996
vt 0.866231 0.619211
vt 0.882612 0.619688
vt 0.899052 0.620149
vt 0.915709 0.620506
vt 0.932503 0.620784
vt 0.949284 0.621051
vt 0.966035 0.621311
vt 0.982787 0.621553
vt 0.999570 0.621772
vt 0.001053 0.629291
vt 0.018085 0.645530
vt 0.035293 0.645126
vt 0.053297 0.644690
vt 0.072244 0.644213
vt 0.091562 0.643708
vt 0.109951 0.626979
vt 0.129657 0.642588
vt 0.146585 0.642403
vt 0.162805 0.642708
vt 0.178791 0.643060
vt 0.195351 0.642763
vt 0.213179 0.641653
vt 0.230605 0.640581
vt 0.248364 0.638453
vt 0.263371 0.638043
vt 0.278219 0.640924
vt 0.306913 0.642602
vt 0.335620 0.640047
vt 0.334818 0.623753
vt 0.350762 0.635885
vt 0.364636 0.633326
vt 0.381357 0.635081
vt 0.401658 0.637237
vt 0.422554 0.638114
vt 0.439811 0.637455
vt 0.457416 0.637181
vt 0.476284 0.637120
vt 0.498236 0.637574
vt 0.518901 0.638204
vt 0.536346 0.638545
vt 0.553040 0.638976
vt 0.566188 0.624595
vt 0.567558 0.638326
vt 0.582245 0.637353
vt 0.596284 0.622449
vt 0.596870 0.637136
vt 0.610757 0.636807
vt 0.626020 0.637475
vt 0.642354 0.638392
vt 0.658318 0.638684
vt 0.673606 0.623590
vt 0.688280 0.638174
vt 0.714247 0.638791
vt 0.732071 0.639168
vt 0.749785 0.639471
vt 0.768808 0.638571
vt 0.787737 0.637874
vt 0.808368 0.636690
vt 0.828049 0.636018
vt 0.847057 0.635569
vt 0.864837 0.635614
vt 0.881765 0.636030
vt 0.898376 0.636573
vt 0.915034 0.637051
vt 0.931888 0.637415
vt 0.948842 0.637718
vt 0.965713 0.638023
vt 0.982523 0.638317
vt 0.999330 0.638591
vt 0.001422 0.645916
vt 0.018481 0.662099
vt 0.035660 0.661653
vt 0.053654 0.661168
vt 0.072280 0.660643
vt 0.091583 0.660049
vt 0.111129 0.659391
vt 0.110937 0.643181
vt 0.128808 0.658880
vt 0.145268 0.658912
vt 0.161380 0.659087
vt 0.177375 0.659119
vt 0.193549 0.658865
vt 0.212013 0.657770
vt 0.229352 0.656938
vt 0.246594 0.655915
vt 0.262431 0.656147
vt 0.277856 0.658002
vt 0.292725 0.642862
vt 0.307132 0.657940
vt 0.322117 0.656863
vt 0.321218 0.641914
vt 0.337273 0.655553
vt 0.352601 0.652583
vt 0.367942 0.651626
vt 0.386334 0.653842
vt 0.404711 0.654951
vt 0.422853 0.655276
vt 0.440379 0.654916
vt 0.458462 0.654246
vt 0.477951 0.653655
vt 0.499171 0.653355
vt 0.521486 0.653395
vt 0.538548 0.653555
vt 0.568250 0.652677
vt 0.582834 0.652044
vt 0.597409 0.651539
vt 0.612141 0.651532
vt 0.628053 0.652915
vt 0.644228 0.654240
vt 0.659669 0.654513
vt 0.673610 0.638436
vt 0.688847 0.652465
vt 0.702314 0.651369
vt 0.702254 0.638484
vt 0.717423 0.653506
vt 0.735075 0.655880
vt 0.766947 0.655071
vt 0.784939 0.654635
vt 0.806324 0.653496
vt 0.825365 0.653044
vt 0.844263 0.652666
vt 0.862772 0.652471
vt 0.880599 0.652593
vt 0.897586 0.653089
vt 0.914348 0.653623
vt 0.931279 0.654055
vt 0.948388 0.654416
vt 0.965357 0.654767
vt 0.982213 0.655103
vt 0.999039 0.655424
vt 0.001835 0.662524
vt 0.018915 0.678663
vt 0.036070 0.678179
vt 0.053918 0.677650
vt 0.072203 0.677081
vt 0.091465 0.676408
vt 0.110832 0.675756
vt 0.128209 0.675309
vt 0.144525 0.675045
vt 0.160913 0.674773
vt 0.177417 0.674544
vt 0.194013 0.674226
vt 0.211920 0.673653
vt 0.228865 0.673042
vt 0.246152 0.672444
vt 0.262027 0.672747
vt 0.292331 0.673230
vt 0.292468 0.658529
vt 0.307810 0.672994
vt 0.323195 0.671888
vt 0.354465 0.669884
vt 0.370040 0.668885
vt 0.388380 0.671513
vt 0.405757 0.672431
vt 0.423345 0.673072
vt 0.440495 0.672770
vt 0.458515 0.671256
vt 0.497388 0.669052
vt 0.521489 0.667711
vt 0.540816 0.667417
vt 0.553838 0.653737
vt 0.568255 0.666844
vt 0.583343 0.666624
vt 0.599430 0.667515
vt 0.614975 0.668144
vt 0.630741 0.669375
vt 0.646687 0.671221
vt 0.675531 0.670666
vt 0.674453 0.653304
vt 0.689903 0.668849
vt 0.704421 0.668613
vt 0.721834 0.672545
vt 0.738090 0.674691
vt 0.750690 0.655181
vt 0.752875 0.673008
vt 0.768499 0.670861
vt 0.786293 0.670664
vt 0.824355 0.669335
vt 0.842113 0.669438
vt 0.860511 0.669406
vt 0.879268 0.669262
vt 0.896731 0.669667
vt 0.913748 0.670220
vt 0.930797 0.670714
vt 0.947953 0.671142
vt 0.964984 0.671536
vt 0.981872 0.671908
vt 0.002283 0.679117
vt 0.019372 0.695228
vt 0.036529 0.694710
vt 0.054367 0.694125
vt 0.072575 0.693480
vt 0.091736 0.692733
vt 0.111401 0.692010
vt 0.129011 0.691463
vt 0.145479 0.690912
vt 0.162226 0.690625
vt 0.179171 0.690616
vt 0.195687 0.690230
vt 0.213148 0.689445
vt 0.229786 0.688852
vt 0.246144 0.688506
vt 0.277334 0.688428
vt 0.277458 0.673135
vt 0.292648 0.688547
vt 0.323899 0.688006
vt 0.338946 0.671614
vt 0.341093 0.689395
vt 0.357209 0.689113
vt 0.372886 0.687798
vt 0.390111 0.689894
vt 0.407375 0.691570
vt 0.424141 0.691686
vt 0.441091 0.689797
vt 0.458564 0.687946
vt 0.477517 0.670010
vt 0.496184 0.684638
vt 0.518844 0.682545
vt 0.541891 0.679740
vt 0.554469 0.667963
vt 0.568425 0.680230
vt 0.584497 0.681657
vt 0.602085 0.683612
vt 0.618288 0.684919
vt 0.633576 0.685872
vt 0.648597 0.687014
vt 0.661344 0.671867
vt 0.676366 0.687294
vt 0.691189 0.686942
vt 0.706741 0.687185
vt 0.724667 0.689962
vt 0.753530 0.689820
vt 0.770016 0.687082
vt 0.804173 0.686180
vt 0.806506 0.669585
vt 0.822628 0.685718
vt 0.840343 0.685967
vt 0.858637 0.686105
vt 0.877671 0.685994
vt 0.895616 0.686340
vt 0.912988 0.686901
vt 0.930279 0.687432
vt 0.947509 0.687904
vt 0.964593 0.688331
vt 0.981502 0.688724
vt 0.998700 0.672260
vt 0.002752 0.695696
vt 0.019836 0.711802
vt 0.037036 0.711270
vt 0.054923 0.710642
vt 0.073275 0.709903
vt 0.093137 0.708996
vt 0.112549 0.708116
vt 0.130157 0.707465
vt 0.147188 0.706987
vt 0.164178 0.706631
vt 0.180417 0.706335
vt 0.211825 0.706140
vt 0.228467 0.705570
vt 0.245491 0.704550
vt 0.262250 0.703961
vt 0.261975 0.688440
vt 0.292567 0.703974
vt 0.308186 0.688466
vt 0.308842 0.704446
vt 0.325381 0.705165
vt 0.344007 0.708206
vt 0.360650 0.709660
vt 0.376295 0.709217
vt 0.392510 0.710289
vt 0.408566 0.710553
vt 0.424733 0.709163
vt 0.442793 0.706329
vt 0.461421 0.703922
vt 0.476986 0.686139
vt 0.480479 0.701713
vt 0.517184 0.697672
vt 0.538962 0.694026
vt 0.554160 0.691480
vt 0.554491 0.679265
vt 0.568283 0.694420
vt 0.585136 0.696800
vt 0.602331 0.698145
vt 0.618611 0.698917
vt 0.633361 0.699762
vt 0.647842 0.700541
vt 0.662341 0.687525
vt 0.662325 0.701040
vt 0.676214 0.701834
vt 0.691177 0.702624
vt 0.707265 0.703472
vt 0.724941 0.704345
vt 0.739669 0.691524
vt 0.753648 0.704580
vt 0.769691 0.703459
vt 0.785648 0.702356
vt 0.786057 0.686904
vt 0.801399 0.702890
vt 0.819077 0.702809
vt 0.837334 0.702916
vt 0.856275 0.702918
vt 0.875403 0.702942
vt 0.893881 0.703251
vt 0.911914 0.703712
vt 0.929618 0.704222
vt 0.947022 0.704711
vt 0.964180 0.705154
vt 0.981118 0.705556
vt 0.998337 0.689095
vt 0.003223 0.712263
vt 0.020280 0.728394
vt 0.037488 0.727876
vt 0.055460 0.727211
vt 0.073842 0.726414
vt 0.093298 0.725336
vt 0.112610 0.724178
vt 0.130452 0.723321
vt 0.147500 0.722673
vt 0.164818 0.721925
vt 0.180633 0.721373
vt 0.195935 0.706142
vt 0.195729 0.721851
vt 0.226708 0.722361
vt 0.245212 0.720220
vt 0.262481 0.718990
vt 0.277414 0.718721
vt 0.277454 0.704110
vt 0.292807 0.719446
vt 0.310076 0.721126
vt 0.327338 0.722836
vt 0.345856 0.725362
vt 0.363192 0.727717
vt 0.378505 0.728355
vt 0.393692 0.728440
vt 0.409087 0.727554
vt 0.425708 0.725562
vt 0.444697 0.722685
vt 0.464235 0.719714
vt 0.484972 0.717018
vt 0.498208 0.699674
vt 0.516856 0.712721
vt 0.535685 0.710553
vt 0.552833 0.708792
vt 0.567865 0.709672
vt 0.599370 0.712984
vt 0.614383 0.714430
vt 0.630169 0.714766
vt 0.646046 0.714596
vt 0.660307 0.715532
vt 0.674520 0.717095
vt 0.689192 0.718505
vt 0.704229 0.720018
vt 0.721214 0.719993
vt 0.738723 0.719131
vt 0.740015 0.704803
vt 0.753693 0.719141
vt 0.769677 0.719246
vt 0.785763 0.718407
vt 0.816936 0.718573
vt 0.835140 0.719347
vt 0.853953 0.719609
vt 0.872845 0.719969
vt 0.891698 0.720344
vt 0.910489 0.720683
vt 0.928761 0.721113
vt 0.946452 0.721580
vt 0.963761 0.722016
vt 0.980738 0.722407
vt 0.997961 0.705932
vt 0.003672 0.728825
vt 0.020682 0.745006
vt 0.037771 0.744541
vt 0.055464 0.743930
vt 0.073650 0.743137
vt 0.092746 0.741933
vt 0.111859 0.740556
vt 0.129815 0.739520
vt 0.146787 0.738718
vt 0.164105 0.737761
vt 0.180048 0.737472
vt 0.195484 0.738012
vt 0.211038 0.722975
vt 0.225872 0.737883
vt 0.243996 0.736197
vt 0.261652 0.734738
vt 0.277275 0.734253
vt 0.292921 0.735122
vt 0.309621 0.736783
vt 0.325963 0.738375
vt 0.344366 0.740617
vt 0.363734 0.742851
vt 0.379127 0.744025
vt 0.393975 0.744319
vt 0.409440 0.743593
vt 0.426459 0.742016
vt 0.445967 0.739208
vt 0.468480 0.735085
vt 0.490129 0.731292
vt 0.501032 0.714571
vt 0.504623 0.729209
vt 0.519315 0.727426
vt 0.551887 0.724529
vt 0.567015 0.725495
vt 0.583642 0.711660
vt 0.596792 0.728415
vt 0.610508 0.729864
vt 0.625709 0.730940
vt 0.642111 0.731156
vt 0.657426 0.731692
vt 0.671822 0.733506
vt 0.686548 0.734793
vt 0.701206 0.735924
vt 0.717543 0.736156
vt 0.736490 0.735153
vt 0.753443 0.735108
vt 0.785935 0.735228
vt 0.801448 0.718530
vt 0.802285 0.735376
vt 0.818622 0.735297
vt 0.852166 0.735896
vt 0.871126 0.736682
vt 0.890108 0.737270
vt 0.909295 0.737643
vt 0.927948 0.738056
vt 0.945963 0.738496
vt 0.963375 0.738911
vt 0.980377 0.739274
vt 0.997589 0.722771
vt 0.004077 0.745390
vt 0.021033 0.761626
vt 0.037962 0.761233
vt 0.055353 0.760711
vt 0.073075 0.760045
vt 0.091280 0.759086
vt 0.110011 0.757695
vt 0.129107 0.755872
vt 0.147310 0.754363
vt 0.164020 0.753438
vt 0.179774 0.753156
vt 0.195270 0.753546
vt 0.210594 0.738536
vt 0.226646 0.752867
vt 0.244595 0.751550
vt 0.261716 0.750195
vt 0.277131 0.749895
vt 0.293380 0.751282
vt 0.309607 0.752627
vt 0.325169 0.753849
vt 0.361180 0.757624
vt 0.378128 0.759023
vt 0.393884 0.759736
vt 0.410133 0.759533
vt 0.427405 0.758479
vt 0.466374 0.752665
vt 0.487459 0.747679
vt 0.505441 0.743406
vt 0.520254 0.742577
vt 0.536892 0.739726
vt 0.536867 0.725243
vt 0.551134 0.738962
vt 0.565636 0.742667
vt 0.582061 0.726740
vt 0.595614 0.744497
vt 0.610174 0.743818
vt 0.640177 0.746321
vt 0.654654 0.747571
vt 0.669416 0.748663
vt 0.684532 0.749601
vt 0.700401 0.750470
vt 0.716869 0.751190
vt 0.733945 0.751408
vt 0.752033 0.751530
vt 0.769651 0.751995
vt 0.769686 0.735399
vt 0.786898 0.752913
vt 0.803554 0.753145
vt 0.820155 0.753202
vt 0.835176 0.735513
vt 0.836726 0.752874
vt 0.854055 0.753137
vt 0.872241 0.753786
vt 0.908464 0.754559
vt 0.927349 0.755009
vt 0.945543 0.755449
vt 0.963025 0.755831
vt 0.980049 0.756157
vt 0.997236 0.739613
vt 0.004433 0.761962
vt 0.021341 0.778243
vt 0.038116 0.777921
vt 0.055196 0.777514
vt 0.072516 0.776996
vt 0.090229 0.776195
vt 0.108710 0.774783
vt 0.128202 0.772513
vt 0.147193 0.770168
vt 0.163635 0.769251
vt 0.179455 0.768917
vt 0.211053 0.769224
vt 0.210716 0.753540
vt 0.245142 0.766895
vt 0.261343 0.765926
vt 0.276931 0.765797
vt 0.292591 0.766624
vt 0.308693 0.767647
vt 0.324078 0.769204
vt 0.341969 0.755793
vt 0.357920 0.773030
vt 0.376365 0.774920
vt 0.393436 0.775990
vt 0.410139 0.776179
vt 0.427246 0.775518
vt 0.444267 0.775010
vt 0.445275 0.756815
vt 0.463246 0.771989
vt 0.482874 0.767756
vt 0.501876 0.763108
vt 0.518311 0.761046
vt 0.534314 0.758624
vt 0.549362 0.757303
vt 0.563869 0.762135
vt 0.580500 0.744720
vt 0.593833 0.764703
vt 0.609874 0.761024
vt 0.624651 0.745222
vt 0.624694 0.760455
vt 0.639406 0.761164
vt 0.653927 0.761897
vt 0.669576 0.763895
vt 0.684541 0.764462
vt 0.700294 0.765581
vt 0.732827 0.767015
vt 0.750517 0.767754
vt 0.768920 0.768501
vt 0.787469 0.769622
vt 0.804330 0.770109
vt 0.820996 0.770149
vt 0.838082 0.770296
vt 0.855873 0.770833
vt 0.873413 0.771132
vt 0.890022 0.754118
vt 0.890620 0.771140
vt 0.908287 0.771444
vt 0.945194 0.772440
vt 0.962732 0.772782
vt 0.979767 0.773053
vt 0.996917 0.756456
vt 0.004745 0.778539
vt 0.021619 0.794851
vt 0.038294 0.794579
vt 0.055171 0.794249
vt 0.072194 0.793851
vt 0.089448 0.793269
vt 0.107283 0.792178
vt 0.126032 0.790233
vt 0.144847 0.787846
vt 0.162579 0.785811
vt 0.178544 0.785615
vt 0.194367 0.786308
vt 0.195064 0.769363
vt 0.210871 0.785531
vt 0.227596 0.784486
vt 0.228010 0.768230
vt 0.244643 0.782808
vt 0.260616 0.782001
vt 0.276627 0.781113
vt 0.305516 0.782753
vt 0.321935 0.784178
vt 0.340466 0.771061
vt 0.339511 0.786553
vt 0.356849 0.788739
vt 0.375891 0.791601
vt 0.393065 0.792984
vt 0.426366 0.793621
vt 0.443000 0.793739
vt 0.460352 0.792114
vt 0.478797 0.788833
vt 0.498340 0.783680
vt 0.515818 0.780487
vt 0.531245 0.781323
vt 0.546793 0.780999
vt 0.561824 0.784055
vt 0.578638 0.765633
vt 0.592298 0.784618
vt 0.608879 0.780314
vt 0.624363 0.777987
vt 0.639280 0.776995
vt 0.654165 0.777852
vt 0.670115 0.780200
vt 0.685574 0.781204
vt 0.702501 0.783616
vt 0.716672 0.766566
vt 0.718460 0.784060
vt 0.734332 0.783591
vt 0.750965 0.784006
vt 0.768661 0.785005
vt 0.787010 0.786077
vt 0.804360 0.786606
vt 0.821292 0.786850
vt 0.838512 0.787165
vt 0.856340 0.787706
vt 0.873858 0.788063
vt 0.891276 0.788288
vt 0.909000 0.788601
vt 0.926869 0.771980
vt 0.927040 0.789034
vt 0.945123 0.789472
vt 0.962543 0.789755
vt 0.979541 0.789960
vt 0.996643 0.773303
vt 0.005283 0.811696
vt 0.005025 0.795119
vt 0.038485 0.811212
vt 0.055227 0.810936
vt 0.072052 0.810621
vt 0.088986 0.810206
vt 0.106246 0.809471
vt 0.124240 0.808048
vt 0.142582 0.806091
vt 0.160603 0.804038
vt 0.177116 0.803686
vt 0.193244 0.803906
vt 0.209876 0.802908
vt 0.226619 0.801577
vt 0.243179 0.800138
vt 0.259271 0.798814
vt 0.276121 0.796297
vt 0.290887 0.795131
vt 0.291386 0.781853
vt 0.304406 0.796362
vt 0.320874 0.799040
vt 0.339590 0.802672
vt 0.358136 0.806087
vt 0.376241 0.809017
vt 0.409290 0.811260
vt 0.409729 0.793367
vt 0.425686 0.811676
vt 0.442004 0.812024
vt 0.458730 0.811006
vt 0.476658 0.808274
vt 0.495480 0.804164
vt 0.513071 0.801200
vt 0.528889 0.802248
vt 0.544437 0.804101
vt 0.575418 0.805181
vt 0.576849 0.786217
vt 0.591642 0.802743
vt 0.608083 0.799458
vt 0.623890 0.797052
vt 0.639443 0.794384
vt 0.654474 0.794482
vt 0.669945 0.795992
vt 0.686087 0.797879
vt 0.703559 0.800734
vt 0.719717 0.801258
vt 0.735740 0.800831
vt 0.752615 0.801578
vt 0.769833 0.802231
vt 0.787253 0.802884
vt 0.804409 0.803273
vt 0.821599 0.803646
vt 0.838662 0.803913
vt 0.856352 0.804503
vt 0.874038 0.804973
vt 0.891721 0.805367
vt 0.909498 0.805750
vt 0.927377 0.806153
vt 0.945140 0.806510
vt 0.962415 0.806726
vt 0.979372 0.806871
vt 0.996423 0.790156
vt 0.005521 0.828268
vt 0.021868 0.811450
vt 0.038690 0.827818
vt 0.055338 0.827582
vt 0.072038 0.827321
vt 0.088803 0.826992
vt 0.105751 0.826462
vt 0.123207 0.825459
vt 0.140929 0.824121
vt 0.158716 0.822528
vt 0.175906 0.821416
vt 0.192477 0.820997
vt 0.209163 0.820109
vt 0.225997 0.818638
vt 0.242678 0.816897
vt 0.258984 0.815014
vt 0.275358 0.812374
vt 0.290595 0.809645
vt 0.304574 0.811141
vt 0.320662 0.814569
vt 0.338880 0.818695
vt 0.357311 0.822409
vt 0.392452 0.827744
vt 0.392859 0.810582
vt 0.425144 0.829502
vt 0.441350 0.829545
vt 0.457888 0.828817
vt 0.475265 0.826896
vt 0.492852 0.824791
vt 0.510059 0.823461
vt 0.526690 0.823194
vt 0.558509 0.824603
vt 0.559906 0.805551
vt 0.574483 0.823481
vt 0.590916 0.821274
vt 0.607394 0.818719
vt 0.623451 0.816866
vt 0.639333 0.815160
vt 0.655046 0.814093
vt 0.670742 0.813996
vt 0.687038 0.815582
vt 0.704497 0.818303
vt 0.721114 0.819417
vt 0.737482 0.819443
vt 0.754103 0.819538
vt 0.770973 0.819767
vt 0.788200 0.820326
vt 0.805020 0.820299
vt 0.822174 0.820700
vt 0.839453 0.821133
vt 0.856894 0.821619
vt 0.874381 0.822030
vt 0.891960 0.822401
vt 0.909861 0.822867
vt 0.927670 0.823270
vt 0.945177 0.823541
vt 0.962324 0.823687
vt 0.979255 0.823779
vt 0.996256 0.807013
vt 0.005745 0.844839
vt 0.022099 0.828040
vt 0.038900 0.844407
vt 0.055501 0.844191
vt 0.072134 0.843956
vt 0.088797 0.843682
vt 0.105563 0.843283
vt 0.122691 0.842554
vt 0.140037 0.841595
vt 0.157488 0.840453
vt 0.174681 0.839462
vt 0.191731 0.838441
vt 0.208543 0.837515
vt 0.225323 0.836260
vt 0.242177 0.834334
vt 0.259019 0.831645
vt 0.275316 0.828788
vt 0.290406 0.827124
vt 0.305987 0.830316
vt 0.321569 0.832023
vt 0.338516 0.835331
vt 0.356557 0.839165
vt 0.375256 0.825434
vt 0.374351 0.842238
vt 0.392005 0.844963
vt 0.408891 0.828886
vt 0.408511 0.846106
vt 0.424750 0.846452
vt 0.457357 0.846002
vt 0.473832 0.845435
vt 0.490780 0.844297
vt 0.508543 0.842515
vt 0.525452 0.841978
vt 0.541800 0.842071
vt 0.542765 0.824164
vt 0.557845 0.841929
vt 0.574074 0.840835
vt 0.590581 0.839088
vt 0.606982 0.837447
vt 0.623289 0.835952
vt 0.639468 0.834690
vt 0.655611 0.833474
vt 0.671810 0.833503
vt 0.688243 0.834243
vt 0.705332 0.836113
vt 0.722135 0.837270
vt 0.738507 0.837095
vt 0.755125 0.837085
vt 0.772042 0.837394
vt 0.789127 0.837825
vt 0.806156 0.838089
vt 0.823406 0.838596
vt 0.840742 0.839099
vt 0.858094 0.839513
vt 0.875171 0.839431
vt 0.892370 0.839514
vt 0.910108 0.839969
vt 0.927869 0.840365
vt 0.945218 0.840564
vt 0.962261 0.840637
vt 0.979186 0.840684
vt 0.996139 0.823873
vt 0.005959 0.861407
vt 0.022319 0.844621
vt 0.022531 0.861197
vt 0.055691 0.860781
vt 0.072291 0.860560
vt 0.088909 0.860312
vt 0.105588 0.859982
vt 0.122493 0.859448
vt 0.139624 0.858712
vt 0.156852 0.857845
vt 0.173951 0.857021
vt 0.191118 0.855983
vt 0.207994 0.855139
vt 0.224721 0.854261
vt 0.241404 0.853008
vt 0.258514 0.850097
vt 0.274983 0.847167
vt 0.290474 0.846459
vt 0.306489 0.849345
vt 0.323005 0.852127
vt 0.340042 0.855049
vt 0.357594 0.858280
vt 0.374864 0.860673
vt 0.391760 0.862329
vt 0.408161 0.862944
vt 0.424489 0.862984
vt 0.441000 0.846349
vt 0.457146 0.862659
vt 0.473447 0.862287
vt 0.490345 0.861239
vt 0.508468 0.859542
vt 0.525188 0.858994
vt 0.541569 0.858795
vt 0.557764 0.858518
vt 0.574068 0.857671
vt 0.590559 0.856331
vt 0.607169 0.854728
vt 0.623599 0.853434
vt 0.639828 0.852701
vt 0.656122 0.851802
vt 0.672500 0.851765
vt 0.689352 0.852999
vt 0.706194 0.854136
vt 0.722797 0.854692
vt 0.739173 0.854254
vt 0.755896 0.854417
vt 0.772953 0.854939
vt 0.790110 0.855497
vt 0.807276 0.855976
vt 0.824468 0.856386
vt 0.841774 0.856847
vt 0.858993 0.857134
vt 0.876019 0.857040
vt 0.893109 0.856927
vt 0.910504 0.857158
vt 0.928075 0.857480
vt 0.945267 0.857577
vt 0.962237 0.857580
vt 0.979158 0.857586
vt 0.996069 0.840733
vt 0.006167 0.877976
vt 0.022738 0.877771
vt 0.039109 0.860988
vt 0.055895 0.877363
vt 0.072482 0.877152
vt 0.089087 0.876918
vt 0.105735 0.876627
vt 0.122540 0.876197
vt 0.139564 0.875583
vt 0.156655 0.874879
vt 0.173712 0.874145
vt 0.190815 0.873259
vt 0.207620 0.872693
vt 0.224304 0.872241
vt 0.240910 0.871761
vt 0.257818 0.870120
vt 0.274482 0.868635
vt 0.290777 0.868972
vt 0.307130 0.869838
vt 0.323906 0.872006
vt 0.341371 0.875208
vt 0.358576 0.877702
vt 0.375163 0.878867
vt 0.391560 0.879476
vt 0.407903 0.879642
vt 0.424318 0.879537
vt 0.440863 0.862810
vt 0.440750 0.879357
vt 0.473573 0.878658
vt 0.490569 0.877682
vt 0.508503 0.876284
vt 0.525345 0.875504
vt 0.541686 0.875212
vt 0.557984 0.874930
vt 0.574346 0.874302
vt 0.590912 0.873119
vt 0.607741 0.871367
vt 0.624172 0.869999
vt 0.640286 0.869545
vt 0.656542 0.869223
vt 0.673087 0.869756
vt 0.689982 0.870923
vt 0.706684 0.871611
vt 0.723228 0.871749
vt 0.739660 0.871173
vt 0.756339 0.871429
vt 0.773651 0.872294
vt 0.790919 0.873037
vt 0.808043 0.873483
vt 0.825200 0.873853
vt 0.842437 0.874223
vt 0.859605 0.874434
vt 0.876663 0.874420
vt 0.893777 0.874385
vt 0.911033 0.874478
vt 0.928281 0.874580
vt 0.945309 0.874556
vt 0.962255 0.874515
vt 0.979169 0.874485
vt 0.996041 0.857596
vt 0.006368 0.894544
vt 0.022939 0.894345
vt 0.039315 0.877567
vt 0.039516 0.894146
vt 0.072687 0.893742
vt 0.089289 0.893525
vt 0.105932 0.893268
vt 0.122691 0.892914
vt 0.139623 0.892411
vt 0.156634 0.891808
vt 0.173600 0.891208
vt 0.190539 0.890605
vt 0.207349 0.890188
vt 0.224052 0.889989
vt 0.240758 0.889719
vt 0.257589 0.889052
vt 0.274318 0.889273
vt 0.291024 0.889965
vt 0.307717 0.890486
vt 0.324664 0.891881
vt 0.341895 0.893984
vt 0.358578 0.895234
vt 0.374958 0.895839
vt 0.391304 0.896122
vt 0.407701 0.896198
vt 0.440674 0.895953
vt 0.457136 0.879132
vt 0.473894 0.895069
vt 0.491256 0.894048
vt 0.508738 0.892842
vt 0.525408 0.892094
vt 0.541757 0.891950
vt 0.558187 0.891636
vt 0.574676 0.891085
vt 0.591266 0.890120
vt 0.607994 0.888550
vt 0.624657 0.886597
vt 0.640641 0.885783
vt 0.656711 0.886013
vt 0.673618 0.887559
vt 0.690472 0.888745
vt 0.707138 0.889216
vt 0.740177 0.888266
vt 0.756694 0.888386
vt 0.774140 0.889550
vt 0.791516 0.890443
vt 0.808667 0.890931
vt 0.825804 0.891261
vt 0.842952 0.891506
vt 0.860066 0.891638
vt 0.877151 0.891669
vt 0.894249 0.891657
vt 0.911376 0.891654
vt 0.928419 0.891598
vt 0.945376 0.891509
vt 0.962307 0.891439
vt 0.979212 0.891380
vt 0.996050 0.874460
vt 0.006565 0.911113
vt 0.023136 0.910919
vt 0.039713 0.910725
vt 0.056099 0.893945
vt 0.056296 0.910531
vt 0.089492 0.910137
vt 0.106125 0.909922
vt 0.122828 0.909657
vt 0.139650 0.909293
vt 0.156554 0.908838
vt 0.173461 0.908355
vt 0.190358 0.907855
vt 0.207140 0.907571
vt 0.223861 0.907539
vt 0.240634 0.907329
vt 0.257426 0.907359
vt 0.274259 0.908068
vt 0.291039 0.908650
vt 0.307829 0.909163
vt 0.324755 0.910116
vt 0.341631 0.911204
vt 0.358206 0.911952
vt 0.374630 0.912399
vt 0.391054 0.912640
vt 0.407528 0.912739
vt 0.424169 0.896130
vt 0.424043 0.912735
vt 0.457311 0.912267
vt 0.457196 0.895660
vt 0.474258 0.911646
vt 0.491809 0.910552
vt 0.508785 0.909518
vt 0.525283 0.909013
vt 0.541711 0.909199
vt 0.558243 0.908938
vt 0.574812 0.908440
vt 0.591379 0.907907
vt 0.608005 0.906767
vt 0.624798 0.904353
vt 0.640948 0.902374
vt 0.656948 0.903279
vt 0.673935 0.905363
vt 0.690879 0.906715
vt 0.707654 0.907333
vt 0.723707 0.889087
vt 0.740851 0.906278
vt 0.757397 0.905921
vt 0.774517 0.906870
vt 0.791942 0.907833
vt 0.809160 0.908340
vt 0.826288 0.908613
vt 0.843376 0.908750
vt 0.860476 0.908845
vt 0.877538 0.908846
vt 0.894579 0.908788
vt 0.911581 0.908683
vt 0.928532 0.908553
vt 0.945467 0.908444
vt 0.962384 0.908351
vt 0.979280 0.908269
vt 0.996091 0.891326
vt 0.006756 0.927682
vt 0.023326 0.927493
vt 0.039903 0.927305
vt 0.056486 0.927118
vt 0.072888 0.910336
vt 0.089683 0.926749
vt 0.106305 0.926568
vt 0.122961 0.926382
vt 0.139673 0.926170
vt 0.156444 0.925920
vt 0.173248 0.925645
vt 0.190096 0.925306
vt 0.206904 0.925078
vt 0.223668 0.925021
vt 0.240453 0.924957
vt 0.257247 0.925158
vt 0.274064 0.925710
vt 0.290847 0.926200
vt 0.307626 0.926665
vt 0.324434 0.927302
vt 0.341185 0.927988
vt 0.357786 0.928532
vt 0.374302 0.928911
vt 0.390809 0.929177
vt 0.407347 0.929323
vt 0.423922 0.929373
vt 0.440630 0.912585
vt 0.457306 0.929063
vt 0.474282 0.928553
vt 0.491633 0.927520
vt 0.508326 0.927212
vt 0.524953 0.927111
vt 0.541550 0.927133
vt 0.558159 0.926902
vt 0.574754 0.926872
vt 0.591351 0.926751
vt 0.607955 0.926036
vt 0.624693 0.924127
vt 0.641226 0.922194
vt 0.657611 0.922598
vt 0.674395 0.923967
vt 0.691404 0.925335
vt 0.708232 0.925918
vt 0.724286 0.907084
vt 0.741608 0.925047
vt 0.758372 0.924741
vt 0.775329 0.924998
vt 0.792490 0.925505
vt 0.809652 0.925855
vt 0.826749 0.926012
vt 0.843806 0.926053
vt 0.860848 0.926042
vt 0.877840 0.925940
vt 0.894798 0.925789
vt 0.911732 0.925628
vt 0.928660 0.925486
vt 0.945577 0.925362
vt 0.962481 0.925252
vt 0.979369 0.925152
vt 0.996157 0.908192
vt 0.006942 0.944250
vt 0.023512 0.944066
vt 0.040087 0.943884
vt 0.073256 0.943529
vt 0.073078 0.926933
vt 0.089856 0.943359
vt 0.106471 0.943197
vt 0.123106 0.943045
vt 0.139763 0.942911
vt 0.156456 0.942777
vt 0.173188 0.942629
vt 0.189955 0.942465
vt 0.206725 0.942353
vt 0.223494 0.942296
vt 0.240262 0.942339
vt 0.257034 0.942576
vt 0.273810 0.942955
vt 0.290570 0.943341
vt 0.307322 0.943753
vt 0.324067 0.944226
vt 0.340767 0.944709
vt 0.357397 0.945140
vt 0.373985 0.945478
vt 0.390566 0.945748
vt 0.407164 0.945938
vt 0.440482 0.946055
vt 0.440565 0.929296
vt 0.457265 0.945930
vt 0.474205 0.945593
vt 0.491170 0.945122
vt 0.507948 0.945139
vt 0.524656 0.945274
vt 0.541346 0.945392
vt 0.558035 0.945348
vt 0.574711 0.945472
vt 0.591364 0.945520
vt 0.608012 0.945204
vt 0.624739 0.944258
vt 0.641476 0.943415
vt 0.658211 0.943245
vt 0.675021 0.943506
vt 0.691915 0.944053
vt 0.708753 0.944290
vt 0.724925 0.925705
vt 0.725541 0.944225
vt 0.742330 0.943873
vt 0.759190 0.943598
vt 0.776141 0.943494
vt 0.793160 0.943498
vt 0.810187 0.943481
vt 0.827186 0.943389
vt 0.844168 0.943262
vt 0.861121 0.943091
vt 0.878050 0.942900
vt 0.894970 0.942717
vt 0.911887 0.942551
vt 0.928798 0.942401
vt 0.945700 0.942266
vt 0.962593 0.942144
vt 0.979474 0.942030
vt 0.996242 0.925058
vt 0.007124 0.960817
vt 0.023692 0.960637
vt 0.056841 0.960287
vt 0.056668 0.943705
vt 0.073424 0.960120
vt 0.090016 0.959961
vt 0.106619 0.959813
vt 0.123235 0.959682
vt 0.139870 0.959569
vt 0.156521 0.959481
vt 0.173190 0.959424
vt 0.189887 0.959385
vt 0.206605 0.959372
vt 0.223335 0.959400
vt 0.240067 0.959514
vt 0.256803 0.959698
vt 0.273539 0.959961
vt 0.290266 0.960277
vt 0.306985 0.960624
vt 0.323695 0.961008
vt 0.357039 0.961780
vt 0.373676 0.962107
vt 0.406960 0.962608
vt 0.423636 0.962771
vt 0.423794 0.946047
vt 0.440355 0.962867
vt 0.457139 0.962876
vt 0.473977 0.962831
vt 0.490813 0.962883
vt 0.507627 0.962994
vt 0.524408 0.963099
vt 0.541172 0.963229
vt 0.557931 0.963335
vt 0.574681 0.963452
vt 0.608158 0.963353
vt 0.624939 0.963061
vt 0.641758 0.962783
vt 0.658599 0.962562
vt 0.675464 0.962422
vt 0.692337 0.962371
vt 0.709187 0.962250
vt 0.726026 0.962053
vt 0.742875 0.961773
vt 0.759761 0.961500
vt 0.776677 0.961222
vt 0.793615 0.960956
vt 0.810561 0.960716
vt 0.827495 0.960473
vt 0.844416 0.960237
vt 0.861332 0.960017
vt 0.878242 0.959815
vt 0.895147 0.959629
vt 0.912048 0.959458
vt 0.928944 0.959302
vt 0.945834 0.959158
vt 0.962717 0.959026
vt 0.979591 0.958902
vt 0.996343 0.941922
vt 0.023868 0.977206
vt 0.040437 0.977032
vt 0.040264 0.960460
vt 0.057008 0.976864
vt 0.073583 0.976702
vt 0.090164 0.976552
vt 0.106752 0.976415
vt 0.123350 0.976295
vt 0.139960 0.976198
vt 0.156581 0.976129
vt 0.173218 0.976089
vt 0.189869 0.976086
vt 0.206534 0.976128
vt 0.223208 0.976219
vt 0.239890 0.976357
vt 0.256576 0.976543
vt 0.273267 0.976786
vt 0.289959 0.977073
vt 0.306649 0.977395
vt 0.340023 0.978102
vt 0.340382 0.961405
vt 0.356698 0.978452
vt 0.373368 0.978777
vt 0.390310 0.962386
vt 0.390044 0.979069
vt 0.423448 0.979528
vt 0.440189 0.979698
vt 0.456966 0.979837
vt 0.473772 0.979978
vt 0.490586 0.980161
vt 0.507394 0.980350
vt 0.524203 0.980521
vt 0.541017 0.980667
vt 0.557836 0.980793
vt 0.574653 0.980869
vt 0.591419 0.963479
vt 0.608291 0.980798
vt 0.625138 0.980671
vt 0.642002 0.980504
vt 0.658878 0.980303
vt 0.675763 0.980082
vt 0.692648 0.979842
vt 0.709526 0.979573
vt 0.726397 0.979271
vt 0.743268 0.978943
vt 0.760147 0.978603
vt 0.777036 0.978265
vt 0.793936 0.977945
vt 0.810842 0.977653
vt 0.827747 0.977388
vt 0.861545 0.976921
vt 0.878438 0.976715
vt 0.895328 0.976525
vt 0.912214 0.976350
vt 0.929097 0.976189
vt 0.945975 0.976040
vt 0.962849 0.975901
vt 0.979716 0.975769
vt 0.996456 0.958783
vt 0.007302 0.977382
vt 0.024042 0.993772
vt 0.040607 0.993600
vt 0.057171 0.993433
vt 0.073737 0.993275
vt 0.090304 0.993129
vt 0.106876 0.992999
vt 0.123453 0.992888
vt 0.140038 0.992800
vt 0.156630 0.992741
vt 0.173231 0.992713
vt 0.189841 0.992724
vt 0.206461 0.992780
vt 0.223091 0.992875
vt 0.239723 0.993018
vt 0.256359 0.993213
vt 0.273002 0.993460
vt 0.289654 0.993752
vt 0.306314 0.994077
vt 0.323339 0.977742
vt 0.339671 0.994788
vt 0.356360 0.995136
vt 0.373055 0.995469
vt 0.389764 0.995774
vt 0.406491 0.996046
vt 0.406735 0.979319
vt 0.423239 0.996280
vt 0.440007 0.996482
vt 0.456793 0.996662
vt 0.473588 0.996841
vt 0.490387 0.997037
vt 0.507195 0.997244
vt 0.524022 0.997446
vt 0.540871 0.997624
vt 0.557741 0.997752
vt 0.574620 0.997820
vt 0.591467 0.980864
vt 0.591501 0.997821
vt 0.608389 0.997759
vt 0.625287 0.997638
vt 0.642193 0.997469
vt 0.659100 0.997262
vt 0.676009 0.997028
vt 0.692919 0.996770
vt 0.709825 0.996483
vt 0.726721 0.996165
vt 0.743607 0.995828
vt 0.760486 0.995485
vt 0.777362 0.995152
vt 0.794240 0.994836
vt 0.811120 0.994546
vt 0.828002 0.994280
vt 0.844648 0.977145
vt 0.844883 0.994034
vt 0.861761 0.993808
vt 0.878637 0.993599
vt 0.895512 0.993406
vt 0.912384 0.993228
vt 0.929254 0.993064
vt 0.946122 0.992911
vt 0.962987 0.992767
vt 0.979849 0.992630
vt 0.996577 0.975642
vt 0.007477 0.993947
vt 0.322987 0.994430
vt 0.996705 0.992498
s 1
f 1/1/1 62/2/45 2/3/2
f 2/3/2 63/4/46 3/5/3
f 3/5/3 64/6/47 4/7/4
f 4/7/4 65/8/48 5/9/5
f 5/9/5 66/10/49 6/11/6
f 66/10/49 7/12/6 6/11/6
f 67/13/6 8/14/6 7/12/6
f 68/15/6 9/16/6 8/14/6
f 69/17/6 10/18/6 9/16/6
f 70/19/50 11/20/6 10/18/6
f 71/21/51 12/22/6 11/20/6
f 72/23/52 13/24/7 12/22/6
f 73/25/53 14/26/8 13/24/7
f 74/27/54 15/28/9 14/26/8
f 75/29/55 16/30/10 15/28/9
f 76/31/56 17/32/11 16/30/10
f 77/33/57 18/34/12 17/32/11
f 78/35/58 19/36/13 18/34/12
f 79/37/59 20/38/14 19/36/13
f 80/39/60 21/40/15 20/38/14
f 81/41/61 22/42/16 21/40/15
f 82/43/62 23/44/17 22/42/16
f 83/45/63 24/46/18 23/44/17
f 84/47/64 25/48/19 24/46/18
f 85/49/65 26/50/20 25/48/19
f 86/51/66 27/52/21 26/50/20
f 87/53/67 28/54/22 27/52/21
f 88/55/68 29/56/23 28/54/22
f 29/56/23 90/57/70 30/58/24
f 30/58/24 91/59/71 31/60/25
f 31/60/25 92/61/72 32/62/26
f 92/61/72 33/63/27 32/62/26
f 93/64/73 34/65/28 33/63/27
f 94/66/74 35/67/29 34/65/28
f 35/67/29 96/68/76 36/69/30
f 96/68/76 37/70/31 36/69/30
f 97/71/77 38/72/32 37/70/31
f 98/73/78 39/74/33 38/72/32
f 39/74/33 100/75/80 40/76/34
f 40/76/34 101/77/81 41/78/35
f 41/78/35 102/79/82 42/80/36
f 42/80/36 103/81/83 43/82/37
f 43/82/37 104/83/84 44/84/38
f 44/84/38 105/85/85 45/86/39
f 45/86/39 106/87/86 46/88/40
f 46/88/40 107/89/87 47/90/41
f 47/90/41 108/91/88 48/92/42
f 108/91/88 49/93/43 48/92/42
f 109/94/89 50/95/6 49/93/43
f 110/96/90 51/97/6 50/95/6
f 111/98/91 52/99/6 51/97/6
f 112/100/92 53/101/6 52/99/6
f 113/102/6 54/103/6 53/101/6
f 114/104/6 55/105/6 54/103/6
f 115/106/6 56/107/6 55/105/6
f 116/108/6 57/109/6 56/107/6
f 117/110/6 58/111/6 57/109/6
f 118/112/6 59/113/6 58/111/6
f 119/114/6 60/115/6 59/113/6
f 61/116/44 122/117/94 62/2/45
f 62/2/45 123/118/95 63/4/46
f 63/4/46 124/119/96 64/6/47
f 64/6/47 125/120/97 65/8/48
f 65/8/48 126/121/98 66/10/49
f 66/10/49 127/122/99 67/13/6
f 127/122/99 68/15/6 67/13/6
f 128/123/100 69/17/6 68/15/6
f 129/124/101 70/19/50 69/17/6
f 130/125/102 71/21/51 70/19/50
f 131/126/103 72/23/52 71/21/51
f 132/127/104 73/25/53 72/23/52
f 133/128/105 74/27/54 73/25/53
f 134/129/106 75/29/55 74/27/54
f 135/130/107 76/31/56 75/29/55
f 136/131/108 77/33/57 76/31/56
f 137/132/109 78/35/58 77/33/57
f 138/133/110 79/37/59 78/35/58
f 139/134/111 80/39/60 79/37/59
f 140/135/112 81/41/61 80/39/60
f 141/136/113 82/43/62 81/41/61
f 142/137/114 83/45/63 82/43/62
f 143/138/115 84/47/64 83/45/63
f 144/139/116 85/49/65 84/47/64
f 145/140/117 86/51/66 85/49/65
f 146/141/118 87/53/67 86/51/66
f 147/142/119 88/55/68 87/53/67
f 148/143/120 89/144/69 88/55/68
f 89/144/69 150/145/122 90/57/70
f 90/57/70 151/146/123 91/59/71
f 151/146/123 92/61/72 91/59/71
f 152/147/124 93/64/73 92/61/72
f 153/148/125 94/66/74 93/64/73
f 154/149/126 95/150/75 94/66/74
f 155/151/127 96/68/76 95/150/75
f 156/152/128 97/71/77 96/68/76
f 157/153/129 98/73/78 97/71/77
f 158/154/130 99/155/79 98/73/78
f 99/155/79 160/156/132 100/75/80
f 160/156/132 101/77/81 100/75/80
f 161/157/133 102/79/82 101/77/81
f 102/79/82 163/158/135 103/81/83
f 103/81/83 164/159/136 104/83/84
f 104/83/84 165/160/137 105/85/85
f 105/85/85 166/161/138 106/87/86
f 106/87/86 167/162/139 107/89/87
f 107/89/87 168/163/140 108/91/88
f 108/91/88 169/164/141 109/94/89
f 109/94/89 170/165/142 110/96/90
f 110/96/90 171/166/143 111/98/91
f 171/166/143 112/100/92 111/98/91
f 172/167/144 113/102/6 112/100/92
f 173/168/145 114/104/6 113/102/6
f 174/169/6 115/106/6 114/104/6
f 175/170/6 116/108/6 115/106/6
f 176/171/6 117/110/6 116/108/6
f 177/172/6 118/112/6 117/110/6
f 178/173/6 119/114/6 118/112/6
f 179/174/6 120/175/6 119/114/6
f 121/176/93 182/177/147 122/117/94
f 122/117/94 183/178/148 123/118/95
f 123/118/95 184/179/149 124/119/96
f 124/119/96 185/180/150 125/120/97
f 125/120/97 186/181/151 126/121/98
f 126/121/98 187/182/152 127/122/99
f 127/122/99 188/183/153 128/123/100
f 188/183/153 129/124/101 128/123/100
f 189/184/154 130/125/102 129/124/101
f 190/185/155 131/126/103 130/125/102
f 191/186/156 132/127/104 131/126/103
f 192/187/157 133/128/105 132/127/104
f 193/188/158 134/129/106 133/128/105
f 134/129/106 195/189/160 135/130/107
f 135/130/107 196/190/161 136/131/108
f 136/131/108 197/191/162 137/132/109
f 197/191/162 138/133/110 137/132/109
f 198/192/163 139/134/111 138/133/110
f 199/193/164 140/135/112 139/134/111
f 200/194/165 141/136/113 140/135/112
f 201/195/166 142/137/114 141/136/113
f 202/196/167 143/138/115 142/137/114
f 203/197/168 144/139/116 143/138/115
f 204/198/169 145/140/117 144/139/116
f 205/199/170 146/141/118 145/140/117
f 206/200/171 147/142/119 146/141/118
f 207/201/172 148/143/120 147/142/119
f 208/202/173 149/203/121 148/143/120
f 149/203/121 210/204/175 150/145/122
f 150/145/122 211/205/176 151/146/123
f 211/205/176 152/147/124 151/146/123
f 212/206/177 153/148/125 152/147/124
f 213/207/178 154/149/126 153/148/125
f 214/208/179 155/151/127 154/149/126
f 215/209/180 156/152/128 155/151/127
f 216/210/181 157/153/129 156/152/128
f 217/211/182 158/154/130 157/153/129
f 218/212/183 159/213/131 158/154/130
f 219/214/184 160/156/132 159/213/131
f 220/215/185 161/157/133 160/156/132
f 221/216/186 162/217/134 161/157/133
f 162/217/134 223/218/188 163/158/135
f 163/158/135 224/219/189 164/159/136
f 164/159/136 225/220/190 165/160/137
f 165/160/137 226/221/191 166/161/138
f 166/161/138 227/222/192 167/162/139
f 167/162/139 228/223/193 168/163/140
f 168/163/140 229/224/194 169/164/141
f 169/164/141 230/225/195 170/165/142
f 170/165/142 231/226/196 171/166/143
f 171/166/143 232/227/197 172/167/144
f 172/167/144 233/228/198 173/168/145
f 173/168/145 234/229/199 174/169/6
f 234/229/199 175/170/6 174/169/6
f 235/230/6 176/171/6 175/170/6
f 236/231/6 177/172/6 176/171/6
f 237/232/6 178/173/6 177/172/6
f 238/233/6 179/174/6 178/173/6
f 239/234/6 180/235/6 179/174/6
f 241/236/200 182/177/147 181/237/146
f 182/177/147 243/238/202 183/178/148
f 183/178/148 244/239/203 184/179/149
f 184/179/149 245/240/204 185/180/150
f 185/180/150 246/241/205 186/181/151
f 186/181/151 247/242/206 187/182/152
f 247/242/206 188/183/153 187/182/152
f 248/243/207 189/184/154 188/183/153
f 249/244/208 190/185/155 189/184/154
f 250/245/209 191/186/156 190/185/155
f 251/246/210 192/187/157 191/186/156
f 252/247/211 193/188/158 192/187/157
f 193/188/158 254/248/213 194/249/159
f 194/249/159 255/250/214 195/189/160
f 195/189/160 256/251/215 196/190/161
f 196/190/161 257/252/216 197/191/162
f 257/252/216 198/192/163 197/191/162
f 258/253/217 199/193/164 198/192/163
f 259/254/218 200/194/165 199/193/164
f 260/255/219 201/195/166 200/194/165
f 261/256/220 202/196/167 201/195/166
f 262/257/221 203/197/168 202/196/167
f 263/258/222 204/198/169 203/197/168
f 264/259/223 205/199/170 204/198/169
f 265/260/224 206/200/171 205/199/170
f 266/261/225 207/201/172 206/200/171
f 267/262/226 208/202/173 207/201/172
f 268/263/227 209/264/174 208/202/173
f 269/265/228 210/204/175 209/264/174
f 270/266/229 211/205/176 210/204/175
f 271/267/230 212/206/177 211/205/176
f 272/268/231 213/207/178 212/206/177
f 273/269/232 214/208/179 213/207/178
f 214/208/179 275/270/234 215/209/180
f 215/209/180 276/271/235 216/210/181
f 276/271/235 217/211/182 216/210/181
f 277/272/236 218/212/183 217/211/182
f 278/273/237 219/214/184 218/212/183
f 279/274/238 220/215/185 219/214/184
f 280/275/239 221/216/186 220/215/185
f 281/276/240 222/277/187 221/216/186
f 222/277/187 283/278/242 223/218/188
f 223/218/188 284/279/243 224/219/189
f 224/219/189 285/280/244 225/220/190
f 225/220/190 286/281/245 226/221/191
f 226/221/191 287/282/246 227/222/192
f 227/222/192 288/283/247 228/223/193
f 228/223/193 289/284/248 229/224/194
f 229/224/194 290/285/249 230/225/195
f 230/225/195 291/286/250 231/226/196
f 231/226/196 292/287/251 232/227/197
f 232/227/197 293/288/252 233/228/198
f 233/228/198 294/289/253 234/229/199
f 234/229/199 295/290/254 235/230/6
f 295/290/254 236/231/6 235/230/6
f 296/291/6 237/232/6 236/231/6
f 297/292/6 238/233/6 237/232/6
f 298/293/6 239/234/6 238/233/6
f 299/294/6 240/295/6 239/234/6
f 241/236/200 302/296/256 242/297/201
f 302/296/256 243/238/202 242/297/201
f 243/238/202 304/298/258 244/239/203
f 304/298/258 245/240/204 244/239/203
f 305/299/259 246/241/205 245/240/204
f 246/241/205 307/300/261 247/242/206
f 247/242/206 308/301/262 248/243/207
f 248/243/207 309/302/263 249/244/208
f 309/302/263 250/245/209 249/244/208
f 310/303/264 251/246/210 250/245/209
f 311/304/265 252/247/211 251/246/210
f 312/305/266 253/306/212 252/247/211
f 253/306/212 314/307/268 254/248/213
f 254/248/213 315/308/269 255/250/214
f 255/250/214 316/309/270 256/251/215
f 256/251/215 317/310/271 257/252/216
f 317/310/271 258/253/217 257/252/216
f 318/311/272 259/254/218 258/253/217
f 319/312/273 260/255/219 259/254/218
f 320/313/274 261/256/220 260/255/219
f 321/314/275 262/257/221 261/256/220
f 322/315/276 263/258/222 262/257/221
f 323/316/277 264/259/223 263/258/222
f 324/317/278 265/260/224 264/259/223
f 325/318/279 266/261/225 265/260/224
f 326/319/280 267/262/226 266/261/225
f 327/320/281 268/263/227 267/262/226
f 328/321/282 269/265/228 268/263/227
f 329/322/283 270/266/229 269/265/228
f 330/323/284 271/267/230 270/266/229
f 331/324/285 272/268/231 271/267/230
f 332/325/286 273/269/232 272/268/231
f 333/326/287 274/327/233 273/269/232
f 274/327/233 335/328/289 275/270/234
f 275/270/234 336/329/290 276/271/235
f 336/329/290 277/272/236 276/271/235
f 337/330/291 278/273/237 277/272/236
f 338/331/292 279/274/238 278/273/237
f 339/332/293 280/275/239 279/274/238
f 340/333/294 281/276/240 280/275/239
f 341/334/295 282/335/241 281/276/240
f 282/335/241 343/336/297 283/278/242
f 283/278/242 344/337/298 284/279/243
f 284/279/243 345/338/299 285/280/244
f 285/280/244 346/339/300 286/281/245
f 286/281/245 347/340/301 287/282/246
f 287/282/246 348/341/302 288/283/247
f 288/283/247 349/342/303 289/284/248
f 289/284/248 350/343/304 290/285/249
f 290/285/249 351/344/305 291/286/250
f 291/286/250 352/345/306 292/287/251
f 292/287/251 353/346/307 293/288/252
f 293/288/252 354/347/308 294/289/253
f 294/289/253 355/348/309 295/290/254
f 295/290/254 356/349/310 296/291/6
f 356/349/310 297/292/6 296/291/6
f 357/350/6 298/293/6 297/292/6
f 358/351/6 299/294/6 298/293/6
f 359/352/6 300/353/6 299/294/6
f 301/354/255 362/355/312 302/296/256
f 302/296/256 363/356/313 303/357/257
f 363/356/313 304/298/258 303/357/257
f 304/298/258 365/358/315 305/299/259
f 305/299/259 366/359/316 306/360/260
f 306/360/260 367/361/317 307/300/261
f 307/300/261 368/362/318 308/301/262
f 308/301/262 369/363/319 309/302/263
f 309/302/263 370/364/320 310/303/264
f 370/364/320 311/304/265 310/303/264
f 371/365/321 312/305/266 311/304/265
f 372/366/322 313/367/267 312/305/266
f 313/367/267 374/368/324 314/307/268
f 314/307/268 375/369/325 315/308/269
f 375/369/325 316/309/270 315/308/269
f 376/370/326 317/310/271 316/309/270
f 377/371/327 318/311/272 317/310/271
f 378/372/328 319/312/273 318/311/272
f 379/373/329 320/313/274 319/312/273
f 380/374/330 321/314/275 320/313/274
f 381/375/331 322/315/276 321/314/275
f 322/315/276 383/376/333 323/316/277
f 383/376/333 324/317/278 323/316/277
f 384/377/334 325/318/279 324/317/278
f 385/378/335 326/319/280 325/318/279
f 386/379/336 327/320/281 326/319/280
f 387/380/337 328/321/282 327/320/281
f 388/381/338 329/322/283 328/321/282
f 389/382/339 330/323/284 329/322/283
f 390/383/340 331/324/285 330/323/284
f 391/384/341 332/325/286 331/324/285
f 392/385/342 333/326/287 332/325/286
f 393/386/343 334/387/288 333/326/287
f 334/387/288 395/388/345 335/328/289
f 335/328/289 396/389/346 336/329/290
f 396/389/346 337/330/291 336/329/290
f 397/390/347 338/331/292 337/330/291
f 398/391/348 339/332/293 338/331/292
f 339/332/293 400/392/350 340/333/294
f 340/333/294 401/393/351 341/334/295
f 401/393/351 342/394/296 341/334/295
f 342/394/296 403/395/353 343/336/297
f 343/336/297 404/396/354 344/337/298
f 344/337/298 405/397/355 345/338/299
f 345/338/299 406/398/356 346/339/300
f 346/339/300 407/399/357 347/340/301
f 347/340/301 408/400/358 348/341/302
f 348/341/302 409/401/359 349/342/303
f 349/342/303 410/402/360 350/343/304
f 350/343/304 411/403/361 351/344/305
f 351/344/305 412/404/362 352/345/306
f 352/345/306 413/405/363 353/346/307
f 353/346/307 414/406/364 354/347/308
f 354/347/308 415/407/365 355/348/309
f 355/348/309 416/408/366 356/349/310
f 356/349/310 417/409/367 357/350/6
f 417/409/367 358/351/6 357/350/6
f 418/410/43 359/352/6 358/351/6
f 419/411/6 360/412/6 359/352/6
f 421/413/368 362/355/312 361/414/311
f 422/415/369 363/356/313 362/355/312
f 363/356/313 424/416/371 364/417/314
f 424/416/371 365/358/315 364/417/314
f 365/358/315 426/418/373 366/359/316
f 366/359/316 427/419/374 367/361/317
f 427/419/374 368/362/318 367/361/317
f 428/420/375 369/363/319 368/362/318
f 429/421/376 370/364/320 369/363/319
f 430/422/377 371/365/321 370/364/320
f 431/423/378 372/366/322 371/365/321
f 432/424/379 373/425/323 372/366/322
f 373/425/323 434/426/381 374/368/324
f 374/368/324 435/427/382 375/369/325
f 435/427/382 376/370/326 375/369/325
f 436/428/383 377/371/327 376/370/326
f 437/429/384 378/372/328 377/371/327
f 438/430/385 379/373/329 378/372/328
f 439/431/386 380/374/330 379/373/329
f 440/432/387 381/375/331 380/374/330
f 441/433/388 382/434/332 381/375/331
f 382/434/332 443/435/390 383/376/333
f 443/435/390 384/377/334 383/376/333
f 444/436/391 385/378/335 384/377/334
f 445/437/392 386/379/336 385/378/335
f 446/438/393 387/380/337 386/379/336
f 447/439/394 388/381/338 387/380/337
f 448/440/395 389/382/339 388/381/338
f 449/441/396 390/383/340 389/382/339
f 450/442/397 391/384/341 390/383/340
f 451/443/398 392/385/342 391/384/341
f 452/444/399 393/386/343 392/385/342
f 393/386/343 454/445/401 394/446/344
f 394/446/344 455/447/402 395/388/345
f 395/388/345 456/448/403 396/389/346
f 456/448/403 397/390/347 396/389/346
f 457/449/404 398/391/348 397/390/347
f 458/450/405 399/451/349 398/391/348
f 399/451/349 460/452/407 400/392/350
f 400/392/350 461/453/408 401/393/351
f 401/393/351 462/454/409 402/455/352
f 402/455/352 463/456/410 403/395/353
f 403/395/353 464/457/411 404/396/354
f 404/396/354 465/458/412 405/397/355
f 405/397/355 466/459/413 406/398/356
f 406/398/356 467/460/414 407/399/357
f 407/399/357 468/461/415 408/400/358
f 408/400/358 469/462/416 409/401/359
f 409/401/359 470/463/417 410/402/360
f 410/402/360 471/464/418 411/403/361
f 411/403/361 472/465/419 412/404/362
f 412/404/362 473/466/420 413/405/363
f 413/405/363 474/467/421 414/406/364
f 414/406/364 475/468/422 415/407/365
f 415/407/365 476/469/423 416/408/366
f 416/408/366 477/470/424 417/409/367
f 477/470/424 418/410/43 417/409/367
f 478/471/425 419/411/6 418/410/43
f 479/472/6 420/473/6 419/411/6
f 481/474/426 422/415/369 421/413/368
f 482/475/427 423/476/370 422/415/369
f 423/476/370 484/477/429 424/416/371
f 424/416/371 485/478/430 425/479/372
f 485/478/430 426/418/373 425/479/372
f 486/480/431 427/419/374 426/418/373
f 487/481/432 428/420/375 427/419/374
f 488/482/433 429/421/376 428/420/375
f 489/483/434 430/422/377 429/421/376
f 490/484/435 431/423/378 430/422/377
f 491/485/436 432/424/379 431/423/378
f 492/486/437 433/487/380 432/424/379
f 493/488/438 434/426/381 433/487/380
f 494/489/439 435/427/382 434/426/381
f 495/490/440 436/428/383 435/427/382
f 496/491/441 437/429/384 436/428/383
f 497/492/442 438/430/385 437/429/384
f 498/493/443 439/431/386 438/430/385
f 499/494/444 440/432/387 439/431/386
f 500/495/445 441/433/388 440/432/387
f 441/433/388 502/496/447 442/497/389
f 442/497/389 503/498/448 443/435/390
f 503/498/448 444/436/391 443/435/390
f 504/499/449 445/437/392 444/436/391
f 505/500/450 446/438/393 445/437/392
f 506/501/451 447/439/394 446/438/393
f 507/502/452 448/440/395 447/439/394
f 508/503/453 449/441/396 448/440/395
f 509/504/454 450/442/397 449/441/396
f 510/505/455 451/443/398 450/442/397
f 511/506/456 452/444/399 451/443/398
f 452/444/399 513/507/458 453/508/400
f 453/508/400 514/509/459 454/445/401
f 514/509/459 455/447/402 454/445/401
f 515/510/460 456/448/403 455/447/402
f 516/511/461 457/449/404 456/448/403
f 517/512/462 458/450/405 457/449/404
f 518/513/463 459/514/406 458/450/405
f 459/514/406 520/515/465 460/452/407
f 460/452/407 521/516/466 461/453/408
f 461/453/408 522/517/467 462/454/409
f 462/454/409 523/518/468 463/456/410
f 463/456/410 524/519/469 464/457/411
f 464/457/411 525/520/470 465/458/412
f 465/458/412 526/521/471 466/459/413
f 466/459/413 527/522/472 467/460/414
f 467/460/414 528/523/473 468/461/415
f 468/461/415 529/524/474 469/462/416
f 469/462/416 530/525/475 470/463/417
f 470/463/417 531/526/476 471/464/418
f 471/464/418 532/527/477 472/465/419
f 472/465/419 533/528/478 473/466/420
f 473/466/420 534/529/479 474/467/421
f 474/467/421 535/530/480 475/468/422
f 475/468/422 536/531/481 476/469/423
f 476/469/423 537/532/482 477/470/424
f 477/470/424 538/533/483 478/471/425
f 538/533/483 479/472/6 478/471/425
f 539/534/43 480/535/6 479/472/6
f 541/536/484 482/475/427 481/474/426
f 542/537/485 483/538/428 482/475/427
f 543/539/486 484/477/429 483/538/428
f 544/540/487 485/478/430 484/477/429
f 545/541/488 486/480/431 485/478/430
f 546/542/489 487/481/432 486/480/431
f 547/543/490 488/482/433 487/481/432
f 548/544/491 489/483/434 488/482/433
f 549/545/492 490/484/435 489/483/434
f 550/546/493 491/485/436 490/484/435
f 551/547/494 492/486/437 491/485/436
f 552/548/495 493/488/438 492/486/437
f 553/549/496 494/489/439 493/488/438
f 554/550/497 495/490/440 494/489/439
f 555/551/498 496/491/441 495/490/440
f 556/552/499 497/492/442 496/491/441
f 557/553/500 498/493/443 497/492/442
f 558/554/501 499/494/444 498/493/443
f 559/555/502 500/495/445 499/494/444
f 500/495/445 561/556/504 501/557/446
f 501/557/446 562/558/505 502/496/447
f 502/496/447 563/559/506 503/498/448
f 503/498/448 564/560/507 504/499/449
f 564/560/507 505/500/450 504/499/449
f 565/561/508 506/501/451 505/500/450
f 566/562/509 507/502/452 506/501/451
f 567/563/510 508/503/453 507/502/452
f 568/564/511 509/504/454 508/503/453
f 569/565/512 510/505/455 509/504/454
f 570/566/513 511/506/456 510/505/455
f 571/567/514 512/568/457 511/506/456
f 572/569/515 513/507/458 512/568/457
f 573/570/516 514/509/459 513/507/458
f 574/571/517 515/510/460 514/509/459
f 575/572/518 516/511/461 515/510/460
f 576/573/519 517/512/462 516/511/461
f 577/574/520 518/513/463 517/512/462
f 578/575/521 519/576/464 518/513/463
f 519/576/464 580/577/523 520/515/465
f 520/515/465 581/578/524 521/516/466
f 521/516/466 582/579/525 522/517/467
f 522/517/467 583/580/526 523/518/468
f 523/518/468 584/581/527 524/519/469
f 524/519/469 585/582/528 525/520/470
f 525/520/470 586/583/529 526/521/471
f 526/521/471 587/584/530 527/522/472
f 527/522/472 588/585/531 528/523/473
f 528/523/473 589/586/532 529/524/474
f 529/524/474 590/587/533 530/525/475
f 530/525/475 591/588/534 531/526/476
f 531/526/476 592/589/535 532/527/477
f 532/527/477 593/590/536 533/528/478
f 533/528/478 594/591/537 534/529/479
f 534/529/479 595/592/538 535/530/480
f 535/530/480 596/593/539 536/531/481
f 536/531/481 597/594/540 537/532/482
f 537/532/482 598/595/541 538/533/483
f 598/595/541 539/534/43 538/533/483
f 599/596/425 540/597/6 539/534/43
f 601/598/542 542/537/485 541/536/484
f 602/599/543 543/539/486 542/537/485
f 603/600/544 544/540/487 543/539/486
f 604/601/545 545/541/488 544/540/487
f 605/602/546 546/542/489 545/541/488
f 606/603/547 547/543/490 546/542/489
f 607/604/548 548/544/491 547/543/490
f 608/605/549 549/545/492 548/544/491
f 609/606/550 550/546/493 549/545/492
f 610/607/551 551/547/494 550/546/493
f 611/608/552 552/548/495 551/547/494
f 612/609/553 553/549/496 552/548/495
f 613/610/554 554/550/497 553/549/496
f 614/611/555 555/551/498 554/550/497
f 615/612/556 556/552/499 555/551/498
f 616/613/557 557/553/500 556/552/499
f 617/614/558 558/554/501 557/553/500
f 618/615/559 559/555/502 558/554/501
f 619/616/560 560/617/503 559/555/502
f 560/617/503 621/618/562 561/556/504
f 561/556/504 622/619/563 562/558/505
f 562/558/505 623/620/564 563/559/506
f 563/559/506 624/621/565 564/560/507
f 624/621/565 565/561/508 564/560/507
f 625/622/566 566/562/509 565/561/508
f 626/623/567 567/563/510 566/562/509
f 627/624/568 568/564/511 567/563/510
f 628/625/569 569/565/512 568/564/511
f 629/626/570 570/566/513 569/565/512
f 630/627/571 571/567/514 570/566/513
f 631/628/572 572/569/515 571/567/514
f 632/629/573 573/570/516 572/569/515
f 633/630/574 574/571/517 573/570/516
f 634/631/575 575/572/518 574/571/517
f 635/632/576 576/573/519 575/572/518
f 636/633/577 577/574/520 576/573/519
f 637/634/578 578/575/521 577/574/520
f 578/575/521 639/635/580 579/636/522
f 579/636/522 640/637/581 580/577/523
f 580/577/523 641/638/582 581/578/524
f 581/578/524 642/639/583 582/579/525
f 582/579/525 643/640/584 583/580/526
f 583/580/526 644/641/585 584/581/527
f 584/581/527 645/642/586 585/582/528
f 585/582/528 646/643/587 586/583/529
f 586/583/529 647/644/588 587/584/530
f 587/584/530 648/645/589 588/585/531
f 588/585/531 649/646/590 589/586/532
f 589/586/532 650/647/591 590/587/533
f 590/587/533 651/648/592 591/588/534
f 591/588/534 652/649/593 592/589/535
f 592/589/535 653/650/594 593/590/536
f 593/590/536 654/651/595 594/591/537
f 594/591/537 655/652/596 595/592/538
f 595/592/538 656/653/597 596/593/539
f 596/593/539 657/654/598 597/594/540
f 597/594/540 658/655/599 598/595/541
f 598/595/541 659/656/600 599/596/425
f 659/656/600 600/657/6 599/596/425
f 661/658/601 602/599/543 601/598/542
f 662/659/602 603/600/544 602/599/543
f 663/660/603 604/601/545 603/600/544
f 664/661/604 605/602/546 604/601/545
f 605/602/546 666/662/606 606/603/547
f 666/662/606 607/604/548 606/603/547
f 667/663/607 608/605/549 607/604/548
f 668/664/608 609/606/550 608/605/549
f 669/665/609 610/607/551 609/606/550
f 670/666/610 611/608/552 610/607/551
f 671/667/611 612/609/553 611/608/552
f 672/668/612 613/610/554 612/609/553
f 673/669/613 614/611/555 613/610/554
f 674/670/614 615/612/556 614/611/555
f 675/671/615 616/613/557 615/612/556
f 676/672/616 617/614/558 616/613/557
f 677/673/617 618/615/559 617/614/558
f 678/674/618 619/616/560 618/615/559
f 679/675/619 620/676/561 619/616/560
f 680/677/620 621/618/562 620/676/561
f 621/618/562 682/678/622 622/619/563
f 622/619/563 683/679/623 623/620/564
f 623/620/564 684/680/624 624/621/565
f 684/680/624 625/622/566 624/621/565
f 685/681/625 626/623/567 625/622/566
f 686/682/626 627/624/568 626/623/567
f 687/683/627 628/625/569 627/624/568
f 688/684/628 629/626/570 628/625/569
f 689/685/629 630/627/571 629/626/570
f 630/627/571 691/686/631 631/628/572
f 691/686/631 632/629/573 631/628/572
f 632/629/573 693/687/633 633/630/574
f 633/630/574 694/688/634 634/631/575
f 634/631/575 695/689/635 635/632/576
f 635/632/576 696/690/636 636/633/577
f 636/633/577 697/691/637 637/634/578
f 637/634/578 698/692/638 638/693/579
f 698/692/638 639/635/580 638/693/579
f 639/635/580 700/694/640 640/637/581
f 640/637/581 701/695/641 641/638/582
f 641/638/582 702/696/642 642/639/583
f 642/639/583 703/697/643 643/640/584
f 643/640/584 704/698/644 644/641/585
f 644/641/585 705/699/645 645/642/586
f 645/642/586 706/700/646 646/643/587
f 646/643/587 707/701/647 647/644/588
f 647/644/588 708/702/648 648/645/589
f 648/645/589 709/703/649 649/646/590
f 649/646/590 710/704/650 650/647/591
f 650/647/591 711/705/651 651/648/592
f 651/648/592 712/706/652 652/649/593
f 652/649/593 713/707/653 653/650/594
f 653/650/594 714/708/654 654/651/595
f 654/651/595 715/709/655 655/652/596
f 655/652/596 716/710/656 656/653/597
f 656/653/597 717/711/657 657/654/598
f 657/654/598 718/712/658 658/655/599
f 658/655/599 719/713/659 659/656/600
f 719/713/659 660/714/6 659/656/600
f 721/715/660 662/659/602 661/658/601
f 662/659/602 723/716/662 663/660/603
f 663/660/603 724/717/663 664/661/604
f 724/717/663 665/718/605 664/661/604
f 725/719/664 666/662/606 665/718/605
f 726/720/665 667/663/607 666/662/606
f 727/721/666 668/664/608 667/663/607
f 668/664/608 729/722/668 669/665/609
f 669/665/609 730/723/669 670/666/610
f 730/723/669 671/667/611 670/666/610
f 731/724/670 672/668/612 671/667/611
f 732/725/671 673/669/613 672/668/612
f 733/726/672 674/670/614 673/669/613
f 734/727/673 675/671/615 674/670/614
f 735/728/674 676/672/616 675/671/615
f 676/672/616 737/729/676 677/673/617
f 737/729/676 678/674/618 677/673/617
f 738/730/677 679/675/619 678/674/618
f 679/675/619 740/731/679 680/677/620
f 740/731/679 681/732/621 680/677/620
f 681/732/621 742/733/681 682/678/622
f 682/678/622 743/734/682 683/679/623
f 683/679/623 744/735/683 684/680/624
f 744/735/683 685/681/625 684/680/624
f 745/736/684 686/682/626 685/681/625
f 746/737/685 687/683/627 686/682/626
f 747/738/686 688/684/628 687/683/627
f 748/739/687 689/685/629 688/684/628
f 689/685/629 750/740/689 690/741/630
f 690/741/630 751/742/690 691/686/631
f 691/686/631 752/743/691 692/744/632
f 692/744/632 753/745/692 693/687/633
f 693/687/633 754/746/693 694/688/634
f 694/688/634 755/747/694 695/689/635
f 695/689/635 756/748/695 696/690/636
f 696/690/636 757/749/696 697/691/637
f 697/691/637 758/750/697 698/692/638
f 698/692/638 759/751/698 699/752/639
f 759/751/698 700/694/640 699/752/639
f 700/694/640 761/753/700 701/695/641
f 701/695/641 762/754/701 702/696/642
f 702/696/642 763/755/702 703/697/643
f 703/697/643 764/756/703 704/698/644
f 704/698/644 765/757/704 705/699/645
f 705/699/645 766/758/705 706/700/646
f 706/700/646 767/759/706 707/701/647
f 707/701/647 768/760/707 708/702/648
f 708/702/648 769/761/708 709/703/649
f 709/703/649 770/762/709 710/704/650
f 710/704/650 771/763/710 711/705/651
f 711/705/651 772/764/711 712/706/652
f 712/706/652 773/765/712 713/707/653
f 713/707/653 774/766/713 714/708/654
f 714/708/654 775/767/714 715/709/655
f 715/709/655 776/768/715 716/710/656
f 716/710/656 777/769/716 717/711/657
f 717/711/657 778/770/717 718/712/658
f 718/712/658 779/771/718 719/713/659
f 779/771/718 720/772/6 719/713/659
f 781/773/720 722/774/661 721/715/660
f 722/774/661 783/775/722 723/716/662
f 723/716/662 784/776/723 724/717/663
f 724/717/663 785/777/724 725/719/664
f 725/719/664 786/778/725 726/720/665
f 786/778/725 727/721/666 726/720/665
f 787/779/726 728/780/667 727/721/666
f 728/780/667 789/781/728 729/722/668
f 729/722/668 790/782/729 730/723/669
f 730/723/669 791/783/730 731/724/670
f 731/724/670 792/784/731 732/725/671
f 732/725/671 793/785/732 733/726/672
f 793/785/732 734/727/673 733/726/672
f 794/786/733 735/728/674 734/727/673
f 735/728/674 796/787/735 736/788/675
f 736/788/675 797/789/736 737/729/676
f 737/729/676 798/790/737 738/730/677
f 798/790/737 739/791/678 738/730/677
f 739/791/678 800/792/739 740/731/679
f 800/792/739 741/793/680 740/731/679
f 741/793/680 802/794/741 742/733/681
f 742/733/681 803/795/742 743/734/682
f 743/734/682 804/796/743 744/735/683
f 744/735/683 805/797/744 745/736/684
f 805/797/744 746/737/685 745/736/684
f 806/798/745 747/738/686 746/737/685
f 747/738/686 808/799/747 748/739/687
f 748/739/687 809/800/748 749/801/688
f 749/801/688 810/802/749 750/740/689
f 750/740/689 811/803/750 751/742/690
f 751/742/690 812/804/751 752/743/691
f 752/743/691 813/805/752 753/745/692
f 813/805/752 754/746/693 753/745/692
f 814/806/753 755/747/694 754/746/693
f 755/747/694 816/807/755 756/748/695
f 756/748/695 817/808/756 757/749/696
f 757/749/696 818/809/757 758/750/697
f 758/750/697 819/810/758 759/751/698
f 759/751/698 820/811/759 760/812/699
f 820/811/759 761/753/700 760/812/699
f 821/813/760 762/754/701 761/753/700
f 822/814/761 763/755/702 762/754/701
f 763/755/702 824/815/763 764/756/703
f 764/756/703 825/816/764 765/757/704
f 825/816/764 766/758/705 765/757/704
f 766/758/705 827/817/766 767/759/706
f 767/759/706 828/818/767 768/760/707
f 768/760/707 829/819/768 769/761/708
f 769/761/708 830/820/769 770/762/709
f 770/762/709 831/821/770 771/763/710
f 771/763/710 832/822/771 772/764/711
f 772/764/711 833/823/772 773/765/712
f 773/765/712 834/824/773 774/766/713
f 774/766/713 835/825/774 775/767/714
f 775/767/714 836/826/775 776/768/715
f 776/768/715 837/827/776 777/769/716
f 777/769/716 838/828/777 778/770/717
f 778/770/717 839/829/778 779/771/718
f 779/771/718 840/830/779 780/831/719
f 781/773/720 842/832/781 782/833/721
f 782/833/721 843/834/782 783/775/722
f 783/775/722 844/835/783 784/776/723
f 784/776/723 845/836/784 785/777/724
f 785/777/724 846/837/785 786/778/725
f 786/778/725 847/838/786 787/779/726
f 847/838/786 788/839/727 787/779/726
f 788/839/727 849/840/788 789/781/728
f 789/781/728 850/841/789 790/782/729
f 790/782/729 851/842/790 791/783/730
f 791/783/730 852/843/791 792/784/731
f 792/784/731 853/844/792 793/785/732
f 793/785/732 854/845/793 794/786/733
f 794/786/733 855/846/794 795/847/734
f 795/847/734 856/848/795 796/787/735
f 796/787/735 857/849/796 797/789/736
f 797/789/736 858/850/797 798/790/737
f 798/790/737 859/851/798 799/852/738
f 859/851/798 800/792/739 799/852/738
f 800/792/739 861/853/800 801/854/740
f 801/854/740 862/855/801 802/794/741
f 802/794/741 863/856/802 803/795/742
f 803/795/742 864/857/803 804/796/743
f 804/796/743 865/858/804 805/797/744
f 865/858/804 806/798/745 805/797/744
f 866/859/805 807/860/746 806/798/745
f 807/860/746 868/861/807 808/799/747
f 808/799/747 869/862/808 809/800/748
f 809/800/748 870/863/809 810/802/749
f 870/863/809 811/803/750 810/802/749
f 811/803/750 872/864/811 812/804/751
f 812/804/751 873/865/812 813/805/752
f 873/865/812 814/806/753 813/805/752
f 874/866/813 815/867/754 814/806/753
f 875/868/814 816/807/755 815/867/754
f 876/869/815 817/808/756 816/807/755
f 877/870/816 818/809/757 817/808/756
f 818/809/757 879/871/818 819/810/758
f 819/810/758 880/872/819 820/811/759
f 820/811/759 881/873/820 821/813/760
f 821/813/760 882/874/821 822/814/761
f 882/874/821 823/875/762 822/814/761
f 823/875/762 884/876/823 824/815/763
f 884/876/823 825/816/764 824/815/763
f 885/877/824 826/878/765 825/816/764
f 886/879/825 827/817/766 826/878/765
f 887/880/826 828/818/767 827/817/766
f 828/818/767 889/881/828 829/819/768
f 829/819/768 890/882/829 830/820/769
f 830/820/769 891/883/830 831/821/770
f 831/821/770 892/884/831 832/822/771
f 832/822/771 893/885/832 833/823/772
f 833/823/772 894/886/833 834/824/773
f 834/824/773 895/887/834 835/825/774
f 835/825/774 896/888/835 836/826/775
f 836/826/775 897/889/836 837/827/776
f 837/827/776 898/890/837 838/828/777
f 838/828/777 899/891/838 839/829/778
f 839/829/778 900/892/839 840/830/779
f 841/893/780 902/894/841 842/832/781
f 842/832/781 903/895/842 843/834/782
f 843/834/782 904/896/843 844/835/783
f 844/835/783 905/897/844 845/836/784
f 845/836/784 906/898/845 846/837/785
f 846/837/785 907/899/846 847/838/786
f 847/838/786 908/900/847 848/901/787
f 848/901/787 909/902/848 849/840/788
f 849/840/788 910/903/849 850/841/789
f 850/841/789 911/904/850 851/842/790
f 851/842/790 912/905/851 852/843/791
f 852/843/791 913/906/852 853/844/792
f 853/844/792 914/907/853 854/845/793
f 854/845/793 915/908/854 855/846/794
f 855/846/794 916/909/855 856/848/795
f 856/848/795 917/910/856 857/849/796
f 857/849/796 918/911/857 858/850/797
f 858/850/797 919/912/858 859/851/798
f 859/851/798 920/913/859 860/914/799
f 860/914/799 921/915/860 861/853/800
f 861/853/800 922/916/861 862/855/801
f 862/855/801 923/917/862 863/856/802
f 863/856/802 924/918/863 864/857/803
f 864/857/803 925/919/864 865/858/804
f 925/919/864 866/859/805 865/858/804
f 926/920/865 867/921/806 866/859/805
f 867/921/806 928/922/867 868/861/807
f 868/861/807 929/923/868 869/862/808
f 869/862/808 930/924/869 870/863/809
f 930/924/869 871/925/810 870/863/809
f 871/925/810 932/926/871 872/864/811
f 872/864/811 933/927/872 873/865/812
f 873/865/812 934/928/873 874/866/813
f 874/866/813 935/929/874 875/868/814
f 935/929/874 876/869/815 875/868/814
f 936/930/875 877/870/816 876/869/815
f 877/870/816 938/931/877 878/932/817
f 878/932/817 939/933/878 879/871/818
f 939/933/878 880/872/819 879/871/818
f 880/872/819 941/934/880 881/873/820
f 881/873/820 942/935/881 882/874/821
f 942/935/881 883/936/822 882/874/821
f 883/936/822 944/937/883 884/876/823
f 884/876/823 945/938/884 885/877/824
f 885/877/824 946/939/885 886/879/825
f 946/939/885 887/880/826 886/879/825
f 947/940/886 888/941/827 887/880/826
f 948/942/887 889/881/828 888/941/827
f 889/881/828 950/943/889 890/882/829
f 890/882/829 951/944/890 891/883/830
f 891/883/830 952/945/891 892/884/831
f 892/884/831 953/946/892 893/885/832
f 893/885/832 954/947/893 894/886/833
f 894/886/833 955/948/894 895/887/834
f 895/887/834 956/949/895 896/888/835
f 896/888/835 957/950/896 897/889/836
f 897/889/836 958/951/897 898/890/837
f 898/890/837 959/952/898 899/891/838
f 899/891/838 960/953/899 900/892/839
f 901/954/840 962/955/901 902/894/841
f 902/894/841 963/956/902 903/895/842
f 903/895/842 964/957/903 904/896/843
f 964/957/903 905/897/844 904/896/843
f 965/958/904 906/898/845 905/897/844
f 906/898/845 967/959/906 907/899/846
f 907/899/846 968/960/907 908/900/847
f 908/900/847 969/961/908 909/902/848
f 909/902/848 970/962/909 910/903/849
f 910/903/849 971/963/910 911/904/850
f 911/904/850 972/964/911 912/905/851
f 912/905/851 973/965/912 913/906/852
f 913/906/852 974/966/913 914/907/853
f 914/907/853 975/967/914 915/908/854
f 915/908/854 976/968/915 916/909/855
f 916/909/855 977/969/916 917/910/856
f 917/910/856 978/970/917 918/911/857
f 918/911/857 979/971/918 919/912/858
f 919/912/858 980/972/919 920/913/859
f 920/913/859 981/973/920 921/915/860
f 921/915/860 982/974/921 922/916/861
f 922/916/861 983/975/922 923/917/862
f 923/917/862 984/976/923 924/918/863
f 984/976/923 925/919/864 924/918/863
f 925/919/864 986/977/925 926/920/865
f 926/920/865 987/978/926 927/979/866
f 987/978/926 928/922/867 927/979/866
f 928/922/867 989/980/928 929/923/868
f 929/923/868 990/981/929 930/924/869
f 990/981/929 931/982/870 930/924/869
f 991/983/930 932/926/871 931/982/870
f 932/926/871 993/984/932 933/927/872
f 933/927/872 994/985/933 934/928/873
f 934/928/873 995/986/934 935/929/874
f 935/929/874 996/987/935 936/930/875
f 936/930/875 997/988/936 937/989/876
f 937/989/876 998/990/937 938/931/877
f 938/931/877 999/991/938 939/933/878
f 939/933/878 1000/992/939 940/993/879
f 1000/992/939 941/934/880 940/993/879
f 1001/994/940 942/935/881 941/934/880
f 1002/995/941 943/996/882 942/935/881
f 943/996/882 1004/997/943 944/937/883
f 944/937/883 1005/998/944 945/938/884
f 945/938/884 1006/999/945 946/939/885
f 1006/999/945 947/940/886 946/939/885
f 1007/1000/946 948/942/887 947/940/886
f 1008/1001/947 949/1002/888 948/942/887
f 949/1002/888 1010/1003/949 950/943/889
f 950/943/889 1011/1004/950 951/944/890
f 951/944/890 1012/1005/951 952/945/891
f 952/945/891 1013/1006/952 953/946/892
f 953/946/892 1014/1007/953 954/947/893
f 954/947/893 1015/1008/954 955/948/894
f 955/948/894 1016/1009/955 956/949/895
f 956/949/895 1017/1010/956 957/950/896
f 957/950/896 1018/1011/957 958/951/897
f 958/951/897 1019/1012/958 959/952/898
f 959/952/898 1020/1013/959 960/953/899
f 961/1014/900 1022/1015/961 962/955/901
f 962/955/901 1023/1016/962 963/956/902
f 1023/1016/962 964/957/903 963/956/902
f 1024/1017/963 965/958/904 964/957/903
f 1025/1018/964 966/1019/905 965/958/904
f 1026/1020/965 967/959/906 966/1019/905
f 1027/1021/966 968/960/907 967/959/906
f 1028/1022/967 969/961/908 968/960/907
f 1029/1023/968 970/962/909 969/961/908
f 970/962/909 1031/1024/970 971/963/910
f 971/963/910 1032/1025/971 972/964/911
f 972/964/911 1033/1026/972 973/965/912
f 973/965/912 1034/1027/973 974/966/913
f 974/966/913 1035/1028/974 975/967/914
f 975/967/914 1036/1029/975 976/968/915
f 976/968/915 1037/1030/976 977/969/916
f 977/969/916 1038/1031/977 978/970/917
f 978/970/917 1039/1032/978 979/971/918
f 979/971/918 1040/1033/979 980/972/919
f 980/972/919 1041/1034/980 981/973/920
f 981/973/920 1042/1035/981 982/974/921
f 982/974/921 1043/1036/982 983/975/922
f 983/975/922 1044/1037/983 984/976/923
f 1044/1037/983 985/1038/924 984/976/923
f 1045/1039/984 986/977/925 985/1038/924
f 1046/1040/985 987/978/926 986/977/925
f 1047/1041/986 988/1042/927 987/978/926
f 1048/1043/987 989/980/928 988/1042/927
f 989/980/928 1050/1044/989 990/981/929
f 990/981/929 1051/1045/990 991/983/930
f 1051/1045/990 992/1046/931 991/983/930
f 1052/1047/991 993/984/932 992/1046/931
f 1053/1048/992 994/985/933 993/984/932
f 1054/1049/993 995/986/934 994/985/933
f 995/986/934 1056/1050/995 996/987/935
f 996/987/935 1057/1051/996 997/988/936
f 997/988/936 1058/1052/997 998/990/937
f 998/990/937 1059/1053/998 999/991/938
f 999/991/938 1060/1054/999 1000/992/939
f 1060/1054/999 1001/994/940 1000/992/939
f 1061/1055/1000 1002/995/941 1001/994/940
f 1062/1056/1001 1003/1057/942 1002/995/941
f 1003/1057/942 1064/1058/1003 1004/997/943
f 1004/997/943 1065/1059/1004 1005/998/944
f 1005/998/944 1066/1060/1005 1006/999/945
f 1066/1060/1005 1007/1000/946 1006/999/945
f 1067/1061/1006 1008/1001/947 1007/1000/946
f 1068/1062/1007 1009/1063/948 1008/1001/947
f 1009/1063/948 1070/1064/1009 1010/1003/949
f 1010/1003/949 1071/1065/1010 1011/1004/950
f 1071/1065/1010 1012/1005/951 1011/1004/950
f 1012/1005/951 1073/1066/1012 1013/1006/952
f 1013/1006/952 1074/1067/1013 1014/1007/953
f 1014/1007/953 1075/1068/1014 1015/1008/954
f 1015/1008/954 1076/1069/1015 1016/1009/955
f 1016/1009/955 1077/1070/1016 1017/1010/956
f 1017/1010/956 1078/1071/1017 1018/1011/957
f 1018/1011/957 1079/1072/1018 1019/1012/958
f 1019/1012/958 1080/1073/1019 1020/1013/959
f 1021/1074/960 1082/1075/1021 1022/1015/961
f 1022/1015/961 1083/1076/1022 1023/1016/962
f 1083/1076/1022 1024/1017/963 1023/1016/962
f 1084/1077/1023 1025/1018/964 1024/1017/963
f 1085/1078/1024 1026/1020/965 1025/1018/964
f 1086/1079/1025 1027/1021/966 1026/1020/965
f 1087/1080/1026 1028/1022/967 1027/1021/966
f 1088/1081/1027 1029/1023/968 1028/1022/967
f 1089/1082/1028 1030/1083/969 1029/1023/968
f 1090/1084/1029 1031/1024/970 1030/1083/969
f 1091/1085/1030 1032/1025/971 1031/1024/970
f 1092/1086/1031 1033/1026/972 1032/1025/971
f 1033/1026/972 1094/1087/1033 1034/1027/973
f 1034/1027/973 1095/1088/1034 1035/1028/974
f 1035/1028/974 1096/1089/1035 1036/1029/975
f 1036/1029/975 1097/1090/1036 1037/1030/976
f 1037/1030/976 1098/1091/1037 1038/1031/977
f 1038/1031/977 1099/1092/1038 1039/1032/978
f 1039/1032/978 1100/1093/1039 1040/1033/979
f 1040/1033/979 1101/1094/1040 1041/1034/980
f 1041/1034/980 1102/1095/1041 1042/1035/981
f 1042/1035/981 1103/1096/1042 1043/1036/982
f 1043/1036/982 1104/1097/1043 1044/1037/983
f 1044/1037/983 1105/1098/1044 1045/1039/984
f 1105/1098/1044 1046/1040/985 1045/1039/984
f 1106/1099/1045 1047/1041/986 1046/1040/985
f 1107/1100/1046 1048/1043/987 1047/1041/986
f 1048/1043/987 1109/1101/1048 1049/1102/988
f 1109/1101/1048 1050/1044/989 1049/1102/988
f 1110/1103/1049 1051/1045/990 1050/1044/989
f 1051/1045/990 1112/1104/1051 1052/1047/991
f 1112/1104/1051 1053/1048/992 1052/1047/991
f 1113/1105/1052 1054/1049/993 1053/1048/992
f 1114/1106/1053 1055/1107/994 1054/1049/993
f 1055/1107/994 1116/1108/1055 1056/1050/995
f 1056/1050/995 1117/1109/1056 1057/1051/996
f 1057/1051/996 1118/1110/1057 1058/1052/997
f 1058/1052/997 1119/1111/1058 1059/1053/998
f 1119/1111/1058 1060/1054/999 1059/1053/998
f 1120/1112/1059 1061/1055/1000 1060/1054/999
f 1121/1113/1060 1062/1056/1001 1061/1055/1000
f 1122/1114/1061 1063/1115/1002 1062/1056/1001
f 1063/1115/1002 1124/1116/1063 1064/1058/1003
f 1124/1116/1063 1065/1059/1004 1064/1058/1003
f 1125/1117/1064 1066/1060/1005 1065/1059/1004
f 1066/1060/1005 1127/1118/1066 1067/1061/1006
f 1067/1061/1006 1128/1119/1067 1068/1062/1007
f 1068/1062/1007 1129/1120/1068 1069/1121/1008
f 1129/1120/1068 1070/1064/1009 1069/1121/1008
f 1070/1064/1009 1131/1122/1070 1071/1065/1010
f 1131/1122/1070 1072/1123/1011 1071/1065/1010
f 1132/1124/1071 1073/1066/1012 1072/1123/1011
f 1133/1125/1072 1074/1067/1013 1073/1066/1012
f 1074/1067/1013 1135/1126/1074 1075/1068/1014
f 1075/1068/1014 1136/1127/1075 1076/1069/1015
f 1076/1069/1015 1137/1128/1076 1077/1070/1016
f 1077/1070/1016 1138/1129/1077 1078/1071/1017
f 1078/1071/1017 1139/1130/1078 1079/1072/1018
f 1079/1072/1018 1140/1131/1079 1080/1073/1019
f 1141/1132/1080 1082/1075/1021 1081/1133/1020
f 1142/1134/1081 1083/1076/1022 1082/1075/1021
f 1143/1135/1082 1084/1077/1023 1083/1076/1022
f 1084/1077/1023 1145/1136/1084 1085/1078/1024
f 1085/1078/1024 1146/1137/1085 1086/1079/1025
f 1086/1079/1025 1147/1138/1086 1087/1080/1026
f 1087/1080/1026 1148/1139/1087 1088/1081/1027
f 1088/1081/1027 1149/1140/1088 1089/1082/1028
f 1089/1082/1028 1150/1141/1089 1090/1084/1029
f 1090/1084/1029 1151/1142/1090 1091/1085/1030
f 1091/1085/1030 1152/1143/1091 1092/1086/1031
f 1152/1143/1091 1093/1144/1032 1092/1086/1031
f 1153/1145/1092 1094/1087/1033 1093/1144/1032
f 1094/1087/1033 1155/1146/1094 1095/1088/1034
f 1095/1088/1034 1156/1147/1095 1096/1089/1035
f 1096/1089/1035 1157/1148/1096 1097/1090/1036
f 1097/1090/1036 1158/1149/1097 1098/1091/1037
f 1098/1091/1037 1159/1150/1098 1099/1092/1038
f 1099/1092/1038 1160/1151/1099 1100/1093/1039
f 1100/1093/1039 1161/1152/1100 1101/1094/1040
f 1101/1094/1040 1162/1153/1101 1102/1095/1041
f 1102/1095/1041 1163/1154/1102 1103/1096/1042
f 1103/1096/1042 1164/1155/1103 1104/1097/1043
f 1104/1097/1043 1165/1156/1104 1105/1098/1044
f 1105/1098/1044 1166/1157/1105 1106/1099/1045
f 1106/1099/1045 1167/1158/1106 1107/1100/1046
f 1107/1100/1046 1168/1159/1107 1108/1160/1047
f 1108/1160/1047 1169/1161/1108 1109/1101/1048
f 1169/1161/1108 1110/1103/1049 1109/1101/1048
f 1170/1162/1109 1111/1163/1050 1110/1103/1049
f 1111/1163/1050 1172/1164/1111 1112/1104/1051
f 1112/1104/1051 1173/1165/1112 1113/1105/1052
f 1113/1105/1052 1174/1166/1113 1114/1106/1053
f 1114/1106/1053 1175/1167/1114 1115/1168/1054
f 1115/1168/1054 1176/1169/1115 1116/1108/1055
f 1116/1108/1055 1177/1170/1116 1117/1109/1056
f 1117/1109/1056 1178/1171/1117 1118/1110/1057
f 1118/1110/1057 1179/1172/1118 1119/1111/1058
f 1179/1172/1118 1120/1112/1059 1119/1111/1058
f 1180/1173/1119 1121/1113/1060 1120/1112/1059
f 1181/1174/1120 1122/1114/1061 1121/1113/1060
f 1122/1114/1061 1183/1175/1122 1123/1176/1062
f 1123/1176/1062 1184/1177/1123 1124/1116/1063
f 1124/1116/1063 1185/1178/1124 1125/1117/1064
f 1125/1117/1064 1186/1179/1125 1126/1180/1065
f 1126/1180/1065 1187/1181/1126 1127/1118/1066
f 1127/1118/1066 1188/1182/1127 1128/1119/1067
f 1128/1119/1067 1189/1183/1128 1129/1120/1068
f 1189/1183/1128 1130/1184/1069 1129/1120/1068
f 1190/1185/1129 1131/1122/1070 1130/1184/1069
f 1191/1186/1130 1132/1124/1071 1131/1122/1070
f 1192/1187/1131 1133/1125/1072 1132/1124/1071
f 1193/1188/1132 1134/1189/1073 1133/1125/1072
f 1194/1190/1133 1135/1126/1074 1134/1189/1073
f 1195/1191/1134 1136/1127/1075 1135/1126/1074
f 1196/1192/1135 1137/1128/1076 1136/1127/1075
f 1197/1193/1136 1138/1129/1077 1137/1128/1076
f 1198/1194/1137 1139/1130/1078 1138/1129/1077
f 1139/1130/1078 1200/1195/1139 1140/1131/1079
f 1201/1196/1140 1142/1134/1081 1141/1132/1080
f 1202/1197/1141 1143/1135/1082 1142/1134/1081
f 1203/1198/1142 1144/1199/1083 1143/1135/1082
f 1204/1200/1143 1145/1136/1084 1144/1199/1083
f 1145/1136/1084 1206/1201/1145 1146/1137/1085
f 1146/1137/1085 1207/1202/1146 1147/1138/1086
f 1147/1138/1086 1208/1203/1147 1148/1139/1087
f 1148/1139/1087 1209/1204/1148 1149/1140/1088
f 1149/1140/1088 1210/1205/1149 1150/1141/1089
f 1150/1141/1089 1211/1206/1150 1151/1142/1090
f 1151/1142/1090 1212/1207/1151 1152/1143/1091
f 1212/1207/1151 1153/1145/1092 1152/1143/1091
f 1213/1208/1152 1154/1209/1093 1153/1145/1092
f 1214/1210/1153 1155/1146/1094 1154/1209/1093
f 1155/1146/1094 1216/1211/1155 1156/1147/1095
f 1156/1147/1095 1217/1212/1156 1157/1148/1096
f 1157/1148/1096 1218/1213/1157 1158/1149/1097
f 1158/1149/1097 1219/1214/1158 1159/1150/1098
f 1159/1150/1098 1220/1215/1159 1160/1151/1099
f 1160/1151/1099 1221/1216/1160 1161/1152/1100
f 1161/1152/1100 1222/1217/1161 1162/1153/1101
f 1162/1153/1101 1223/1218/1162 1163/1154/1102
f 1163/1154/1102 1224/1219/1163 1164/1155/1103
f 1164/1155/1103 1225/1220/1164 1165/1156/1104
f 1165/1156/1104 1226/1221/1165 1166/1157/1105
f 1166/1157/1105 1227/1222/1166 1167/1158/1106
f 1167/1158/1106 1228/1223/1167 1168/1159/1107
f 1168/1159/1107 1229/1224/1168 1169/1161/1108
f 1169/1161/1108 1230/1225/1169 1170/1162/1109
f 1170/1162/1109 1231/1226/1170 1171/1227/1110
f 1231/1226/1170 1172/1164/1111 1171/1227/1110
f 1232/1228/1171 1173/1165/1112 1172/1164/1111
f 1233/1229/1172 1174/1166/1113 1173/1165/1112
f 1234/1230/1173 1175/1167/1114 1174/1166/1113
f 1235/1231/1174 1176/1169/1115 1175/1167/1114
f 1176/1169/1115 1237/1232/1176 1177/1170/1116
f 1177/1170/1116 1238/1233/1177 1178/1171/1117
f 1178/1171/1117 1239/1234/1178 1179/1172/1118
f 1239/1234/1178 1180/1173/1119 1179/1172/1118
f 1240/1235/1179 1181/1174/1120 1180/1173/1119
f 1241/1236/1180 1182/1237/1121 1181/1174/1120
f 1182/1237/1121 1243/1238/1182 1183/1175/1122
f 1183/1175/1122 1244/1239/1183 1184/1177/1123
f 1184/1177/1123 1245/1240/1184 1185/1178/1124
f 1185/1178/1124 1246/1241/1185 1186/1179/1125
f 1186/1179/1125 1247/1242/1186 1187/1181/1126
f 1187/1181/1126 1248/1243/1187 1188/1182/1127
f 1188/1182/1127 1249/1244/1188 1189/1183/1128
f 1249/1244/1188 1190/1185/1129 1189/1183/1128
f 1250/1245/1189 1191/1186/1130 1190/1185/1129
f 1251/1246/1190 1192/1187/1131 1191/1186/1130
f 1252/1247/1191 1193/1188/1132 1192/1187/1131
f 1253/1248/1192 1194/1190/1133 1193/1188/1132
f 1254/1249/1193 1195/1191/1134 1194/1190/1133
f 1255/1250/1194 1196/1192/1135 1195/1191/1134
f 1256/1251/1195 1197/1193/1136 1196/1192/1135
f 1257/1252/1196 1198/1194/1137 1197/1193/1136
f 1258/1253/1197 1199/1254/1138 1198/1194/1137
f 1259/1255/1198 1200/1195/1139 1199/1254/1138
f 1261/1256/1200 1202/1197/1141 1201/1196/1140
f 1262/1257/1201 1203/1198/1142 1202/1197/1141
f 1263/1258/1202 1204/1200/1143 1203/1198/1142
f 1264/1259/1203 1205/1260/1144 1204/1200/1143
f 1265/1261/1204 1206/1201/1145 1205/1260/1144
f 1266/1262/1205 1207/1202/1146 1206/1201/1145
f 1207/1202/1146 1268/1263/1207 1208/1203/1147
f 1208/1203/1147 1269/1264/1208 1209/1204/1148
f 1209/1204/1148 1270/1265/1209 1210/1205/1149
f 1210/1205/1149 1271/1266/1210 1211/1206/1150
f 1271/1266/1210 1212/1207/1151 1211/1206/1150
f 1272/1267/1211 1213/1208/1152 1212/1207/1151
f 1213/1208/1152 1274/1268/1213 1214/1210/1153
f 1214/1210/1153 1275/1269/1214 1215/1270/1154
f 1275/1269/1214 1216/1211/1155 1215/1270/1154
f 1216/1211/1155 1277/1271/1216 1217/1212/1156
f 1217/1212/1156 1278/1272/1217 1218/1213/1157
f 1218/1213/1157 1279/1273/1218 1219/1214/1158
f 1219/1214/1158 1280/1274/1219 1220/1215/1159
f 1220/1215/1159 1281/1275/1220 1221/1216/1160
f 1221/1216/1160 1282/1276/1221 1222/1217/1161
f 1222/1217/1161 1283/1277/1222 1223/1218/1162
f 1223/1218/1162 1284/1278/1223 1224/1219/1163
f 1224/1219/1163 1285/1279/1224 1225/1220/1164
f 1225/1220/1164 1286/1280/1225 1226/1221/1165
f 1226/1221/1165 1287/1281/1226 1227/1222/1166
f 1227/1222/1166 1288/1282/1227 1228/1223/1167
f 1228/1223/1167 1289/1283/1228 1229/1224/1168
f 1229/1224/1168 1290/1284/1229 1230/1225/1169
f 1230/1225/1169 1291/1285/1230 1231/1226/1170
f 1291/1285/1230 1232/1228/1171 1231/1226/1170
f 1292/1286/1231 1233/1229/1172 1232/1228/1171
f 1293/1287/1232 1234/1230/1173 1233/1229/1172
f 1294/1288/1233 1235/1231/1174 1234/1230/1173
f 1295/1289/1234 1236/1290/1175 1235/1231/1174
f 1296/1291/1235 1237/1232/1176 1236/1290/1175
f 1237/1232/1176 1298/1292/1237 1238/1233/1177
f 1238/1233/1177 1299/1293/1238 1239/1234/1178
f 1239/1234/1178 1300/1294/1239 1240/1235/1179
f 1240/1235/1179 1301/1295/1240 1241/1236/1180
f 1241/1236/1180 1302/1296/1241 1242/1297/1181
f 1302/1296/1241 1243/1238/1182 1242/1297/1181
f 1243/1238/1182 1304/1298/1243 1244/1239/1183
f 1244/1239/1183 1305/1299/1244 1245/1240/1184
f 1245/1240/1184 1306/1300/1245 1246/1241/1185
f 1246/1241/1185 1307/1301/1246 1247/1242/1186
f 1247/1242/1186 1308/1302/1247 1248/1243/1187
f 1248/1243/1187 1309/1303/1248 1249/1244/1188
f 1309/1303/1248 1250/1245/1189 1249/1244/1188
f 1310/1304/1249 1251/1246/1190 1250/1245/1189
f 1311/1305/1250 1252/1247/1191 1251/1246/1190
f 1312/1306/1251 1253/1248/1192 1252/1247/1191
f 1313/1307/1252 1254/1249/1193 1253/1248/1192
f 1314/1308/1253 1255/1250/1194 1254/1249/1193
f 1315/1309/1254 1256/1251/1195 1255/1250/1194
f 1316/1310/1255 1257/1252/1196 1256/1251/1195
f 1317/1311/1256 1258/1253/1197 1257/1252/1196
f 1318/1312/1257 1259/1255/1198 1258/1253/1197
f 1319/1313/1258 1260/1314/1199 1259/1255/1198
f 1321/1315/1260 1262/1257/1201 1261/1256/1200
f 1322/1316/1261 1263/1258/1202 1262/1257/1201
f 1323/1317/1262 1264/1259/1203 1263/1258/1202
f 1324/1318/1263 1265/1261/1204 1264/1259/1203
f 1325/1319/1264 1266/1262/1205 1265/1261/1204
f 1326/1320/1265 1267/1321/1206 1266/1262/1205
f 1327/1322/1266 1268/1263/1207 1267/1321/1206
f 1268/1263/1207 1329/1323/1268 1269/1264/1208
f 1269/1264/1208 1330/1324/1269 1270/1265/1209
f 1270/1265/1209 1331/1325/1270 1271/1266/1210
f 1271/1266/1210 1332/1326/1271 1272/1267/1211
f 1272/1267/1211 1333/1327/1272 1273/1328/1212
f 1273/1328/1212 1334/1329/1273 1274/1268/1213
f 1274/1268/1213 1335/1330/1274 1275/1269/1214
f 1335/1330/1274 1276/1331/1215 1275/1269/1214
f 1336/1332/1275 1277/1271/1216 1276/1331/1215
f 1337/1333/1276 1278/1272/1217 1277/1271/1216
f 1278/1272/1217 1339/1334/1278 1279/1273/1218
f 1279/1273/1218 1340/1335/1279 1280/1274/1219
f 1280/1274/1219 1341/1336/1280 1281/1275/1220
f 1281/1275/1220 1342/1337/1281 1282/1276/1221
f 1282/1276/1221 1343/1338/1282 1283/1277/1222
f 1283/1277/1222 1344/1339/1283 1284/1278/1223
f 1284/1278/1223 1345/1340/1284 1285/1279/1224
f 1285/1279/1224 1346/1341/1285 1286/1280/1225
f 1286/1280/1225 1347/1342/1286 1287/1281/1226
f 1287/1281/1226 1348/1343/1287 1288/1282/1227
f 1288/1282/1227 1349/1344/1288 1289/1283/1228
f 1289/1283/1228 1350/1345/1289 1290/1284/1229
f 1290/1284/1229 1351/1346/1290 1291/1285/1230
f 1291/1285/1230 1352/1347/1291 1292/1286/1231
f 1352/1347/1291 1293/1287/1232 1292/1286/1231
f 1293/1287/1232 1354/1348/1293 1294/1288/1233
f 1294/1288/1233 1355/1349/1294 1295/1289/1234
f 1295/1289/1234 1356/1350/1295 1296/1291/1235
f 1296/1291/1235 1357/1351/1296 1297/1352/1236
f 1357/1351/1296 1298/1292/1237 1297/1352/1236
f 1358/1353/1297 1299/1293/1238 1298/1292/1237
f 1359/1354/1298 1300/1294/1239 1299/1293/1238
f 1300/1294/1239 1361/1355/1300 1301/1295/1240
f 1301/1295/1240 1362/1356/1301 1302/1296/1241
f 1362/1356/1301 1303/1357/1242 1302/1296/1241
f 1363/1358/1302 1304/1298/1243 1303/1357/1242
f 1364/1359/1303 1305/1299/1244 1304/1298/1243
f 1365/1360/1304 1306/1300/1245 1305/1299/1244
f 1306/1300/1245 1367/1361/1306 1307/1301/1246
f 1307/1301/1246 1368/1362/1307 1308/1302/1247
f 1308/1302/1247 1369/1363/1308 1309/1303/1248
f 1309/1303/1248 1370/1364/1309 1310/1304/1249
f 1310/1304/1249 1371/1365/1310 1311/1305/1250
f 1371/1365/1310 1312/1306/1251 1311/1305/1250
f 1372/1366/1311 1313/1307/1252 1312/1306/1251
f 1373/1367/1312 1314/1308/1253 1313/1307/1252
f 1374/1368/1313 1315/1309/1254 1314/1308/1253
f 1375/1369/1314 1316/1310/1255 1315/1309/1254
f 1376/1370/1315 1317/1311/1256 1316/1310/1255
f 1377/1371/1316 1318/1312/1257 1317/1311/1256
f 1378/1372/1317 1319/1313/1258 1318/1312/1257
f 1379/1373/1318 1320/1374/1259 1319/1313/1258
f 1381/1375/1320 1322/1316/1261 1321/1315/1260
f 1382/1376/1321 1323/1317/1262 1322/1316/1261
f 1383/1377/1322 1324/1318/1263 1323/1317/1262
f 1384/1378/1323 1325/1319/1264 1324/1318/1263
f 1385/1379/1324 1326/1320/1265 1325/1319/1264
f 1386/1380/1325 1327/1322/1266 1326/1320/1265
f 1387/1381/1326 1328/1382/1267 1327/1322/1266
f 1388/1383/1327 1329/1323/1268 1328/1382/1267
f 1389/1384/1328 1330/1324/1269 1329/1323/1268
f 1390/1385/1329 1331/1325/1270 1330/1324/1269
f 1391/1386/1330 1332/1326/1271 1331/1325/1270
f 1332/1326/1271 1393/1387/1332 1333/1327/1272
f 1333/1327/1272 1394/1388/1333 1334/1329/1273
f 1334/1329/1273 1395/1389/1334 1335/1330/1274
f 1335/1330/1274 1396/1390/1335 1336/1332/1275
f 1396/1390/1335 1337/1333/1276 1336/1332/1275
f 1397/1391/1336 1338/1392/1277 1337/1333/1276
f 1338/1392/1277 1399/1393/1338 1339/1334/1278
f 1339/1334/1278 1400/1394/1339 1340/1335/1279
f 1340/1335/1279 1401/1395/1340 1341/1336/1280
f 1341/1336/1280 1402/1396/1341 1342/1337/1281
f 1342/1337/1281 1403/1397/1342 1343/1338/1282
f 1343/1338/1282 1404/1398/1343 1344/1339/1283
f 1344/1339/1283 1405/1399/1344 1345/1340/1284
f 1345/1340/1284 1406/1400/1345 1346/1341/1285
f 1346/1341/1285 1407/1401/1346 1347/1342/1286
f 1347/1342/1286 1408/1402/1347 1348/1343/1287
f 1348/1343/1287 1409/1403/1348 1349/1344/1288
f 1349/1344/1288 1410/1404/1349 1350/1345/1289
f 1350/1345/1289 1411/1405/1350 1351/1346/1290
f 1351/1346/1290 1412/1406/1351 1352/1347/1291
f 1352/1347/1291 1413/1407/1352 1353/1408/1292
f 1353/1408/1292 1414/1409/1353 1354/1348/1293
f 1414/1409/1353 1355/1349/1294 1354/1348/1293
f 1415/1410/1354 1356/1350/1295 1355/1349/1294
f 1416/1411/1355 1357/1351/1296 1356/1350/1295
f 1417/1412/1356 1358/1353/1297 1357/1351/1296
f 1418/1413/1357 1359/1354/1298 1358/1353/1297
f 1419/1414/1358 1360/1415/1299 1359/1354/1298
f 1360/1415/1299 1421/1416/1360 1361/1355/1300
f 1361/1355/1300 1422/1417/1361 1362/1356/1301
f 1422/1417/1361 1363/1358/1302 1362/1356/1301
f 1423/1418/1362 1364/1359/1303 1363/1358/1302
f 1424/1419/1363 1365/1360/1304 1364/1359/1303
f 1365/1360/1304 1426/1420/1365 1366/1421/1305
f 1366/1421/1305 1427/1422/1366 1367/1361/1306
f 1367/1361/1306 1428/1423/1367 1368/1362/1307
f 1368/1362/1307 1429/1424/1368 1369/1363/1308
f 1369/1363/1308 1430/1425/1369 1370/1364/1309
f 1370/1364/1309 1431/1426/1370 1371/1365/1310
f 1371/1365/1310 1432/1427/1371 1372/1366/1311
f 1372/1366/1311 1433/1428/1372 1373/1367/1312
f 1373/1367/1312 1434/1429/1373 1374/1368/1313
f 1434/1429/1373 1375/1369/1314 1374/1368/1313
f 1435/1430/1374 1376/1370/1315 1375/1369/1314
f 1436/1431/1375 1377/1371/1316 1376/1370/1315
f 1437/1432/1376 1378/1372/1317 1377/1371/1316
f 1378/1372/1317 1439/1433/1378 1379/1373/1318
f 1379/1373/1318 1440/1434/1379 1380/1435/1319
f 1441/1436/1380 1382/1376/1321 1381/1375/1320
f 1442/1437/1381 1383/1377/1322 1382/1376/1321
f 1443/1438/1382 1384/1378/1323 1383/1377/1322
f 1444/1439/1383 1385/1379/1324 1384/1378/1323
f 1445/1440/1384 1386/1380/1325 1385/1379/1324
f 1446/1441/1385 1387/1381/1326 1386/1380/1325
f 1447/1442/1386 1388/1383/1327 1387/1381/1326
f 1448/1443/1387 1389/1384/1328 1388/1383/1327
f 1449/1444/1388 1390/1385/1329 1389/1384/1328
f 1450/1445/1389 1391/1386/1330 1390/1385/1329
f 1451/1446/1390 1392/1447/1331 1391/1386/1330
f 1452/1448/1391 1393/1387/1332 1392/1447/1331
f 1453/1449/1392 1394/1388/1333 1393/1387/1332
f 1394/1388/1333 1455/1450/1394 1395/1389/1334
f 1395/1389/1334 1456/1451/1395 1396/1390/1335
f 1456/1451/1395 1397/1391/1336 1396/1390/1335
f 1397/1391/1336 1458/1452/1397 1398/1453/1337
f 1398/1453/1337 1459/1454/1398 1399/1393/1338
f 1399/1393/1338 1460/1455/1399 1400/1394/1339
f 1400/1394/1339 1461/1456/1400 1401/1395/1340
f 1401/1395/1340 1462/1457/1401 1402/1396/1341
f 1402/1396/1341 1463/1458/1402 1403/1397/1342
f 1403/1397/1342 1464/1459/1403 1404/1398/1343
f 1404/1398/1343 1465/1460/1404 1405/1399/1344
f 1405/1399/1344 1466/1461/1405 1406/1400/1345
f 1406/1400/1345 1467/1462/1406 1407/1401/1346
f 1407/1401/1346 1468/1463/1407 1408/1402/1347
f 1468/1463/1407 1409/1403/1348 1408/1402/1347
f 1469/1464/1408 1410/1404/1349 1409/1403/1348
f 1470/1465/1409 1411/1405/1350 1410/1404/1349
f 1411/1405/1350 1472/1466/1411 1412/1406/1351
f 1412/1406/1351 1473/1467/1412 1413/1407/1352
f 1473/1467/1412 1414/1409/1353 1413/1407/1352
f 1474/1468/1413 1415/1410/1354 1414/1409/1353
f 1415/1410/1354 1476/1469/1415 1416/1411/1355
f 1416/1411/1355 1477/1470/1416 1417/1412/1356
f 1477/1470/1416 1418/1413/1357 1417/1412/1356
f 1478/1471/1417 1419/1414/1358 1418/1413/1357
f 1479/1472/1418 1420/1473/1359 1419/1414/1358
f 1420/1473/1359 1481/1474/1420 1421/1416/1360
f 1421/1416/1360 1482/1475/1421 1422/1417/1361
f 1422/1417/1361 1483/1476/1422 1423/1418/1362
f 1483/1476/1422 1424/1419/1363 1423/1418/1362
f 1424/1419/1363 1485/1477/1424 1425/1478/1364
f 1425/1478/1364 1486/1479/1425 1426/1420/1365
f 1426/1420/1365 1487/1480/1426 1427/1422/1366
f 1427/1422/1366 1488/1481/1427 1428/1423/1367
f 1428/1423/1367 1489/1482/1428 1429/1424/1368
f 1429/1424/1368 1490/1483/1429 1430/1425/1369
f 1430/1425/1369 1491/1484/1430 1431/1426/1370
f 1431/1426/1370 1492/1485/1431 1432/1427/1371
f 1432/1427/1371 1493/1486/1432 1433/1428/1372
f 1433/1428/1372 1494/1487/1433 1434/1429/1373
f 1434/1429/1373 1495/1488/1434 1435/1430/1374
f 1435/1430/1374 1496/1489/1435 1436/1431/1375
f 1436/1431/1375 1497/1490/1436 1437/1432/1376
f 1437/1432/1376 1498/1491/1437 1438/1492/1377
f 1438/1492/1377 1499/1493/1438 1439/1433/1378
f 1439/1433/1378 1500/1494/1439 1440/1434/1379
f 1501/1495/1440 1442/1437/1381 1441/1436/1380
f 1442/1437/1381 1503/1496/1442 1443/1438/1382
f 1443/1438/1382 1504/1497/1443 1444/1439/1383
f 1504/1497/1443 1445/1440/1384 1444/1439/1383
f 1505/1498/1444 1446/1441/1385 1445/1440/1384
f 1506/1499/1445 1447/1442/1386 1446/1441/1385
f 1507/1500/1446 1448/1443/1387 1447/1442/1386
f 1508/1501/1447 1449/1444/1388 1448/1443/1387
f 1509/1502/1448 1450/1445/1389 1449/1444/1388
f 1510/1503/1449 1451/1446/1390 1450/1445/1389
f 1511/1504/1450 1452/1448/1391 1451/1446/1390
f 1512/1505/1451 1453/1449/1392 1452/1448/1391
f 1513/1506/1452 1454/1507/1393 1453/1449/1392
f 1514/1508/1453 1455/1450/1394 1454/1507/1393
f 1515/1509/1454 1456/1451/1395 1455/1450/1394
f 1456/1451/1395 1517/1510/1456 1457/1511/1396
f 1457/1511/1396 1518/1512/1457 1458/1452/1397
f 1458/1452/1397 1519/1513/1458 1459/1454/1398
f 1459/1454/1398 1520/1514/1459 1460/1455/1399
f 1460/1455/1399 1521/1515/1460 1461/1456/1400
f 1461/1456/1400 1522/1516/1461 1462/1457/1401
f 1462/1457/1401 1523/1517/1462 1463/1458/1402
f 1463/1458/1402 1524/1518/1463 1464/1459/1403
f 1464/1459/1403 1525/1519/1464 1465/1460/1404
f 1465/1460/1404 1526/1520/1465 1466/1461/1405
f 1466/1461/1405 1527/1521/1466 1467/1462/1406
f 1527/1521/1466 1468/1463/1407 1467/1462/1406
f 1528/1522/1467 1469/1464/1408 1468/1463/1407
f 1529/1523/1468 1470/1465/1409 1469/1464/1408
f 1530/1524/1469 1471/1525/1410 1470/1465/1409
f 1531/1526/1470 1472/1466/1411 1471/1525/1410
f 1532/1527/1471 1473/1467/1412 1472/1466/1411
f 1533/1528/1472 1474/1468/1413 1473/1467/1412
f 1534/1529/1473 1475/1530/1414 1474/1468/1413
f 1475/1530/1414 1536/1531/1475 1476/1469/1415
f 1476/1469/1415 1537/1532/1476 1477/1470/1416
f 1477/1470/1416 1538/1533/1477 1478/1471/1417
f 1538/1533/1477 1479/1472/1418 1478/1471/1417
f 1539/1534/1478 1480/1535/1419 1479/1472/1418
f 1540/1536/1479 1481/1474/1420 1480/1535/1419
f 1541/1537/1480 1482/1475/1421 1481/1474/1420
f 1482/1475/1421 1543/1538/1482 1483/1476/1422
f 1483/1476/1422 1544/1539/1483 1484/1540/1423
f 1544/1539/1483 1485/1477/1424 1484/1540/1423
f 1545/1541/1484 1486/1479/1425 1485/1477/1424
f 1486/1479/1425 1547/1542/1486 1487/1480/1426
f 1487/1480/1426 1548/1543/1487 1488/1481/1427
f 1488/1481/1427 1549/1544/1488 1489/1482/1428
f 1489/1482/1428 1550/1545/1489 1490/1483/1429
f 1490/1483/1429 1551/1546/1490 1491/1484/1430
f 1491/1484/1430 1552/1547/1491 1492/1485/1431
f 1492/1485/1431 1553/1548/1492 1493/1486/1432
f 1493/1486/1432 1554/1549/1493 1494/1487/1433
f 1494/1487/1433 1555/1550/1494 1495/1488/1434
f 1495/1488/1434 1556/1551/1495 1496/1489/1435
f 1496/1489/1435 1557/1552/1496 1497/1490/1436
f 1497/1490/1436 1558/1553/1497 1498/1491/1437
f 1498/1491/1437 1559/1554/1498 1499/1493/1438
f 1499/1493/1438 1560/1555/1499 1500/1494/1439
f 1561/1556/1500 1502/1557/1441 1501/1495/1440
f 1502/1557/1441 1563/1558/1502 1503/1496/1442
f 1503/1496/1442 1564/1559/1503 1504/1497/1443
f 1504/1497/1443 1565/1560/1504 1505/1498/1444
f 1565/1560/1504 1506/1499/1445 1505/1498/1444
f 1566/1561/1505 1507/1500/1446 1506/1499/1445
f 1567/1562/1506 1508/1501/1447 1507/1500/1446
f 1568/1563/1507 1509/1502/1448 1508/1501/1447
f 1569/1564/1508 1510/1503/1449 1509/1502/1448
f 1570/1565/1509 1511/1504/1450 1510/1503/1449
f 1571/1566/1510 1512/1505/1451 1511/1504/1450
f 1572/1567/1511 1513/1506/1452 1512/1505/1451
f 1573/1568/1512 1514/1508/1453 1513/1506/1452
f 1574/1569/1513 1515/1509/1454 1514/1508/1453
f 1575/1570/1514 1516/1571/1455 1515/1509/1454
f 1516/1571/1455 1577/1572/1516 1517/1510/1456
f 1517/1510/1456 1578/1573/1517 1518/1512/1457
f 1518/1512/1457 1579/1574/1518 1519/1513/1458
f 1519/1513/1458 1580/1575/1519 1520/1514/1459
f 1520/1514/1459 1581/1576/1520 1521/1515/1460
f 1521/1515/1460 1582/1577/1521 1522/1516/1461
f 1522/1516/1461 1583/1578/1522 1523/1517/1462
f 1523/1517/1462 1584/1579/1523 1524/1518/1463
f 1524/1518/1463 1585/1580/1524 1525/1519/1464
f 1525/1519/1464 1586/1581/1525 1526/1520/1465
f 1526/1520/1465 1587/1582/1526 1527/1521/1466
f 1527/1521/1466 1588/1583/1527 1528/1522/1467
f 1588/1583/1527 1529/1523/1468 1528/1522/1467
f 1589/1584/1528 1530/1524/1469 1529/1523/1468
f 1590/1585/1529 1531/1526/1470 1530/1524/1469
f 1591/1586/1530 1532/1527/1471 1531/1526/1470
f 1592/1587/1531 1533/1528/1472 1532/1527/1471
f 1593/1588/1532 1534/1529/1473 1533/1528/1472
f 1594/1589/1533 1535/1590/1474 1534/1529/1473
f 1535/1590/1474 1596/1591/1535 1536/1531/1475
f 1536/1531/1475 1597/1592/1536 1537/1532/1476
f 1537/1532/1476 1598/1593/1537 1538/1533/1477
f 1598/1593/1537 1539/1534/1478 1538/1533/1477
f 1599/1594/1538 1540/1536/1479 1539/1534/1478
f 1600/1595/1539 1541/1537/1480 1540/1536/1479
f 1601/1596/1540 1542/1597/1481 1541/1537/1480
f 1542/1597/1481 1603/1598/1542 1543/1538/1482
f 1543/1538/1482 1604/1599/1543 1544/1539/1483
f 1604/1599/1543 1545/1541/1484 1544/1539/1483
f 1545/1541/1484 1606/1600/1545 1546/1601/1485
f 1546/1601/1485 1607/1602/1546 1547/1542/1486
f 1547/1542/1486 1608/1603/1547 1548/1543/1487
f 1608/1603/1547 1549/1544/1488 1548/1543/1487
f 1609/1604/1548 1550/1545/1489 1549/1544/1488
f 1610/1605/1549 1551/1546/1490 1550/1545/1489
f 1611/1606/1550 1552/1547/1491 1551/1546/1490
f 1612/1607/1551 1553/1548/1492 1552/1547/1491
f 1553/1548/1492 1614/1608/1553 1554/1549/1493
f 1554/1549/1493 1615/1609/1554 1555/1550/1494
f 1555/1550/1494 1616/1610/1555 1556/1551/1495
f 1556/1551/1495 1617/1611/1556 1557/1552/1496
f 1557/1552/1496 1618/1612/1557 1558/1553/1497
f 1558/1553/1497 1619/1613/1558 1559/1554/1498
f 1619/1613/1558 1560/1555/1499 1559/1554/1498
f 1621/1614/1560 1562/1615/1501 1561/1556/1500
f 1622/1616/1561 1563/1558/1502 1562/1615/1501
f 1623/1617/1562 1564/1559/1503 1563/1558/1502
f 1564/1559/1503 1625/1618/1564 1565/1560/1504
f 1565/1560/1504 1626/1619/1565 1566/1561/1505
f 1566/1561/1505 1627/1620/1566 1567/1562/1506
f 1627/1620/1566 1568/1563/1507 1567/1562/1506
f 1628/1621/1567 1569/1564/1508 1568/1563/1507
f 1629/1622/1568 1570/1565/1509 1569/1564/1508
f 1630/1623/1569 1571/1566/1510 1570/1565/1509
f 1631/1624/1570 1572/1567/1511 1571/1566/1510
f 1632/1625/1571 1573/1568/1512 1572/1567/1511
f 1573/1568/1512 1634/1626/1573 1574/1569/1513
f 1574/1569/1513 1635/1627/1574 1575/1570/1514
f 1635/1627/1574 1576/1628/1515 1575/1570/1514
f 1636/1629/1575 1577/1572/1516 1576/1628/1515
f 1577/1572/1516 1638/1630/1577 1578/1573/1517
f 1578/1573/1517 1639/1631/1578 1579/1574/1518
f 1579/1574/1518 1640/1632/1579 1580/1575/1519
f 1580/1575/1519 1641/1633/1580 1581/1576/1520
f 1581/1576/1520 1642/1634/1581 1582/1577/1521
f 1582/1577/1521 1643/1635/1582 1583/1578/1522
f 1583/1578/1522 1644/1636/1583 1584/1579/1523
f 1584/1579/1523 1645/1637/1584 1585/1580/1524
f 1585/1580/1524 1646/1638/1585 1586/1581/1525
f 1586/1581/1525 1647/1639/1586 1587/1582/1526
f 1647/1639/1586 1588/1583/1527 1587/1582/1526
f 1648/1640/1587 1589/1584/1528 1588/1583/1527
f 1649/1641/1588 1590/1585/1529 1589/1584/1528
f 1650/1642/1589 1591/1586/1530 1590/1585/1529
f 1651/1643/1590 1592/1587/1531 1591/1586/1530
f 1652/1644/1591 1593/1588/1532 1592/1587/1531
f 1653/1645/1592 1594/1589/1533 1593/1588/1532
f 1654/1646/1593 1595/1647/1534 1594/1589/1533
f 1655/1648/1594 1596/1591/1535 1595/1647/1534
f 1656/1649/1595 1597/1592/1536 1596/1591/1535
f 1657/1650/1596 1598/1593/1537 1597/1592/1536
f 1658/1651/1597 1599/1594/1538 1598/1593/1537
f 1659/1652/1598 1600/1595/1539 1599/1594/1538
f 1660/1653/1599 1601/1596/1540 1600/1595/1539
f 1661/1654/1600 1602/1655/1541 1601/1596/1540
f 1662/1656/1601 1603/1598/1542 1602/1655/1541
f 1663/1657/1602 1604/1599/1543 1603/1598/1542
f 1664/1658/1603 1605/1659/1544 1604/1599/1543
f 1605/1659/1544 1666/1660/1605 1606/1600/1545
f 1606/1600/1545 1667/1661/1606 1607/1602/1546
f 1667/1661/1606 1608/1603/1547 1607/1602/1546
f 1608/1603/1547 1669/1662/1608 1609/1604/1548
f 1669/1662/1608 1610/1605/1549 1609/1604/1548
f 1610/1605/1549 1671/1663/1610 1611/1606/1550
f 1611/1606/1550 1672/1664/1611 1612/1607/1551
f 1672/1664/1611 1613/1665/1552 1612/1607/1551
f 1673/1666/1612 1614/1608/1553 1613/1665/1552
f 1674/1667/1613 1615/1609/1554 1614/1608/1553
f 1615/1609/1554 1676/1668/1615 1616/1610/1555
f 1616/1610/1555 1677/1669/1616 1617/1611/1556
f 1677/1669/1616 1618/1612/1557 1617/1611/1556
f 1678/1670/1617 1619/1613/1558 1618/1612/1557
f 1679/1671/1618 1620/1672/1559 1619/1613/1558
f 1621/1614/1560 1682/1673/1621 1622/1616/1561
f 1622/1616/1561 1683/1674/1622 1623/1617/1562
f 1683/1674/1622 1624/1675/1563 1623/1617/1562
f 1624/1675/1563 1685/1676/1624 1625/1618/1564
f 1625/1618/1564 1686/1677/1625 1626/1619/1565
f 1626/1619/1565 1687/1678/1626 1627/1620/1566
f 1627/1620/1566 1688/1679/1627 1628/1621/1567
f 1688/1679/1627 1629/1622/1568 1628/1621/1567
f 1689/1680/1628 1630/1623/1569 1629/1622/1568
f 1690/1681/1629 1631/1624/1570 1630/1623/1569
f 1631/1624/1570 1692/1682/1631 1632/1625/1571
f 1692/1682/1631 1633/1683/1572 1632/1625/1571
f 1693/1684/1632 1634/1626/1573 1633/1683/1572
f 1634/1626/1573 1695/1685/1634 1635/1627/1574
f 1695/1685/1634 1636/1629/1575 1635/1627/1574
f 1696/1686/1635 1637/1687/1576 1636/1629/1575
f 1637/1687/1576 1698/1688/1637 1638/1630/1577
f 1638/1630/1577 1699/1689/1638 1639/1631/1578
f 1639/1631/1578 1700/1690/1639 1640/1632/1579
f 1640/1632/1579 1701/1691/1640 1641/1633/1580
f 1641/1633/1580 1702/1692/1641 1642/1634/1581
f 1642/1634/1581 1703/1693/1642 1643/1635/1582
f 1643/1635/1582 1704/1694/1643 1644/1636/1583
f 1644/1636/1583 1705/1695/1644 1645/1637/1584
f 1705/1695/1644 1646/1638/1585 1645/1637/1584
f 1706/1696/1645 1647/1639/1586 1646/1638/1585
f 1707/1697/1646 1648/1640/1587 1647/1639/1586
f 1708/1698/1647 1649/1641/1588 1648/1640/1587
f 1709/1699/1648 1650/1642/1589 1649/1641/1588
f 1710/1700/1649 1651/1643/1590 1650/1642/1589
f 1711/1701/1650 1652/1644/1591 1651/1643/1590
f 1652/1644/1591 1713/1702/1652 1653/1645/1592
f 1653/1645/1592 1714/1703/1653 1654/1646/1593
f 1714/1703/1653 1655/1648/1594 1654/1646/1593
f 1715/1704/1654 1656/1649/1595 1655/1648/1594
f 1716/1705/1655 1657/1650/1596 1656/1649/1595
f 1717/1706/1656 1658/1651/1597 1657/1650/1596
f 1718/1707/1657 1659/1652/1598 1658/1651/1597
f 1719/1708/1658 1660/1653/1599 1659/1652/1598
f 1720/1709/1659 1661/1654/1600 1660/1653/1599
f 1721/1710/1660 1662/1656/1601 1661/1654/1600
f 1722/1711/1661 1663/1657/1602 1662/1656/1601
f 1723/1712/1662 1664/1658/1603 1663/1657/1602
f 1724/1713/1663 1665/1714/1604 1664/1658/1603
f 1725/1715/1664 1666/1660/1605 1665/1714/1604
f 1726/1716/1665 1667/1661/1606 1666/1660/1605
f 1727/1717/1666 1668/1718/1607 1667/1661/1606
f 1668/1718/1607 1729/1719/1668 1669/1662/1608
f 1669/1662/1608 1730/1720/1669 1670/1721/1609
f 1730/1720/1669 1671/1663/1610 1670/1721/1609
f 1671/1663/1610 1732/1722/1671 1672/1664/1611
f 1732/1722/1671 1673/1666/1612 1672/1664/1611
f 1733/1723/1672 1674/1667/1613 1673/1666/1612
f 1734/1724/1673 1675/1725/1614 1674/1667/1613
f 1735/1726/1674 1676/1668/1615 1675/1725/1614
f 1736/1727/1675 1677/1669/1616 1676/1668/1615
f 1737/1728/1676 1678/1670/1617 1677/1669/1616
f 1738/1729/1677 1679/1671/1618 1678/1670/1617
f 1739/1730/1678 1680/1731/1619 1679/1671/1618
f 1681/1732/1620 1742/1733/1681 1682/1673/1621
f 1682/1673/1621 1743/1734/1682 1683/1674/1622
f 1683/1674/1622 1744/1735/1683 1684/1736/1623
f 1684/1736/1623 1745/1737/1684 1685/1676/1624
f 1685/1676/1624 1746/1738/1685 1686/1677/1625
f 1686/1677/1625 1747/1739/1686 1687/1678/1626
f 1687/1678/1626 1748/1740/1687 1688/1679/1627
f 1688/1679/1627 1749/1741/1688 1689/1680/1628
f 1689/1680/1628 1750/1742/1689 1690/1681/1629
f 1690/1681/1629 1751/1743/1690 1691/1744/1630
f 1691/1744/1630 1752/1745/1691 1692/1682/1631
f 1752/1745/1691 1693/1684/1632 1692/1682/1631
f 1693/1684/1632 1754/1746/1693 1694/1747/1633
f 1754/1746/1693 1695/1685/1634 1694/1747/1633
f 1755/1748/1694 1696/1686/1635 1695/1685/1634
f 1756/1749/1695 1697/1750/1636 1696/1686/1635
f 1697/1750/1636 1758/1751/1697 1698/1688/1637
f 1698/1688/1637 1759/1752/1698 1699/1689/1638
f 1699/1689/1638 1760/1753/1699 1700/1690/1639
f 1700/1690/1639 1761/1754/1700 1701/1691/1640
f 1701/1691/1640 1762/1755/1701 1702/1692/1641
f 1702/1692/1641 1763/1756/1702 1703/1693/1642
f 1703/1693/1642 1764/1757/1703 1704/1694/1643
f 1704/1694/1643 1765/1758/1704 1705/1695/1644
f 1765/1758/1704 1706/1696/1645 1705/1695/1644
f 1766/1759/1705 1707/1697/1646 1706/1696/1645
f 1767/1760/1706 1708/1698/1647 1707/1697/1646
f 1768/1761/1707 1709/1699/1648 1708/1698/1647
f 1769/1762/1708 1710/1700/1649 1709/1699/1648
f 1770/1763/1709 1711/1701/1650 1710/1700/1649
f 1711/1701/1650 1772/1764/1711 1712/1765/1651
f 1712/1765/1651 1773/1766/1712 1713/1702/1652
f 1773/1766/1712 1714/1703/1653 1713/1702/1652
f 1774/1767/1713 1715/1704/1654 1714/1703/1653
f 1775/1768/1714 1716/1705/1655 1715/1704/1654
f 1776/1769/1715 1717/1706/1656 1716/1705/1655
f 1777/1770/1716 1718/1707/1657 1717/1706/1656
f 1778/1771/1717 1719/1708/1658 1718/1707/1657
f 1719/1708/1658 1780/1772/1719 1720/1709/1659
f 1720/1709/1659 1781/1773/1720 1721/1710/1660
f 1781/1773/1720 1722/1711/1661 1721/1710/1660
f 1782/1774/1721 1723/1712/1662 1722/1711/1661
f 1783/1775/1722 1724/1713/1663 1723/1712/1662
f 1784/1776/1723 1725/1715/1664 1724/1713/1663
f 1785/1777/1724 1726/1716/1665 1725/1715/1664
f 1726/1716/1665 1787/1778/1726 1727/1717/1666
f 1727/1717/1666 1788/1779/1727 1728/1780/1667
f 1788/1779/1727 1729/1719/1668 1728/1780/1667
f 1789/1781/1728 1730/1720/1669 1729/1719/1668
f 1790/1782/1729 1731/1783/1670 1730/1720/1669
f 1791/1784/1730 1732/1722/1671 1731/1783/1670
f 1792/1785/1731 1733/1723/1672 1732/1722/1671
f 1793/1786/1732 1734/1724/1673 1733/1723/1672
f 1794/1787/1733 1735/1726/1674 1734/1724/1673
f 1795/1788/1734 1736/1727/1675 1735/1726/1674
f 1796/1789/1735 1737/1728/1676 1736/1727/1675
f 1797/1790/1736 1738/1729/1677 1737/1728/1676
f 1798/1791/1737 1739/1730/1678 1738/1729/1677
f 1799/1792/1738 1740/1793/1679 1739/1730/1678
f 1741/1794/1680 1802/1795/1741 1742/1733/1681
f 1742/1733/1681 1803/1796/1742 1743/1734/1682
f 1743/1734/1682 1804/1797/1743 1744/1735/1683
f 1744/1735/1683 1805/1798/1744 1745/1737/1684
f 1745/1737/1684 1806/1799/1745 1746/1738/1685
f 1746/1738/1685 1807/1800/1746 1747/1739/1686
f 1747/1739/1686 1808/1801/1747 1748/1740/1687
f 1748/1740/1687 1809/1802/1748 1749/1741/1688
f 1749/1741/1688 1810/1803/1749 1750/1742/1689
f 1750/1742/1689 1811/1804/1750 1751/1743/1690
f 1751/1743/1690 1812/1805/1751 1752/1745/1691
f 1752/1745/1691 1813/1806/1752 1753/1807/1692
f 1753/1807/1692 1814/1808/1753 1754/1746/1693
f 1814/1808/1753 1755/1748/1694 1754/1746/1693
f 1815/1809/1754 1756/1749/1695 1755/1748/1694
f 1816/1810/1755 1757/1811/1696 1756/1749/1695
f 1817/1812/1756 1758/1751/1697 1757/1811/1696
f 1758/1751/1697 1819/1813/1758 1759/1752/1698
f 1759/1752/1698 1820/1814/1759 1760/1753/1699
f 1760/1753/1699 1821/1815/1760 1761/1754/1700
f 1761/1754/1700 1822/1816/1761 1762/1755/1701
f 1762/1755/1701 1823/1817/1762 1763/1756/1702
f 1763/1756/1702 1824/1818/1763 1764/1757/1703
f 1764/1757/1703 1825/1819/1764 1765/1758/1704
f 1825/1819/1764 1766/1759/1705 1765/1758/1704
f 1826/1820/1765 1767/1760/1706 1766/1759/1705
f 1827/1821/1766 1768/1761/1707 1767/1760/1706
f 1828/1822/1767 1769/1762/1708 1768/1761/1707
f 1829/1823/1768 1770/1763/1709 1769/1762/1708
f 1830/1824/1769 1771/1825/1710 1770/1763/1709
f 1831/1826/1770 1772/1764/1711 1771/1825/1710
f 1772/1764/1711 1833/1827/1772 1773/1766/1712
f 1833/1827/1772 1774/1767/1713 1773/1766/1712
f 1834/1828/1773 1775/1768/1714 1774/1767/1713
f 1835/1829/1774 1776/1769/1715 1775/1768/1714
f 1836/1830/1775 1777/1770/1716 1776/1769/1715
f 1777/1770/1716 1838/1831/1777 1778/1771/1717
f 1778/1771/1717 1839/1832/1778 1779/1833/1718
f 1779/1833/1718 1840/1834/1779 1780/1772/1719
f 1780/1772/1719 1841/1835/1780 1781/1773/1720
f 1841/1835/1780 1782/1774/1721 1781/1773/1720
f 1842/1836/1781 1783/1775/1722 1782/1774/1721
f 1843/1837/1782 1784/1776/1723 1783/1775/1722
f 1844/1838/1783 1785/1777/1724 1784/1776/1723
f 1845/1839/1784 1786/1840/1725 1785/1777/1724
f 1786/1840/1725 1847/1841/1786 1787/1778/1726
f 1847/1841/1786 1788/1779/1727 1787/1778/1726
f 1848/1842/1787 1789/1781/1728 1788/1779/1727
f 1849/1843/1788 1790/1782/1729 1789/1781/1728
f 1850/1844/1789 1791/1784/1730 1790/1782/1729
f 1851/1845/1790 1792/1785/1731 1791/1784/1730
f 1852/1846/1791 1793/1786/1732 1792/1785/1731
f 1853/1847/1792 1794/1787/1733 1793/1786/1732
f 1854/1848/1793 1795/1788/1734 1794/1787/1733
f 1855/1849/1794 1796/1789/1735 1795/1788/1734
f 1856/1850/1795 1797/1790/1736 1796/1789/1735
f 1857/1851/1796 1798/1791/1737 1797/1790/1736
f 1858/1852/1797 1799/1792/1738 1798/1791/1737
f 1859/1853/1798 1800/1854/1739 1799/1792/1738
f 1801/1855/1740 1862/1856/1801 1802/1795/1741
f 1802/1795/1741 1863/1857/1802 1803/1796/1742
f 1803/1796/1742 1864/1858/1803 1804/1797/1743
f 1804/1797/1743 1865/1859/1804 1805/1798/1744
f 1805/1798/1744 1866/1860/1805 1806/1799/1745
f 1806/1799/1745 1867/1861/1806 1807/1800/1746
f 1807/1800/1746 1868/1862/1807 1808/1801/1747
f 1868/1862/1807 1809/1802/1748 1808/1801/1747
f 1869/1863/1808 1810/1803/1749 1809/1802/1748
f 1870/1864/1809 1811/1804/1750 1810/1803/1749
f 1871/1865/1810 1812/1805/1751 1811/1804/1750
f 1872/1866/1811 1813/1806/1752 1812/1805/1751
f 1873/1867/1812 1814/1808/1753 1813/1806/1752
f 1874/1868/1813 1815/1809/1754 1814/1808/1753
f 1875/1869/1814 1816/1810/1755 1815/1809/1754
f 1876/1870/1815 1817/1812/1756 1816/1810/1755
f 1877/1871/1816 1818/1872/1757 1817/1812/1756
f 1818/1872/1757 1879/1873/1818 1819/1813/1758
f 1819/1813/1758 1880/1874/1819 1820/1814/1759
f 1820/1814/1759 1881/1875/1820 1821/1815/1760
f 1821/1815/1760 1882/1876/1821 1822/1816/1761
f 1822/1816/1761 1883/1877/1822 1823/1817/1762
f 1823/1817/1762 1884/1878/1823 1824/1818/1763
f 1824/1818/1763 1885/1879/1824 1825/1819/1764
f 1825/1819/1764 1886/1880/1825 1826/1820/1765
f 1826/1820/1765 1887/1881/1826 1827/1821/1766
f 1827/1821/1766 1888/1882/1827 1828/1822/1767
f 1828/1822/1767 1889/1883/1828 1829/1823/1768
f 1829/1823/1768 1890/1884/1829 1830/1824/1769
f 1830/1824/1769 1891/1885/1830 1831/1826/1770
f 1891/1885/1830 1832/1886/1771 1831/1826/1770
f 1892/1887/1831 1833/1827/1772 1832/1886/1771
f 1893/1888/1832 1834/1828/1773 1833/1827/1772
f 1894/1889/1833 1835/1829/1774 1834/1828/1773
f 1835/1829/1774 1896/1890/1835 1836/1830/1775
f 1896/1890/1835 1837/1891/1776 1836/1830/1775
f 1897/1892/1836 1838/1831/1777 1837/1891/1776
f 1898/1893/1837 1839/1832/1778 1838/1831/1777
f 1839/1832/1778 1900/1894/1839 1840/1834/1779
f 1840/1834/1779 1901/1895/1840 1841/1835/1780
f 1841/1835/1780 1902/1896/1841 1842/1836/1781
f 1842/1836/1781 1903/1897/1842 1843/1837/1782
f 1843/1837/1782 1904/1898/1843 1844/1838/1783
f 1844/1838/1783 1905/1899/1844 1845/1839/1784
f 1905/1899/1844 1846/1900/1785 1845/1839/1784
f 1906/1901/1845 1847/1841/1786 1846/1900/1785
f 1907/1902/1846 1848/1842/1787 1847/1841/1786
f 1908/1903/1847 1849/1843/1788 1848/1842/1787
f 1909/1904/1848 1850/1844/1789 1849/1843/1788
f 1910/1905/1849 1851/1845/1790 1850/1844/1789
f 1911/1906/1850 1852/1846/1791 1851/1845/1790
f 1912/1907/1851 1853/1847/1792 1852/1846/1791
f 1913/1908/1852 1854/1848/1793 1853/1847/1792
f 1914/1909/1853 1855/1849/1794 1854/1848/1793
f 1915/1910/1854 1856/1850/1795 1855/1849/1794
f 1916/1911/1855 1857/1851/1796 1856/1850/1795
f 1917/1912/1856 1858/1852/1797 1857/1851/1796
f 1918/1913/1857 1859/1853/1798 1858/1852/1797
f 1919/1914/1858 1860/1915/1799 1859/1853/1798
f 1921/1916/1860 1862/1856/1801 1861/1917/1800
f 1922/1918/1861 1863/1857/1802 1862/1856/1801
f 1923/1919/1862 1864/1858/1803 1863/1857/1802
f 1924/1920/1863 1865/1859/1804 1864/1858/1803
f 1925/1921/1864 1866/1860/1805 1865/1859/1804
f 1926/1922/1865 1867/1861/1806 1866/1860/1805
f 1927/1923/1866 1868/1862/1807 1867/1861/1806
f 1928/1924/1867 1869/1863/1808 1868/1862/1807
f 1929/1925/1868 1870/1864/1809 1869/1863/1808
f 1930/1926/1869 1871/1865/1810 1870/1864/1809
f 1871/1865/1810 1932/1927/1871 1872/1866/1811
f 1932/1927/1871 1873/1867/1812 1872/1866/1811
f 1933/1928/1872 1874/1868/1813 1873/1867/1812
f 1934/1929/1873 1875/1869/1814 1874/1868/1813
f 1935/1930/1874 1876/1870/1815 1875/1869/1814
f 1936/1931/1875 1877/1871/1816 1876/1870/1815
f 1937/1932/1876 1878/1933/1817 1877/1871/1816
f 1878/1933/1817 1939/1934/1878 1879/1873/1818
f 1879/1873/1818 1940/1935/1879 1880/1874/1819
f 1880/1874/1819 1941/1936/1880 1881/1875/1820
f 1881/1875/1820 1942/1937/1881 1882/1876/1821
f 1882/1876/1821 1943/1938/1882 1883/1877/1822
f 1883/1877/1822 1944/1939/1883 1884/1878/1823
f 1884/1878/1823 1945/1940/1884 1885/1879/1824
f 1885/1879/1824 1946/1941/1885 1886/1880/1825
f 1886/1880/1825 1947/1942/1886 1887/1881/1826
f 1887/1881/1826 1948/1943/1887 1888/1882/1827
f 1888/1882/1827 1949/1944/1888 1889/1883/1828
f 1889/1883/1828 1950/1945/1889 1890/1884/1829
f 1890/1884/1829 1951/1946/1890 1891/1885/1830
f 1891/1885/1830 1952/1947/1891 1892/1887/1831
f 1892/1887/1831 1953/1948/1892 1893/1888/1832
f 1893/1888/1832 1954/1949/1893 1894/1889/1833
f 1894/1889/1833 1955/1950/1894 1895/1951/1834
f 1895/1951/1834 1956/1952/1895 1896/1890/1835
f 1956/1952/1895 1897/1892/1836 1896/1890/1835
f 1957/1953/1896 1898/1893/1837 1897/1892/1836
f 1958/1954/1897 1899/1955/1838 1898/1893/1837
f 1899/1955/1838 1960/1956/1899 1900/1894/1839
f 1900/1894/1839 1961/1957/1900 1901/1895/1840
f 1901/1895/1840 1962/1958/1901 1902/1896/1841
f 1962/1958/1901 1903/1897/1842 1902/1896/1841
f 1903/1897/1842 1964/1959/1903 1904/1898/1843
f 1904/1898/1843 1965/1960/1904 1905/1899/1844
f 1905/1899/1844 1966/1961/1905 1906/1901/1845
f 1966/1961/1905 1907/1902/1846 1906/1901/1845
f 1967/1962/1906 1908/1903/1847 1907/1902/1846
f 1968/1963/1907 1909/1904/1848 1908/1903/1847
f 1969/1964/1908 1910/1905/1849 1909/1904/1848
f 1970/1965/1909 1911/1906/1850 1910/1905/1849
f 1971/1966/1910 1912/1907/1851 1911/1906/1850
f 1972/1967/1911 1913/1908/1852 1912/1907/1851
f 1973/1968/1912 1914/1909/1853 1913/1908/1852
f 1974/1969/1913 1915/1910/1854 1914/1909/1853
f 1975/1970/1914 1916/1911/1855 1915/1910/1854
f 1976/1971/1915 1917/1912/1856 1916/1911/1855
f 1977/1972/1916 1918/1913/1857 1917/1912/1856
f 1978/1973/1917 1919/1914/1858 1918/1913/1857
f 1979/1974/1918 1920/1975/1859 1919/1914/1858
f 1981/1976/1920 1922/1918/1861 1921/1916/1860
f 1982/1977/1921 1923/1919/1862 1922/1918/1861
f 1983/1978/1922 1924/1920/1863 1923/1919/1862
f 1984/1979/1923 1925/1921/1864 1924/1920/1863
f 1985/1980/1924 1926/1922/1865 1925/1921/1864
f 1986/1981/1925 1927/1923/1866 1926/1922/1865
f 1987/1982/1926 1928/1924/1867 1927/1923/1866
f 1988/1983/1927 1929/1925/1868 1928/1924/1867
f 1989/1984/1928 1930/1926/1869 1929/1925/1868
f 1990/1985/1929 1931/1986/1870 1930/1926/1869
f 1931/1986/1870 1992/1987/1931 1932/1927/1871
f 1992/1987/1931 1933/1928/1872 1932/1927/1871
f 1993/1988/1932 1934/1929/1873 1933/1928/1872
f 1994/1989/1933 1935/1930/1874 1934/1929/1873
f 1995/1990/1934 1936/1931/1875 1935/1930/1874
f 1996/1991/1935 1937/1932/1876 1936/1931/1875
f 1997/1992/1936 1938/1993/1877 1937/1932/1876
f 1938/1993/1877 1999/1994/1938 1939/1934/1878
f 1939/1934/1878 2000/1995/1939 1940/1935/1879
f 1940/1935/1879 2001/1996/1940 1941/1936/1880
f 1941/1936/1880 2002/1997/1941 1942/1937/1881
f 1942/1937/1881 2003/1998/1942 1943/1938/1882
f 1943/1938/1882 2004/1999/1943 1944/1939/1883
f 1944/1939/1883 2005/2000/1944 1945/1940/1884
f 1945/1940/1884 2006/2001/1945 1946/1941/1885
f 1946/1941/1885 2007/2002/1946 1947/1942/1886
f 1947/1942/1886 2008/2003/1947 1948/1943/1887
f 1948/1943/1887 2009/2004/1948 1949/1944/1888
f 1949/1944/1888 2010/2005/1949 1950/1945/1889
f 1950/1945/1889 2011/2006/1950 1951/1946/1890
f 1951/1946/1890 2012/2007/1951 1952/1947/1891
f 2012/2007/1951 1953/1948/1892 1952/1947/1891
f 2013/2008/1952 1954/1949/1893 1953/1948/1892
f 1954/1949/1893 2015/2009/1954 1955/1950/1894
f 2015/2009/1954 1956/1952/1895 1955/1950/1894
f 2016/2010/1955 1957/1953/1896 1956/1952/1895
f 2017/2011/1956 1958/1954/1897 1957/1953/1896
f 2018/2012/1957 1959/2013/1898 1958/1954/1897
f 1959/2013/1898 2020/2014/1959 1960/1956/1899
f 1960/1956/1899 2021/2015/1960 1961/1957/1900
f 1961/1957/1900 2022/2016/1961 1962/1958/1901
f 2022/2016/1961 1963/2017/1902 1962/1958/1901
f 2023/2018/1962 1964/1959/1903 1963/2017/1902
f 1964/1959/1903 2025/2019/1964 1965/1960/1904
f 1965/1960/1904 2026/2020/1965 1966/1961/1905
f 2026/2020/1965 1967/1962/1906 1966/1961/1905
f 2027/2021/1966 1968/1963/1907 1967/1962/1906
f 2028/2022/1967 1969/1964/1908 1968/1963/1907
f 2029/2023/1968 1970/1965/1909 1969/1964/1908
f 2030/2024/1969 1971/1966/1910 1970/1965/1909
f 2031/2025/1970 1972/1967/1911 1971/1966/1910
f 2032/2026/1971 1973/1968/1912 1972/1967/1911
f 2033/2027/1972 1974/1969/1913 1973/1968/1912
f 2034/2028/1973 1975/1970/1914 1974/1969/1913
f 2035/2029/1974 1976/1971/1915 1975/1970/1914
f 2036/2030/1975 1977/1972/1916 1976/1971/1915
f 2037/2031/1976 1978/1973/1917 1977/1972/1916
f 2038/2032/1977 1979/1974/1918 1978/1973/1917
f 2039/2033/1978 1980/2034/1919 1979/1974/1918
f 2041/2035/1980 1982/1977/1921 1981/1976/1920
f 2042/2036/1981 1983/1978/1922 1982/1977/1921
f 2043/2037/1982 1984/1979/1923 1983/1978/1922
f 2044/2038/1983 1985/1980/1924 1984/1979/1923
f 2045/2039/1984 1986/1981/1925 1985/1980/1924
f 2046/2040/1985 1987/1982/1926 1986/1981/1925
f 2047/2041/1986 1988/1983/1927 1987/1982/1926
f 2048/2042/1987 1989/1984/1928 1988/1983/1927
f 2049/2043/1988 1990/1985/1929 1989/1984/1928
f 2050/2044/1989 1991/2045/1930 1990/1985/1929
f 1991/2045/1930 2052/2046/1991 1992/1987/1931
f 2052/2046/1991 1993/1988/1932 1992/1987/1931
f 2053/2047/1992 1994/1989/1933 1993/1988/1932
f 2054/2048/1993 1995/1990/1934 1994/1989/1933
f 2055/2049/1994 1996/1991/1935 1995/1990/1934
f 2056/2050/1995 1997/1992/1936 1996/1991/1935
f 2057/2051/1996 1998/2052/1937 1997/1992/1936
f 1998/2052/1937 2059/2053/1998 1999/1994/1938
f 1999/1994/1938 2060/2054/1999 2000/1995/1939
f 2000/1995/1939 2061/2055/2000 2001/1996/1940
f 2001/1996/1940 2062/2056/2001 2002/1997/1941
f 2002/1997/1941 2063/2057/2002 2003/1998/1942
f 2003/1998/1942 2064/2058/2003 2004/1999/1943
f 2004/1999/1943 2065/2059/2004 2005/2000/1944
f 2005/2000/1944 2066/2060/2005 2006/2001/1945
f 2006/2001/1945 2067/2061/2006 2007/2002/1946
f 2007/2002/1946 2068/2062/2007 2008/2003/1947
f 2008/2003/1947 2069/2063/2008 2009/2004/1948
f 2009/2004/1948 2070/2064/2009 2010/2005/1949
f 2010/2005/1949 2071/2065/2010 2011/2006/1950
f 2071/2065/2010 2012/2007/1951 2011/2006/1950
f 2072/2066/2011 2013/2008/1952 2012/2007/1951
f 2013/2008/1952 2074/2067/2013 2014/2068/1953
f 2014/2068/1953 2075/2069/2014 2015/2009/1954
f 2075/2069/2014 2016/2010/1955 2015/2009/1954
f 2076/2070/2015 2017/2011/1956 2016/2010/1955
f 2077/2071/2016 2018/2012/1957 2017/2011/1956
f 2078/2072/2017 2019/2073/1958 2018/2012/1957
f 2019/2073/1958 2080/2074/2019 2020/2014/1959
f 2020/2014/1959 2081/2075/2020 2021/2015/1960
f 2021/2015/1960 2082/2076/2021 2022/2016/1961
f 2022/2016/1961 2083/2077/2022 2023/2018/1962
f 2023/2018/1962 2084/2078/2023 2024/2079/1963
f 2024/2079/1963 2085/2080/2024 2025/2019/1964
f 2085/2080/2024 2026/2020/1965 2025/2019/1964
f 2086/2081/2025 2027/2021/1966 2026/2020/1965
f 2087/2082/2026 2028/2022/1967 2027/2021/1966
f 2088/2083/2027 2029/2023/1968 2028/2022/1967
f 2089/2084/2028 2030/2024/1969 2029/2023/1968
f 2090/2085/2029 2031/2025/1970 2030/2024/1969
f 2091/2086/2030 2032/2026/1971 2031/2025/1970
f 2092/2087/2031 2033/2027/1972 2032/2026/1971
f 2093/2088/2032 2034/2028/1973 2033/2027/1972
f 2094/2089/2033 2035/2029/1974 2034/2028/1973
f 2095/2090/2034 2036/2030/1975 2035/2029/1974
f 2096/2091/2035 2037/2031/1976 2036/2030/1975
f 2097/2092/2036 2038/2032/1977 2037/2031/1976
f 2098/2093/2037 2039/2033/1978 2038/2032/1977
f 2099/2094/2038 2040/2095/1979 2039/2033/1978
f 2101/2096/2040 2042/2036/1981 2041/2035/1980
f 2102/2097/2041 2043/2037/1982 2042/2036/1981
f 2103/2098/2042 2044/2038/1983 2043/2037/1982
f 2104/2099/2043 2045/2039/1984 2044/2038/1983
f 2105/2100/2044 2046/2040/1985 2045/2039/1984
f 2106/2101/2045 2047/2041/1986 2046/2040/1985
f 2107/2102/2046 2048/2042/1987 2047/2041/1986
f 2108/2103/2047 2049/2043/1988 2048/2042/1987
f 2049/2043/1988 2110/2104/2049 2050/2044/1989
f 2050/2044/1989 2111/2105/2050 2051/2106/1990
f 2051/2106/1990 2112/2107/2051 2052/2046/1991
f 2052/2046/1991 2113/2108/2052 2053/2047/1992
f 2053/2047/1992 2114/2109/2053 2054/2048/1993
f 2054/2048/1993 2115/2110/2054 2055/2049/1994
f 2055/2049/1994 2116/2111/2055 2056/2050/1995
f 2056/2050/1995 2117/2112/2056 2057/2051/1996
f 2117/2112/2056 2058/2113/1997 2057/2051/1996
f 2058/2113/1997 2119/2114/2058 2059/2053/1998
f 2059/2053/1998 2120/2115/2059 2060/2054/1999
f 2060/2054/1999 2121/2116/2060 2061/2055/2000
f 2061/2055/2000 2122/2117/2061 2062/2056/2001
f 2122/2117/2061 2063/2057/2002 2062/2056/2001
f 2063/2057/2002 2124/2118/2063 2064/2058/2003
f 2064/2058/2003 2125/2119/2064 2065/2059/2004
f 2065/2059/2004 2126/2120/2065 2066/2060/2005
f 2066/2060/2005 2127/2121/2066 2067/2061/2006
f 2067/2061/2006 2128/2122/2067 2068/2062/2007
f 2068/2062/2007 2129/2123/2068 2069/2063/2008
f 2069/2063/2008 2130/2124/2069 2070/2064/2009
f 2070/2064/2009 2131/2125/2070 2071/2065/2010
f 2131/2125/2070 2072/2066/2011 2071/2065/2010
f 2132/2126/2071 2073/2127/2012 2072/2066/2011
f 2073/2127/2012 2134/2128/2073 2074/2067/2013
f 2074/2067/2013 2135/2129/2074 2075/2069/2014
f 2135/2129/2074 2076/2070/2015 2075/2069/2014
f 2136/2130/2075 2077/2071/2016 2076/2070/2015
f 2137/2131/2076 2078/2072/2017 2077/2071/2016
f 2078/2072/2017 2139/2132/2078 2079/2133/2018
f 2079/2133/2018 2140/2134/2079 2080/2074/2019
f 2080/2074/2019 2141/2135/2080 2081/2075/2020
f 2081/2075/2020 2142/2136/2081 2082/2076/2021
f 2082/2076/2021 2143/2137/2082 2083/2077/2022
f 2083/2077/2022 2144/2138/2083 2084/2078/2023
f 2084/2078/2023 2145/2139/2084 2085/2080/2024
f 2085/2080/2024 2146/2140/2085 2086/2081/2025
f 2086/2081/2025 2147/2141/2086 2087/2082/2026
f 2147/2141/2086 2088/2083/2027 2087/2082/2026
f 2148/2142/2087 2089/2084/2028 2088/2083/2027
f 2149/2143/2088 2090/2085/2029 2089/2084/2028
f 2150/2144/2089 2091/2086/2030 2090/2085/2029
f 2151/2145/2090 2092/2087/2031 2091/2086/2030
f 2152/2146/2091 2093/2088/2032 2092/2087/2031
f 2153/2147/2092 2094/2089/2033 2093/2088/2032
f 2094/2089/2033 2155/2148/2094 2095/2090/2034
f 2095/2090/2034 2156/2149/2095 2096/2091/2035
f 2096/2091/2035 2157/2150/2096 2097/2092/2036
f 2097/2092/2036 2158/2151/2097 2098/2093/2037
f 2098/2093/2037 2159/2152/2098 2099/2094/2038
f 2099/2094/2038 2160/2153/2099 2100/2154/2039
f 2101/2096/2040 2162/2155/2101 2102/2097/2041
f 2162/2155/2101 2103/2098/2042 2102/2097/2041
f 2163/2156/2102 2104/2099/2043 2103/2098/2042
f 2164/2157/2103 2105/2100/2044 2104/2099/2043
f 2165/2158/2104 2106/2101/2045 2105/2100/2044
f 2166/2159/2105 2107/2102/2046 2106/2101/2045
f 2107/2102/2046 2168/2160/2107 2108/2103/2047
f 2108/2103/2047 2169/2161/2108 2109/2162/2048
f 2109/2162/2048 2170/2163/2109 2110/2104/2049
f 2110/2104/2049 2171/2164/2110 2111/2105/2050
f 2111/2105/2050 2172/2165/2111 2112/2107/2051
f 2112/2107/2051 2173/2166/2112 2113/2108/2052
f 2113/2108/2052 2174/2167/2113 2114/2109/2053
f 2114/2109/2053 2175/2168/2114 2115/2110/2054
f 2115/2110/2054 2176/2169/2115 2116/2111/2055
f 2116/2111/2055 2177/2170/2116 2117/2112/2056
f 2117/2112/2056 2178/2171/2117 2118/2172/2057
f 2118/2172/2057 2179/2173/2118 2119/2114/2058
f 2179/2173/2118 2120/2115/2059 2119/2114/2058
f 2180/2174/2119 2121/2116/2060 2120/2115/2059
f 2181/2175/2120 2122/2117/2061 2121/2116/2060
f 2182/2176/2121 2123/2177/2062 2122/2117/2061
f 2123/2177/2062 2184/2178/2123 2124/2118/2063
f 2124/2118/2063 2185/2179/2124 2125/2119/2064
f 2125/2119/2064 2186/2180/2125 2126/2120/2065
f 2126/2120/2065 2187/2181/2126 2127/2121/2066
f 2127/2121/2066 2188/2182/2127 2128/2122/2067
f 2128/2122/2067 2189/2183/2128 2129/2123/2068
f 2189/2183/2128 2130/2124/2069 2129/2123/2068
f 2190/2184/2129 2131/2125/2070 2130/2124/2069
f 2191/2185/2130 2132/2126/2071 2131/2125/2070
f 2192/2186/2131 2133/2187/2072 2132/2126/2071
f 2133/2187/2072 2194/2188/2133 2134/2128/2073
f 2134/2128/2073 2195/2189/2134 2135/2129/2074
f 2195/2189/2134 2136/2130/2075 2135/2129/2074
f 2196/2190/2135 2137/2131/2076 2136/2130/2075
f 2197/2191/2136 2138/2192/2077 2137/2131/2076
f 2138/2192/2077 2199/2193/2138 2139/2132/2078
f 2199/2193/2138 2140/2134/2079 2139/2132/2078
f 2140/2134/2079 2201/2194/2140 2141/2135/2080
f 2141/2135/2080 2202/2195/2141 2142/2136/2081
f 2142/2136/2081 2203/2196/2142 2143/2137/2082
f 2143/2137/2082 2204/2197/2143 2144/2138/2083
f 2144/2138/2083 2205/2198/2144 2145/2139/2084
f 2145/2139/2084 2206/2199/2145 2146/2140/2085
f 2146/2140/2085 2207/2200/2146 2147/2141/2086
f 2147/2141/2086 2208/2201/2147 2148/2142/2087
f 2148/2142/2087 2209/2202/2148 2149/2143/2088
f 2149/2143/2088 2210/2203/2149 2150/2144/2089
f 2150/2144/2089 2211/2204/2150 2151/2145/2090
f 2151/2145/2090 2212/2205/2151 2152/2146/2091
f 2152/2146/2091 2213/2206/2152 2153/2147/2092
f 2153/2147/2092 2214/2207/2153 2154/2208/2093
f 2154/2208/2093 2215/2209/2154 2155/2148/2094
f 2155/2148/2094 2216/2210/2155 2156/2149/2095
f 2156/2149/2095 2217/2211/2156 2157/2150/2096
f 2157/2150/2096 2218/2212/2157 2158/2151/2097
f 2158/2151/2097 2219/2213/2158 2159/2152/2098
f 2159/2152/2098 2220/2214/2159 2160/2153/2099
f 2161/2215/2100 2222/2216/2161 2162/2155/2101
f 2222/2216/2161 2163/2156/2102 2162/2155/2101
f 2223/2217/2162 2164/2157/2103 2163/2156/2102
f 2224/2218/2163 2165/2158/2104 2164/2157/2103
f 2225/2219/2164 2166/2159/2105 2165/2158/2104
f 2226/2220/2165 2167/2221/2106 2166/2159/2105
f 2167/2221/2106 2228/2222/2167 2168/2160/2107
f 2168/2160/2107 2229/2223/2168 2169/2161/2108
f 2169/2161/2108 2230/2224/2169 2170/2163/2109
f 2170/2163/2109 2231/2225/2170 2171/2164/2110
f 2171/2164/2110 2232/2226/2171 2172/2165/2111
f 2172/2165/2111 2233/2227/2172 2173/2166/2112
f 2173/2166/2112 2234/2228/2173 2174/2167/2113
f 2174/2167/2113 2235/2229/2174 2175/2168/2114
f 2175/2168/2114 2236/2230/2175 2176/2169/2115
f 2176/2169/2115 2237/2231/2176 2177/2170/2116
f 2177/2170/2116 2238/2232/2177 2178/2171/2117
f 2178/2171/2117 2239/2233/2178 2179/2173/2118
f 2239/2233/2178 2180/2174/2119 2179/2173/2118
f 2240/2234/2179 2181/2175/2120 2180/2174/2119
f 2181/2175/2120 2242/2235/2181 2182/2176/2121
f 2182/2176/2121 2243/2236/2182 2183/2237/2122
f 2243/2236/2182 2184/2178/2123 2183/2237/2122
f 2244/2238/2183 2185/2179/2124 2184/2178/2123
f 2245/2239/2184 2186/2180/2125 2185/2179/2124
f 2246/2240/2185 2187/2181/2126 2186/2180/2125
f 2247/2241/2186 2188/2182/2127 2187/2181/2126
f 2248/2242/2187 2189/2183/2128 2188/2182/2127
f 2249/2243/2188 2190/2184/2129 2189/2183/2128
f 2250/2244/2189 2191/2185/2130 2190/2184/2129
f 2251/2245/2190 2192/2186/2131 2191/2185/2130
f 2252/2246/2191 2193/2247/2132 2192/2186/2131
f 2253/2248/2192 2194/2188/2133 2193/2247/2132
f 2194/2188/2133 2255/2249/2194 2195/2189/2134
f 2255/2249/2194 2196/2190/2135 2195/2189/2134
f 2196/2190/2135 2257/2250/2196 2197/2191/2136
f 2257/2250/2196 2198/2251/2137 2197/2191/2136
f 2258/2252/2197 2199/2193/2138 2198/2251/2137
f 2259/2253/2198 2200/2254/2139 2199/2193/2138
f 2260/2255/2199 2201/2194/2140 2200/2254/2139
f 2201/2194/2140 2262/2256/2201 2202/2195/2141
f 2202/2195/2141 2263/2257/2202 2203/2196/2142
f 2203/2196/2142 2264/2258/2203 2204/2197/2143
f 2204/2197/2143 2265/2259/2204 2205/2198/2144
f 2205/2198/2144 2266/2260/2205 2206/2199/2145
f 2206/2199/2145 2267/2261/2206 2207/2200/2146
f 2207/2200/2146 2268/2262/2207 2208/2201/2147
f 2208/2201/2147 2269/2263/2208 2209/2202/2148
f 2209/2202/2148 2270/2264/2209 2210/2203/2149
f 2210/2203/2149 2271/2265/2210 2211/2204/2150
f 2211/2204/2150 2272/2266/2211 2212/2205/2151
f 2212/2205/2151 2273/2267/2212 2213/2206/2152
f 2213/2206/2152 2274/2268/2213 2214/2207/2153
f 2214/2207/2153 2275/2269/2214 2215/2209/2154
f 2215/2209/2154 2276/2270/2215 2216/2210/2155
f 2216/2210/2155 2277/2271/2216 2217/2211/2156
f 2217/2211/2156 2278/2272/2217 2218/2212/2157
f 2218/2212/2157 2279/2273/2218 2219/2213/2158
f 2219/2213/2158 2280/2274/2219 2220/2214/2159
f 2221/2275/2160 2282/2276/2221 2222/2216/2161
f 2222/2216/2161 2283/2277/2222 2223/2217/2162
f 2223/2217/2162 2284/2278/2223 2224/2218/2163
f 2284/2278/2223 2225/2219/2164 2224/2218/2163
f 2285/2279/2224 2226/2220/2165 2225/2219/2164
f 2286/2280/2225 2227/2281/2166 2226/2220/2165
f 2227/2281/2166 2288/2282/2227 2228/2222/2167
f 2228/2222/2167 2289/2283/2228 2229/2223/2168
f 2229/2223/2168 2290/2284/2229 2230/2224/2169
f 2230/2224/2169 2291/2285/2230 2231/2225/2170
f 2231/2225/2170 2292/2286/2231 2232/2226/2171
f 2232/2226/2171 2293/2287/2232 2233/2227/2172
f 2233/2227/2172 2294/2288/2233 2234/2228/2173
f 2234/2228/2173 2295/2289/2234 2235/2229/2174
f 2235/2229/2174 2296/2290/2235 2236/2230/2175
f 2296/2290/2235 2237/2231/2176 2236/2230/2175
f 2297/2291/2236 2238/2232/2177 2237/2231/2176
f 2238/2232/2177 2299/2292/2238 2239/2233/2178
f 2299/2292/2238 2240/2234/2179 2239/2233/2178
f 2240/2234/2179 2301/2293/2240 2241/2294/2180
f 2241/2294/2180 2302/2295/2241 2242/2235/2181
f 2242/2235/2181 2303/2296/2242 2243/2236/2182
f 2303/2296/2242 2244/2238/2183 2243/2236/2182
f 2304/2297/2243 2245/2239/2184 2244/2238/2183
f 2305/2298/2244 2246/2240/2185 2245/2239/2184
f 2306/2299/2245 2247/2241/2186 2246/2240/2185
f 2307/2300/2246 2248/2242/2187 2247/2241/2186
f 2308/2301/2247 2249/2243/2188 2248/2242/2187
f 2309/2302/2248 2250/2244/2189 2249/2243/2188
f 2310/2303/2249 2251/2245/2190 2250/2244/2189
f 2311/2304/2250 2252/2246/2191 2251/2245/2190
f 2312/2305/2251 2253/2248/2192 2252/2246/2191
f 2313/2306/2252 2254/2307/2193 2253/2248/2192
f 2314/2308/2253 2255/2249/2194 2254/2307/2193
f 2315/2309/2254 2256/2310/2195 2255/2249/2194
f 2316/2311/2255 2257/2250/2196 2256/2310/2195
f 2317/2312/2256 2258/2252/2197 2257/2250/2196
f 2318/2313/2257 2259/2253/2198 2258/2252/2197
f 2319/2314/2258 2260/2255/2199 2259/2253/2198
f 2320/2315/2259 2261/2316/2200 2260/2255/2199
f 2261/2316/2200 2322/2317/2261 2262/2256/2201
f 2322/2317/2261 2263/2257/2202 2262/2256/2201
f 2263/2257/2202 2324/2318/2263 2264/2258/2203
f 2264/2258/2203 2325/2319/2264 2265/2259/2204
f 2265/2259/2204 2326/2320/2265 2266/2260/2205
f 2266/2260/2205 2327/2321/2266 2267/2261/2206
f 2267/2261/2206 2328/2322/2267 2268/2262/2207
f 2268/2262/2207 2329/2323/2268 2269/2263/2208
f 2269/2263/2208 2330/2324/2269 2270/2264/2209
f 2270/2264/2209 2331/2325/2270 2271/2265/2210
f 2271/2265/2210 2332/2326/2271 2272/2266/2211
f 2272/2266/2211 2333/2327/2272 2273/2267/2212
f 2273/2267/2212 2334/2328/2273 2274/2268/2213
f 2274/2268/2213 2335/2329/2274 2275/2269/2214
f 2275/2269/2214 2336/2330/2275 2276/2270/2215
f 2276/2270/2215 2337/2331/2276 2277/2271/2216
f 2277/2271/2216 2338/2332/2277 2278/2272/2217
f 2278/2272/2217 2339/2333/2278 2279/2273/2218
f 2279/2273/2218 2340/2334/2279 2280/2274/2219
f 2281/2335/2220 2342/2336/2281 2282/2276/2221
f 2282/2276/2221 2343/2337/2282 2283/2277/2222
f 2283/2277/2222 2344/2338/2283 2284/2278/2223
f 2284/2278/2223 2345/2339/2284 2285/2279/2224
f 2285/2279/2224 2346/2340/2285 2286/2280/2225
f 2286/2280/2225 2347/2341/2286 2287/2342/2226
f 2287/2342/2226 2348/2343/2287 2288/2282/2227
f 2288/2282/2227 2349/2344/2288 2289/2283/2228
f 2289/2283/2228 2350/2345/2289 2290/2284/2229
f 2290/2284/2229 2351/2346/2290 2291/2285/2230
f 2291/2285/2230 2352/2347/2291 2292/2286/2231
f 2292/2286/2231 2353/2348/2292 2293/2287/2232
f 2293/2287/2232 2354/2349/2293 2294/2288/2233
f 2294/2288/2233 2355/2350/2294 2295/2289/2234
f 2295/2289/2234 2356/2351/2295 2296/2290/2235
f 2356/2351/2295 2297/2291/2236 2296/2290/2235
f 2357/2352/2296 2298/2353/2237 2297/2291/2236
f 2298/2353/2237 2359/2354/2298 2299/2292/2238
f 2299/2292/2238 2360/2355/2299 2300/2356/2239
f 2300/2356/2239 2361/2357/2300 2301/2293/2240
f 2301/2293/2240 2362/2358/2301 2302/2295/2241
f 2362/2358/2301 2303/2296/2242 2302/2295/2241
f 2363/2359/2302 2304/2297/2243 2303/2296/2242
f 2364/2360/2303 2305/2298/2244 2304/2297/2243
f 2365/2361/2304 2306/2299/2245 2305/2298/2244
f 2366/2362/2305 2307/2300/2246 2306/2299/2245
f 2367/2363/2306 2308/2301/2247 2307/2300/2246
f 2368/2364/2307 2309/2302/2248 2308/2301/2247
f 2369/2365/2308 2310/2303/2249 2309/2302/2248
f 2370/2366/2309 2311/2304/2250 2310/2303/2249
f 2371/2367/2310 2312/2305/2251 2311/2304/2250
f 2372/2368/2311 2313/2306/2252 2312/2305/2251
f 2313/2306/2252 2374/2369/2313 2314/2308/2253
f 2314/2308/2253 2375/2370/2314 2315/2309/2254
f 2375/2370/2314 2316/2311/2255 2315/2309/2254
f 2376/2371/2315 2317/2312/2256 2316/2311/2255
f 2377/2372/2316 2318/2313/2257 2317/2312/2256
f 2378/2373/2317 2319/2314/2258 2318/2313/2257
f 2379/2374/2318 2320/2315/2259 2319/2314/2258
f 2380/2375/2319 2321/2376/2260 2320/2315/2259
f 2321/2376/2260 2382/2377/2321 2322/2317/2261
f 2322/2317/2261 2383/2378/2322 2323/2379/2262
f 2383/2378/2322 2324/2318/2263 2323/2379/2262
f 2384/2380/2323 2325/2319/2264 2324/2318/2263
f 2385/2381/2324 2326/2320/2265 2325/2319/2264
f 2326/2320/2265 2387/2382/2326 2327/2321/2266
f 2327/2321/2266 2388/2383/2327 2328/2322/2267
f 2328/2322/2267 2389/2384/2328 2329/2323/2268
f 2329/2323/2268 2390/2385/2329 2330/2324/2269
f 2330/2324/2269 2391/2386/2330 2331/2325/2270
f 2331/2325/2270 2392/2387/2331 2332/2326/2271
f 2332/2326/2271 2393/2388/2332 2333/2327/2272
f 2333/2327/2272 2394/2389/2333 2334/2328/2273
f 2334/2328/2273 2395/2390/2334 2335/2329/2274
f 2335/2329/2274 2396/2391/2335 2336/2330/2275
f 2336/2330/2275 2397/2392/2336 2337/2331/2276
f 2337/2331/2276 2398/2393/2337 2338/2332/2277
f 2338/2332/2277 2399/2394/2338 2339/2333/2278
f 2339/2333/2278 2400/2395/2339 2340/2334/2279
f 2341/2396/2280 2402/2397/2341 2342/2336/2281
f 2342/2336/2281 2403/2398/2342 2343/2337/2282
f 2343/2337/2282 2404/2399/2343 2344/2338/2283
f 2344/2338/2283 2405/2400/2344 2345/2339/2284
f 2345/2339/2284 2406/2401/2345 2346/2340/2285
f 2346/2340/2285 2407/2402/2346 2347/2341/2286
f 2347/2341/2286 2408/2403/2347 2348/2343/2287
f 2348/2343/2287 2409/2404/2348 2349/2344/2288
f 2349/2344/2288 2410/2405/2349 2350/2345/2289
f 2350/2345/2289 2411/2406/2350 2351/2346/2290
f 2351/2346/2290 2412/2407/2351 2352/2347/2291
f 2352/2347/2291 2413/2408/2352 2353/2348/2292
f 2353/2348/2292 2414/2409/2353 2354/2349/2293
f 2354/2349/2293 2415/2410/2354 2355/2350/2294
f 2355/2350/2294 2416/2411/2355 2356/2351/2295
f 2416/2411/2355 2357/2352/2296 2356/2351/2295
f 2357/2352/2296 2418/2412/2357 2358/2413/2297
f 2358/2413/2297 2419/2414/2358 2359/2354/2298
f 2359/2354/2298 2420/2415/2359 2360/2355/2299
f 2420/2415/2359 2361/2357/2300 2360/2355/2299
f 2361/2357/2300 2422/2416/2361 2362/2358/2301
f 2422/2416/2361 2363/2359/2302 2362/2358/2301
f 2423/2417/2362 2364/2360/2303 2363/2359/2302
f 2424/2418/2363 2365/2361/2304 2364/2360/2303
f 2425/2419/2364 2366/2362/2305 2365/2361/2304
f 2426/2420/2365 2367/2363/2306 2366/2362/2305
f 2427/2421/2366 2368/2364/2307 2367/2363/2306
f 2428/2422/2367 2369/2365/2308 2368/2364/2307
f 2369/2365/2308 2430/2423/2369 2370/2366/2309
f 2370/2366/2309 2431/2424/2370 2371/2367/2310
f 2431/2424/2370 2372/2368/2311 2371/2367/2310
f 2432/2425/2371 2373/2426/2312 2372/2368/2311
f 2373/2426/2312 2434/2427/2373 2374/2369/2313
f 2374/2369/2313 2435/2428/2374 2375/2370/2314
f 2435/2428/2374 2376/2371/2315 2375/2370/2314
f 2436/2429/2375 2377/2372/2316 2376/2371/2315
f 2437/2430/2376 2378/2373/2317 2377/2372/2316
f 2438/2431/2377 2379/2374/2318 2378/2373/2317
f 2439/2432/2378 2380/2375/2319 2379/2374/2318
f 2380/2375/2319 2441/2433/2380 2381/2434/2320
f 2381/2434/2320 2442/2435/2381 2382/2377/2321
f 2442/2435/2381 2383/2378/2322 2382/2377/2321
f 2443/2436/2382 2384/2380/2323 2383/2378/2322
f 2444/2437/2383 2385/2381/2324 2384/2380/2323
f 2445/2438/2384 2386/2439/2325 2385/2381/2324
f 2446/2440/2385 2387/2382/2326 2386/2439/2325
f 2447/2441/2386 2388/2383/2327 2387/2382/2326
f 2448/2442/2387 2389/2384/2328 2388/2383/2327
f 2389/2384/2328 2450/2443/2389 2390/2385/2329
f 2390/2385/2329 2451/2444/2390 2391/2386/2330
f 2391/2386/2330 2452/2445/2391 2392/2387/2331
f 2392/2387/2331 2453/2446/2392 2393/2388/2332
f 2393/2388/2332 2454/2447/2393 2394/2389/2333
f 2394/2389/2333 2455/2448/2394 2395/2390/2334
f 2395/2390/2334 2456/2449/2395 2396/2391/2335
f 2396/2391/2335 2457/2450/2396 2397/2392/2336
f 2397/2392/2336 2458/2451/2397 2398/2393/2337
f 2398/2393/2337 2459/2452/2398 2399/2394/2338
f 2459/2452/2398 2400/2395/2339 2399/2394/2338
f 2401/2453/2340 2462/2454/2401 2402/2397/2341
f 2402/2397/2341 2463/2455/2402 2403/2398/2342
f 2403/2398/2342 2464/2456/2403 2404/2399/2343
f 2404/2399/2343 2465/2457/2404 2405/2400/2344
f 2405/2400/2344 2466/2458/2405 2406/2401/2345
f 2406/2401/2345 2467/2459/2406 2407/2402/2346
f 2467/2459/2406 2408/2403/2347 2407/2402/2346
f 2468/2460/2407 2409/2404/2348 2408/2403/2347
f 2469/2461/2408 2410/2405/2349 2409/2404/2348
f 2470/2462/2409 2411/2406/2350 2410/2405/2349
f 2471/2463/2410 2412/2407/2351 2411/2406/2350
f 2472/2464/2411 2413/2408/2352 2412/2407/2351
f 2473/2465/2412 2414/2409/2353 2413/2408/2352
f 2474/2466/2413 2415/2410/2354 2414/2409/2353
f 2475/2467/2414 2416/2411/2355 2415/2410/2354
f 2416/2411/2355 2477/2468/2416 2417/2469/2356
f 2477/2468/2416 2418/2412/2357 2417/2469/2356
f 2478/2470/2417 2419/2414/2358 2418/2412/2357
f 2419/2414/2358 2480/2471/2419 2420/2415/2359
f 2480/2471/2419 2421/2472/2360 2420/2415/2359
f 2481/2473/2420 2422/2416/2361 2421/2472/2360
f 2482/2474/2421 2423/2417/2362 2422/2416/2361
f 2483/2475/2422 2424/2418/2363 2423/2417/2362
f 2484/2476/2423 2425/2419/2364 2424/2418/2363
f 2485/2477/2424 2426/2420/2365 2425/2419/2364
f 2486/2478/2425 2427/2421/2366 2426/2420/2365
f 2487/2479/2426 2428/2422/2367 2427/2421/2366
f 2488/2480/2427 2429/2481/2368 2428/2422/2367
f 2429/2481/2368 2490/2482/2429 2430/2423/2369
f 2430/2423/2369 2491/2483/2430 2431/2424/2370
f 2431/2424/2370 2492/2484/2431 2432/2425/2371
f 2492/2484/2431 2433/2485/2372 2432/2425/2371
f 2433/2485/2372 2494/2486/2433 2434/2427/2373
f 2494/2486/2433 2435/2428/2374 2434/2427/2373
f 2495/2487/2434 2436/2429/2375 2435/2428/2374
f 2496/2488/2435 2437/2430/2376 2436/2429/2375
f 2497/2489/2436 2438/2431/2377 2437/2430/2376
f 2498/2490/2437 2439/2432/2378 2438/2431/2377
f 2499/2491/2438 2440/2492/2379 2439/2432/2378
f 2440/2492/2379 2501/2493/2440 2441/2433/2380
f 2441/2433/2380 2502/2494/2441 2442/2435/2381
f 2502/2494/2441 2443/2436/2382 2442/2435/2381
f 2503/2495/2442 2444/2437/2383 2443/2436/2382
f 2504/2496/2443 2445/2438/2384 2444/2437/2383
f 2445/2438/2384 2506/2497/2445 2446/2440/2385
f 2446/2440/2385 2507/2498/2446 2447/2441/2386
f 2507/2498/2446 2448/2442/2387 2447/2441/2386
f 2448/2442/2387 2509/2499/2448 2449/2500/2388
f 2449/2500/2388 2510/2501/2449 2450/2443/2389
f 2450/2443/2389 2511/2502/2450 2451/2444/2390
f 2451/2444/2390 2512/2503/2451 2452/2445/2391
f 2452/2445/2391 2513/2504/2452 2453/2446/2392
f 2453/2446/2392 2514/2505/2453 2454/2447/2393
f 2454/2447/2393 2515/2506/2454 2455/2448/2394
f 2455/2448/2394 2516/2507/2455 2456/2449/2395
f 2456/2449/2395 2517/2508/2456 2457/2450/2396
f 2457/2450/2396 2518/2509/2457 2458/2451/2397
f 2518/2509/2457 2459/2452/2398 2458/2451/2397
f 2519/2510/2458 2460/2511/2399 2459/2452/2398
f 2461/2512/2400 2522/2513/2461 2462/2454/2401
f 2462/2454/2401 2523/2514/2462 2463/2455/2402
f 2463/2455/2402 2524/2515/2463 2464/2456/2403
f 2524/2515/2463 2465/2457/2404 2464/2456/2403
f 2525/2516/2464 2466/2458/2405 2465/2457/2404
f 2526/2517/2465 2467/2459/2406 2466/2458/2405
f 2527/2518/2466 2468/2460/2407 2467/2459/2406
f 2528/2519/2467 2469/2461/2408 2468/2460/2407
f 2529/2520/2468 2470/2462/2409 2469/2461/2408
f 2530/2521/2469 2471/2463/2410 2470/2462/2409
f 2531/2522/2470 2472/2464/2411 2471/2463/2410
f 2472/2464/2411 2533/2523/2472 2473/2465/2412
f 2473/2465/2412 2534/2524/2473 2474/2466/2413
f 2474/2466/2413 2535/2525/2474 2475/2467/2414
f 2475/2467/2414 2536/2526/2475 2476/2527/2415
f 2536/2526/2475 2477/2468/2416 2476/2527/2415
f 2477/2468/2416 2538/2528/2477 2478/2470/2417
f 2538/2528/2477 2479/2529/2418 2478/2470/2417
f 2539/2530/2478 2480/2471/2419 2479/2529/2418
f 2540/2531/2479 2481/2473/2420 2480/2471/2419
f 2541/2532/2480 2482/2474/2421 2481/2473/2420
f 2542/2533/2481 2483/2475/2422 2482/2474/2421
f 2543/2534/2482 2484/2476/2423 2483/2475/2422
f 2544/2535/2483 2485/2477/2424 2484/2476/2423
f 2545/2536/2484 2486/2478/2425 2485/2477/2424
f 2546/2537/2485 2487/2479/2426 2486/2478/2425
f 2547/2538/2486 2488/2480/2427 2487/2479/2426
f 2548/2539/2487 2489/2540/2428 2488/2480/2427
f 2549/2541/2488 2490/2482/2429 2489/2540/2428
f 2490/2482/2429 2551/2542/2490 2491/2483/2430
f 2491/2483/2430 2552/2543/2491 2492/2484/2431
f 2492/2484/2431 2553/2544/2492 2493/2545/2432
f 2553/2544/2492 2494/2486/2433 2493/2545/2432
f 2554/2546/2493 2495/2487/2434 2494/2486/2433
f 2555/2547/2494 2496/2488/2435 2495/2487/2434
f 2556/2548/2495 2497/2489/2436 2496/2488/2435
f 2557/2549/2496 2498/2490/2437 2497/2489/2436
f 2558/2550/2497 2499/2491/2438 2498/2490/2437
f 2559/2551/2498 2500/2552/2439 2499/2491/2438
f 2560/2553/2499 2501/2493/2440 2500/2552/2439
f 2561/2554/2500 2502/2494/2441 2501/2493/2440
f 2562/2555/2501 2503/2495/2442 2502/2494/2441
f 2563/2556/2502 2504/2496/2443 2503/2495/2442
f 2564/2557/2503 2505/2558/2444 2504/2496/2443
f 2505/2558/2444 2566/2559/2505 2506/2497/2445
f 2506/2497/2445 2567/2560/2506 2507/2498/2446
f 2507/2498/2446 2568/2561/2507 2508/2562/2447
f 2508/2562/2447 2569/2563/2508 2509/2499/2448
f 2509/2499/2448 2570/2564/2509 2510/2501/2449
f 2510/2501/2449 2571/2565/2510 2511/2502/2450
f 2511/2502/2450 2572/2566/2511 2512/2503/2451
f 2512/2503/2451 2573/2567/2512 2513/2504/2452
f 2513/2504/2452 2574/2568/2513 2514/2505/2453
f 2514/2505/2453 2575/2569/2514 2515/2506/2454
f 2515/2506/2454 2576/2570/2515 2516/2507/2455
f 2516/2507/2455 2577/2571/2516 2517/2508/2456
f 2517/2508/2456 2578/2572/2517 2518/2509/2457
f 2578/2572/2517 2519/2510/2458 2518/2509/2457
f 2579/2573/2518 2520/2574/2459 2519/2510/2458
f 2521/2575/2460 2582/2576/2521 2522/2513/2461
f 2522/2513/2461 2583/2577/2522 2523/2514/2462
f 2523/2514/2462 2584/2578/2523 2524/2515/2463
f 2524/2515/2463 2585/2579/2524 2525/2516/2464
f 2525/2516/2464 2586/2580/2525 2526/2517/2465
f 2526/2517/2465 2587/2581/2526 2527/2518/2466
f 2527/2518/2466 2588/2582/2527 2528/2519/2467
f 2528/2519/2467 2589/2583/2528 2529/2520/2468
f 2589/2583/2528 2530/2521/2469 2529/2520/2468
f 2590/2584/2529 2531/2522/2470 2530/2521/2469
f 2591/2585/2530 2532/2586/2471 2531/2522/2470
f 2592/2587/2531 2533/2523/2472 2532/2586/2471
f 2533/2523/2472 2594/2588/2533 2534/2524/2473
f 2534/2524/2473 2595/2589/2534 2535/2525/2474
f 2535/2525/2474 2596/2590/2535 2536/2526/2475
f 2536/2526/2475 2597/2591/2536 2537/2592/2476
f 2597/2591/2536 2538/2528/2477 2537/2592/2476
f 2598/2593/2537 2539/2530/2478 2538/2528/2477
f 2599/2594/2538 2540/2531/2479 2539/2530/2478
f 2600/2595/2539 2541/2532/2480 2540/2531/2479
f 2601/2596/2540 2542/2533/2481 2541/2532/2480
f 2602/2597/2541 2543/2534/2482 2542/2533/2481
f 2603/2598/2542 2544/2535/2483 2543/2534/2482
f 2604/2599/2543 2545/2536/2484 2544/2535/2483
f 2605/2600/2544 2546/2537/2485 2545/2536/2484
f 2606/2601/2545 2547/2538/2486 2546/2537/2485
f 2607/2602/2546 2548/2539/2487 2547/2538/2486
f 2608/2603/2547 2549/2541/2488 2548/2539/2487
f 2609/2604/2548 2550/2605/2489 2549/2541/2488
f 2550/2605/2489 2611/2606/2550 2551/2542/2490
f 2551/2542/2490 2612/2607/2551 2552/2543/2491
f 2552/2543/2491 2613/2608/2552 2553/2544/2492
f 2613/2608/2552 2554/2546/2493 2553/2544/2492
f 2614/2609/2553 2555/2547/2494 2554/2546/2493
f 2555/2547/2494 2616/2610/2555 2556/2548/2495
f 2556/2548/2495 2617/2611/2556 2557/2549/2496
f 2557/2549/2496 2618/2612/2557 2558/2550/2497
f 2558/2550/2497 2619/2613/2558 2559/2551/2498
f 2559/2551/2498 2620/2614/2559 2560/2553/2499
f 2560/2553/2499 2621/2615/2560 2561/2554/2500
f 2561/2554/2500 2622/2616/2561 2562/2555/2501
f 2562/2555/2501 2623/2617/2562 2563/2556/2502
f 2563/2556/2502 2624/2618/2563 2564/2557/2503
f 2564/2557/2503 2625/2619/2564 2565/2620/2504
f 2565/2620/2504 2626/2621/2565 2566/2559/2505
f 2566/2559/2505 2627/2622/2566 2567/2560/2506
f 2567/2560/2506 2628/2623/2567 2568/2561/2507
f 2628/2623/2567 2569/2563/2508 2568/2561/2507
f 2569/2563/2508 2630/2624/2569 2570/2564/2509
f 2570/2564/2509 2631/2625/2570 2571/2565/2510
f 2571/2565/2510 2632/2626/2571 2572/2566/2511
f 2572/2566/2511 2633/2627/2572 2573/2567/2512
f 2573/2567/2512 2634/2628/2573 2574/2568/2513
f 2574/2568/2513 2635/2629/2574 2575/2569/2514
f 2575/2569/2514 2636/2630/2575 2576/2570/2515
f 2576/2570/2515 2637/2631/2576 2577/2571/2516
f 2577/2571/2516 2638/2632/2577 2578/2572/2517
f 2638/2632/2577 2579/2573/2518 2578/2572/2517
f 2639/2633/2578 2580/2634/2519 2579/2573/2518
f 2581/2635/2520 2642/2636/2581 2582/2576/2521
f 2582/2576/2521 2643/2637/2582 2583/2577/2522
f 2583/2577/2522 2644/2638/2583 2584/2578/2523
f 2584/2578/2523 2645/2639/2584 2585/2579/2524
f 2585/2579/2524 2646/2640/2585 2586/2580/2525
f 2586/2580/2525 2647/2641/2586 2587/2581/2526
f 2587/2581/2526 2648/2642/2587 2588/2582/2527
f 2588/2582/2527 2649/2643/2588 2589/2583/2528
f 2589/2583/2528 2650/2644/2589 2590/2584/2529
f 2590/2584/2529 2651/2645/2590 2591/2585/2530
f 2651/2645/2590 2592/2587/2531 2591/2585/2530
f 2652/2646/2591 2593/2647/2532 2592/2587/2531
f 2593/2647/2532 2654/2648/2593 2594/2588/2533
f 2594/2588/2533 2655/2649/2594 2595/2589/2534
f 2595/2589/2534 2656/2650/2595 2596/2590/2535
f 2596/2590/2535 2657/2651/2596 2597/2591/2536
f 2657/2651/2596 2598/2593/2537 2597/2591/2536
f 2658/2652/2597 2599/2594/2538 2598/2593/2537
f 2659/2653/2598 2600/2595/2539 2599/2594/2538
f 2660/2654/2599 2601/2596/2540 2600/2595/2539
f 2661/2655/2600 2602/2597/2541 2601/2596/2540
f 2662/2656/2601 2603/2598/2542 2602/2597/2541
f 2663/2657/2602 2604/2599/2543 2603/2598/2542
f 2664/2658/2603 2605/2600/2544 2604/2599/2543
f 2665/2659/2604 2606/2601/2545 2605/2600/2544
f 2666/2660/2605 2607/2602/2546 2606/2601/2545
f 2667/2661/2606 2608/2603/2547 2607/2602/2546
f 2668/2662/2607 2609/2604/2548 2608/2603/2547
f 2669/2663/2608 2610/2664/2549 2609/2604/2548
f 2670/2665/2609 2611/2606/2550 2610/2664/2549
f 2671/2666/2610 2612/2607/2551 2611/2606/2550
f 2612/2607/2551 2673/2667/2612 2613/2608/2552
f 2673/2667/2612 2614/2609/2553 2613/2608/2552
f 2674/2668/2613 2615/2669/2554 2614/2609/2553
f 2615/2669/2554 2676/2670/2615 2616/2610/2555
f 2616/2610/2555 2677/2671/2616 2617/2611/2556
f 2617/2611/2556 2678/2672/2617 2618/2612/2557
f 2618/2612/2557 2679/2673/2618 2619/2613/2558
f 2619/2613/2558 2680/2674/2619 2620/2614/2559
f 2620/2614/2559 2681/2675/2620 2621/2615/2560
f 2621/2615/2560 2682/2676/2621 2622/2616/2561
f 2622/2616/2561 2683/2677/2622 2623/2617/2562
f 2623/2617/2562 2684/2678/2623 2624/2618/2563
f 2624/2618/2563 2685/2679/2624 2625/2619/2564
f 2625/2619/2564 2686/2680/2625 2626/2621/2565
f 2686/2680/2625 2627/2622/2566 2626/2621/2565
f 2627/2622/2566 2688/2681/2627 2628/2623/2567
f 2688/2681/2627 2629/2682/2568 2628/2623/2567
f 2689/2683/2628 2630/2624/2569 2629/2682/2568
f 2690/2684/2629 2631/2625/2570 2630/2624/2569
f 2631/2625/2570 2692/2685/2631 2632/2626/2571
f 2632/2626/2571 2693/2686/2632 2633/2627/2572
f 2633/2627/2572 2694/2687/2633 2634/2628/2573
f 2634/2628/2573 2695/2688/2634 2635/2629/2574
f 2635/2629/2574 2696/2689/2635 2636/2630/2575
f 2636/2630/2575 2697/2690/2636 2637/2631/2576
f 2637/2631/2576 2698/2691/2637 2638/2632/2577
f 2698/2691/2637 2639/2633/2578 2638/2632/2577
f 2699/2692/2638 2640/2693/2579 2639/2633/2578
f 2641/2694/2580 2702/2695/2641 2642/2636/2581
f 2642/2636/2581 2703/2696/2642 2643/2637/2582
f 2643/2637/2582 2704/2697/2643 2644/2638/2583
f 2644/2638/2583 2705/2698/2644 2645/2639/2584
f 2645/2639/2584 2706/2699/2645 2646/2640/2585
f 2646/2640/2585 2707/2700/2646 2647/2641/2586
f 2647/2641/2586 2708/2701/2647 2648/2642/2587
f 2648/2642/2587 2709/2702/2648 2649/2643/2588
f 2649/2643/2588 2710/2703/2649 2650/2644/2589
f 2650/2644/2589 2711/2704/2650 2651/2645/2590
f 2711/2704/2650 2652/2646/2591 2651/2645/2590
f 2712/2705/2651 2653/2706/2592 2652/2646/2591
f 2653/2706/2592 2714/2707/2653 2654/2648/2593
f 2654/2648/2593 2715/2708/2654 2655/2649/2594
f 2655/2649/2594 2716/2709/2655 2656/2650/2595
f 2656/2650/2595 2717/2710/2656 2657/2651/2596
f 2717/2710/2656 2658/2652/2597 2657/2651/2596
f 2718/2711/2657 2659/2653/2598 2658/2652/2597
f 2719/2712/2658 2660/2654/2599 2659/2653/2598
f 2720/2713/2659 2661/2655/2600 2660/2654/2599
f 2661/2655/2600 2722/2714/2661 2662/2656/2601
f 2662/2656/2601 2723/2715/2662 2663/2657/2602
f 2663/2657/2602 2724/2716/2663 2664/2658/2603
f 2664/2658/2603 2725/2717/2664 2665/2659/2604
f 2665/2659/2604 2726/2718/2665 2666/2660/2605
f 2726/2718/2665 2667/2661/2606 2666/2660/2605
f 2667/2661/2606 2728/2719/2667 2668/2662/2607
f 2668/2662/2607 2729/2720/2668 2669/2663/2608
f 2669/2663/2608 2730/2721/2669 2670/2665/2609
f 2670/2665/2609 2731/2722/2670 2671/2666/2610
f 2671/2666/2610 2732/2723/2671 2672/2724/2611
f 2672/2724/2611 2733/2725/2672 2673/2667/2612
f 2733/2725/2672 2674/2668/2613 2673/2667/2612
f 2734/2726/2673 2675/2727/2614 2674/2668/2613
f 2675/2727/2614 2736/2728/2675 2676/2670/2615
f 2676/2670/2615 2737/2729/2676 2677/2671/2616
f 2737/2729/2676 2678/2672/2617 2677/2671/2616
f 2678/2672/2617 2739/2730/2678 2679/2673/2618
f 2679/2673/2618 2740/2731/2679 2680/2674/2619
f 2680/2674/2619 2741/2732/2680 2681/2675/2620
f 2681/2675/2620 2742/2733/2681 2682/2676/2621
f 2682/2676/2621 2743/2734/2682 2683/2677/2622
f 2683/2677/2622 2744/2735/2683 2684/2678/2623
f 2684/2678/2623 2745/2736/2684 2685/2679/2624
f 2685/2679/2624 2746/2737/2685 2686/2680/2625
f 2686/2680/2625 2747/2738/2686 2687/2739/2626
f 2747/2738/2686 2688/2681/2627 2687/2739/2626
f 2748/2740/2687 2689/2683/2628 2688/2681/2627
f 2749/2741/2688 2690/2684/2629 2689/2683/2628
f 2750/2742/2689 2691/2743/2630 2690/2684/2629
f 2751/2744/2690 2692/2685/2631 2691/2743/2630
f 2752/2745/2691 2693/2686/2632 2692/2685/2631
f 2753/2746/2692 2694/2687/2633 2693/2686/2632
f 2694/2687/2633 2755/2747/2694 2695/2688/2634
f 2695/2688/2634 2756/2748/2695 2696/2689/2635
f 2696/2689/2635 2757/2749/2696 2697/2690/2636
f 2757/2749/2696 2698/2691/2637 2697/2690/2636
f 2758/2750/2697 2699/2692/2638 2698/2691/2637
f 2759/2751/2698 2700/2752/2639 2699/2692/2638
f 2701/2753/2640 2762/2754/2701 2702/2695/2641
f 2702/2695/2641 2763/2755/2702 2703/2696/2642
f 2703/2696/2642 2764/2756/2703 2704/2697/2643
f 2704/2697/2643 2765/2757/2704 2705/2698/2644
f 2705/2698/2644 2766/2758/2705 2706/2699/2645
f 2706/2699/2645 2767/2759/2706 2707/2700/2646
f 2707/2700/2646 2768/2760/2707 2708/2701/2647
f 2708/2701/2647 2769/2761/2708 2709/2702/2648
f 2709/2702/2648 2770/2762/2709 2710/2703/2649
f 2710/2703/2649 2771/2763/2710 2711/2704/2650
f 2771/2763/2710 2712/2705/2651 2711/2704/2650
f 2712/2705/2651 2773/2764/2712 2713/2765/2652
f 2773/2764/2712 2714/2707/2653 2713/2765/2652
f 2714/2707/2653 2775/2766/2714 2715/2708/2654
f 2715/2708/2654 2776/2767/2715 2716/2709/2655
f 2716/2709/2655 2777/2768/2716 2717/2710/2656
f 2777/2768/2716 2718/2711/2657 2717/2710/2656
f 2778/2769/2717 2719/2712/2658 2718/2711/2657
f 2779/2770/2718 2720/2713/2659 2719/2712/2658
f 2780/2771/2719 2721/2772/2660 2720/2713/2659
f 2721/2772/2660 2782/2773/2721 2722/2714/2661
f 2722/2714/2661 2783/2774/2722 2723/2715/2662
f 2723/2715/2662 2784/2775/2723 2724/2716/2663
f 2724/2716/2663 2785/2776/2724 2725/2717/2664
f 2725/2717/2664 2786/2777/2725 2726/2718/2665
f 2726/2718/2665 2787/2778/2726 2727/2779/2666
f 2727/2779/2666 2788/2780/2727 2728/2719/2667
f 2728/2719/2667 2789/2781/2728 2729/2720/2668
f 2729/2720/2668 2790/2782/2729 2730/2721/2669
f 2730/2721/2669 2791/2783/2730 2731/2722/2670
f 2731/2722/2670 2792/2784/2731 2732/2723/2671
f 2732/2723/2671 2793/2785/2732 2733/2725/2672
f 2793/2785/2732 2734/2726/2673 2733/2725/2672
f 2794/2786/2733 2735/2787/2674 2734/2726/2673
f 2735/2787/2674 2796/2788/2735 2736/2728/2675
f 2736/2728/2675 2797/2789/2736 2737/2729/2676
f 2797/2789/2736 2738/2790/2677 2737/2729/2676
f 2798/2791/2737 2739/2730/2678 2738/2790/2677
f 2799/2792/2738 2740/2731/2679 2739/2730/2678
f 2800/2793/2739 2741/2732/2680 2740/2731/2679
f 2801/2794/2740 2742/2733/2681 2741/2732/2680
f 2802/2795/2741 2743/2734/2682 2742/2733/2681
f 2803/2796/2742 2744/2735/2683 2743/2734/2682
f 2744/2735/2683 2805/2797/2744 2745/2736/2684
f 2745/2736/2684 2806/2798/2745 2746/2737/2685
f 2746/2737/2685 2807/2799/2746 2747/2738/2686
f 2807/2799/2746 2748/2740/2687 2747/2738/2686
f 2808/2800/2747 2749/2741/2688 2748/2740/2687
f 2809/2801/2748 2750/2742/2689 2749/2741/2688
f 2810/2802/2749 2751/2744/2690 2750/2742/2689
f 2811/2803/2750 2752/2745/2691 2751/2744/2690
f 2812/2804/2751 2753/2746/2692 2752/2745/2691
f 2813/2805/2752 2754/2806/2693 2753/2746/2692
f 2814/2807/2753 2755/2747/2694 2754/2806/2693
f 2815/2808/2754 2756/2748/2695 2755/2747/2694
f 2756/2748/2695 2817/2809/2756 2757/2749/2696
f 2817/2809/2756 2758/2750/2697 2757/2749/2696
f 2818/2810/2757 2759/2751/2698 2758/2750/2697
f 2819/2811/2758 2760/2812/2699 2759/2751/2698
f 2761/2813/2700 2822/2814/2761 2762/2754/2701
f 2762/2754/2701 2823/2815/2762 2763/2755/2702
f 2763/2755/2702 2824/2816/2763 2764/2756/2703
f 2764/2756/2703 2825/2817/2764 2765/2757/2704
f 2765/2757/2704 2826/2818/2765 2766/2758/2705
f 2766/2758/2705 2827/2819/2766 2767/2759/2706
f 2767/2759/2706 2828/2820/2767 2768/2760/2707
f 2768/2760/2707 2829/2821/2768 2769/2761/2708
f 2769/2761/2708 2830/2822/2769 2770/2762/2709
f 2770/2762/2709 2831/2823/2770 2771/2763/2710
f 2771/2763/2710 2832/2824/2771 2772/2825/2711
f 2772/2825/2711 2833/2826/2772 2773/2764/2712
f 2773/2764/2712 2834/2827/2773 2774/2828/2713
f 2774/2828/2713 2835/2829/2774 2775/2766/2714
f 2775/2766/2714 2836/2830/2775 2776/2767/2715
f 2776/2767/2715 2837/2831/2776 2777/2768/2716
f 2837/2831/2776 2778/2769/2717 2777/2768/2716
f 2778/2769/2717 2839/2832/2778 2779/2770/2718
f 2779/2770/2718 2840/2833/2779 2780/2771/2719
f 2840/2833/2779 2781/2834/2720 2780/2771/2719
f 2841/2835/2780 2782/2773/2721 2781/2834/2720
f 2842/2836/2781 2783/2774/2722 2782/2773/2721
f 2843/2837/2782 2784/2775/2723 2783/2774/2722
f 2844/2838/2783 2785/2776/2724 2784/2775/2723
f 2785/2776/2724 2846/2839/2785 2786/2777/2725
f 2786/2777/2725 2847/2840/2786 2787/2778/2726
f 2787/2778/2726 2848/2841/2787 2788/2780/2727
f 2788/2780/2727 2849/2842/2788 2789/2781/2728
f 2789/2781/2728 2850/2843/2789 2790/2782/2729
f 2790/2782/2729 2851/2844/2790 2791/2783/2730
f 2791/2783/2730 2852/2845/2791 2792/2784/2731
f 2792/2784/2731 2853/2846/2792 2793/2785/2732
f 2853/2846/2792 2794/2786/2733 2793/2785/2732
f 2854/2847/2793 2795/2848/2734 2794/2786/2733
f 2795/2848/2734 2856/2849/2795 2796/2788/2735
f 2796/2788/2735 2857/2850/2796 2797/2789/2736
f 2797/2789/2736 2858/2851/2797 2798/2791/2737
f 2798/2791/2737 2859/2852/2798 2799/2792/2738
f 2859/2852/2798 2800/2793/2739 2799/2792/2738
f 2860/2853/2799 2801/2794/2740 2800/2793/2739
f 2861/2854/2800 2802/2795/2741 2801/2794/2740
f 2862/2855/2801 2803/2796/2742 2802/2795/2741
f 2863/2856/2802 2804/2857/2743 2803/2796/2742
f 2864/2858/2803 2805/2797/2744 2804/2857/2743
f 2865/2859/2804 2806/2798/2745 2805/2797/2744
f 2866/2860/2805 2807/2799/2746 2806/2798/2745
f 2867/2861/2806 2808/2800/2747 2807/2799/2746
f 2868/2862/2807 2809/2801/2748 2808/2800/2747
f 2869/2863/2808 2810/2802/2749 2809/2801/2748
f 2870/2864/2809 2811/2803/2750 2810/2802/2749
f 2871/2865/2810 2812/2804/2751 2811/2803/2750
f 2872/2866/2811 2813/2805/2752 2812/2804/2751
f 2873/2867/2812 2814/2807/2753 2813/2805/2752
f 2874/2868/2813 2815/2808/2754 2814/2807/2753
f 2875/2869/2814 2816/2870/2755 2815/2808/2754
f 2876/2871/2815 2817/2809/2756 2816/2870/2755
f 2877/2872/2816 2818/2810/2757 2817/2809/2756
f 2878/2873/2817 2819/2811/2758 2818/2810/2757
f 2879/2874/2818 2820/2875/2759 2819/2811/2758
f 2881/2876/2820 2822/2814/2761 2821/2877/2760
f 2822/2814/2761 2883/2878/2822 2823/2815/2762
f 2823/2815/2762 2884/2879/2823 2824/2816/2763
f 2824/2816/2763 2885/2880/2824 2825/2817/2764
f 2825/2817/2764 2886/2881/2825 2826/2818/2765
f 2826/2818/2765 2887/2882/2826 2827/2819/2766
f 2827/2819/2766 2888/2883/2827 2828/2820/2767
f 2828/2820/2767 2889/2884/2828 2829/2821/2768
f 2829/2821/2768 2890/2885/2829 2830/2822/2769
f 2830/2822/2769 2891/2886/2830 2831/2823/2770
f 2831/2823/2770 2892/2887/2831 2832/2824/2771
f 2832/2824/2771 2893/2888/2832 2833/2826/2772
f 2833/2826/2772 2894/2889/2833 2834/2827/2773
f 2834/2827/2773 2895/2890/2834 2835/2829/2774
f 2835/2829/2774 2896/2891/2835 2836/2830/2775
f 2836/2830/2775 2897/2892/2836 2837/2831/2776
f 2837/2831/2776 2898/2893/2837 2838/2894/2777
f 2898/2893/2837 2839/2832/2778 2838/2894/2777
f 2899/2895/2838 2840/2833/2779 2839/2832/2778
f 2900/2896/2839 2841/2835/2780 2840/2833/2779
f 2901/2897/2840 2842/2836/2781 2841/2835/2780
f 2902/2898/2841 2843/2837/2782 2842/2836/2781
f 2903/2899/2842 2844/2838/2783 2843/2837/2782
f 2844/2838/2783 2905/2900/2844 2845/2901/2784
f 2845/2901/2784 2906/2902/2845 2846/2839/2785
f 2846/2839/2785 2907/2903/2846 2847/2840/2786
f 2847/2840/2786 2908/2904/2847 2848/2841/2787
f 2848/2841/2787 2909/2905/2848 2849/2842/2788
f 2849/2842/2788 2910/2906/2849 2850/2843/2789
f 2850/2843/2789 2911/2907/2850 2851/2844/2790
f 2851/2844/2790 2912/2908/2851 2852/2845/2791
f 2852/2845/2791 2913/2909/2852 2853/2846/2792
f 2913/2909/2852 2854/2847/2793 2853/2846/2792
f 2854/2847/2793 2915/2910/2854 2855/2911/2794
f 2855/2911/2794 2916/2912/2855 2856/2849/2795
f 2856/2849/2795 2917/2913/2856 2857/2850/2796
f 2857/2850/2796 2918/2914/2857 2858/2851/2797
f 2858/2851/2797 2919/2915/2858 2859/2852/2798
f 2919/2915/2858 2860/2853/2799 2859/2852/2798
f 2920/2916/2859 2861/2854/2800 2860/2853/2799
f 2921/2917/2860 2862/2855/2801 2861/2854/2800
f 2922/2918/2861 2863/2856/2802 2862/2855/2801
f 2923/2919/2862 2864/2858/2803 2863/2856/2802
f 2924/2920/2863 2865/2859/2804 2864/2858/2803
f 2925/2921/2864 2866/2860/2805 2865/2859/2804
f 2926/2922/2865 2867/2861/2806 2866/2860/2805
f 2927/2923/2866 2868/2862/2807 2867/2861/2806
f 2928/2924/2867 2869/2863/2808 2868/2862/2807
f 2929/2925/2868 2870/2864/2809 2869/2863/2808
f 2930/2926/2869 2871/2865/2810 2870/2864/2809
f 2931/2927/2870 2872/2866/2811 2871/2865/2810
f 2932/2928/2871 2873/2867/2812 2872/2866/2811
f 2933/2929/2872 2874/2868/2813 2873/2867/2812
f 2934/2930/2873 2875/2869/2814 2874/2868/2813
f 2935/2931/2874 2876/2871/2815 2875/2869/2814
f 2936/2932/2875 2877/2872/2816 2876/2871/2815
f 2937/2933/2876 2878/2873/2817 2877/2872/2816
f 2938/2934/2877 2879/2874/2818 2878/2873/2817
f 2939/2935/2878 2880/2936/2819 2879/2874/2818
f 2941/2937/6 2882/2938/2821 2881/2876/2820
f 2882/2938/2821 2943/2939/2880 2883/2878/2822
f 2883/2878/2822 2944/2940/2881 2884/2879/2823
f 2884/2879/2823 2945/2941/2882 2885/2880/2824
f 2885/2880/2824 2946/2942/2883 2886/2881/2825
f 2886/2881/2825 2947/2943/2884 2887/2882/2826
f 2887/2882/2826 2948/2944/2885 2888/2883/2827
f 2888/2883/2827 2949/2945/2886 2889/2884/2828
f 2889/2884/2828 2950/2946/2887 2890/2885/2829
f 2890/2885/2829 2951/2947/2888 2891/2886/2830
f 2891/2886/2830 2952/2948/2889 2892/2887/2831
f 2892/2887/2831 2953/2949/2890 2893/2888/2832
f 2893/2888/2832 2954/2950/2891 2894/2889/2833
f 2894/2889/2833 2955/2951/2892 2895/2890/2834
f 2895/2890/2834 2956/2952/2893 2896/2891/2835
f 2896/2891/2835 2957/2953/2894 2897/2892/2836
f 2897/2892/2836 2958/2954/2895 2898/2893/2837
f 2958/2954/2895 2899/2895/2838 2898/2893/2837
f 2959/2955/2896 2900/2896/2839 2899/2895/2838
f 2960/2956/2897 2901/2897/2840 2900/2896/2839
f 2961/2957/2898 2902/2898/2841 2901/2897/2840
f 2962/2958/2899 2903/2899/2842 2902/2898/2841
f 2903/2899/2842 2964/2959/2901 2904/2960/2843
f 2964/2959/2901 2905/2900/2844 2904/2960/2843
f 2905/2900/2844 2966/2961/2903 2906/2902/2845
f 2906/2902/2845 2967/2962/2904 2907/2903/2846
f 2907/2903/2846 2968/2963/2905 2908/2904/2847
f 2908/2904/2847 2969/2964/2906 2909/2905/2848
f 2909/2905/2848 2970/2965/2907 2910/2906/2849
f 2910/2906/2849 2971/2966/2908 2911/2907/2850
f 2911/2907/2850 2972/2967/2909 2912/2908/2851
f 2972/2967/2909 2913/2909/2852 2912/2908/2851
f 2913/2909/2852 2974/2968/2911 2914/2969/2853
f 2914/2969/2853 2975/2970/2912 2915/2910/2854
f 2915/2910/2854 2976/2971/2913 2916/2912/2855
f 2916/2912/2855 2977/2972/2914 2917/2913/2856
f 2917/2913/2856 2978/2973/2915 2918/2914/2857
f 2918/2914/2857 2979/2974/2916 2919/2915/2858
f 2919/2915/2858 2980/2975/2917 2920/2916/2859
f 2980/2975/2917 2921/2917/2860 2920/2916/2859
f 2981/2976/2918 2922/2918/2861 2921/2917/2860
f 2982/2977/2919 2923/2919/2862 2922/2918/2861
f 2983/2978/2920 2924/2920/2863 2923/2919/2862
f 2984/2979/2921 2925/2921/2864 2924/2920/2863
f 2985/2980/2922 2926/2922/2865 2925/2921/2864
f 2986/2981/2923 2927/2923/2866 2926/2922/2865
f 2987/2982/2924 2928/2924/2867 2927/2923/2866
f 2988/2983/2925 2929/2925/2868 2928/2924/2867
f 2989/2984/2926 2930/2926/2869 2929/2925/2868
f 2990/2985/2927 2931/2927/2870 2930/2926/2869
f 2991/2986/2928 2932/2928/2871 2931/2927/2870
f 2992/2987/2929 2933/2929/2872 2932/2928/2871
f 2993/2988/2930 2934/2930/2873 2933/2929/2872
f 2994/2989/2931 2935/2931/2874 2934/2930/2873
f 2995/2990/2932 2936/2932/2875 2935/2931/2874
f 2996/2991/2933 2937/2933/2876 2936/2932/2875
f 2997/2992/2934 2938/2934/2877 2937/2933/2876
f 2998/2993/2935 2939/2935/2878 2938/2934/2877
f 2999/2994/2936 2940/2995/6 2939/2935/2878
f 3001/2996/6 2942/2997/2879 2941/2937/6
f 2942/2997/2879 3003/2998/2938 2943/2939/2880
f 2943/2939/2880 3004/2999/2939 2944/2940/2881
f 2944/2940/2881 3005/3000/2940 2945/2941/2882
f 2945/2941/2882 3006/3001/2941 2946/2942/2883
f 2946/2942/2883 3007/3002/2942 2947/2943/2884
f 2947/2943/2884 3008/3003/2943 2948/2944/2885
f 2948/2944/2885 3009/3004/2944 2949/2945/2886
f 2949/2945/2886 3010/3005/2945 2950/2946/2887
f 2950/2946/2887 3011/3006/2946 2951/2947/2888
f 2951/2947/2888 3012/3007/2947 2952/2948/2889
f 2952/2948/2889 3013/3008/2948 2953/2949/2890
f 2953/2949/2890 3014/3009/2949 2954/2950/2891
f 2954/2950/2891 3015/3010/2950 2955/2951/2892
f 2955/2951/2892 3016/3011/2951 2956/2952/2893
f 2956/2952/2893 3017/3012/2952 2957/2953/2894
f 2957/2953/2894 3018/3013/2953 2958/2954/2895
f 3018/3013/2953 2959/2955/2896 2958/2954/2895
f 3019/3014/2954 2960/2956/2897 2959/2955/2896
f 3020/3015/2955 2961/2957/2898 2960/2956/2897
f 3021/3016/2956 2962/2958/2899 2961/2957/2898
f 3022/3017/2957 2963/3018/2900 2962/2958/2899
f 3023/3019/2958 2964/2959/2901 2963/3018/2900
f 3024/3020/2959 2965/3021/2902 2964/2959/2901
f 3025/3022/2960 2966/2961/2903 2965/3021/2902
f 3026/3023/2961 2967/2962/2904 2966/2961/2903
f 2967/2962/2904 3028/3024/2963 2968/2963/2905
f 2968/2963/2905 3029/3025/2964 2969/2964/2906
f 2969/2964/2906 3030/3026/2965 2970/2965/2907
f 2970/2965/2907 3031/3027/2966 2971/2966/2908
f 2971/2966/2908 3032/3028/2967 2972/2967/2909
f 2972/2967/2909 3033/3029/2968 2973/3030/2910
f 2973/3030/2910 3034/3031/2969 2974/2968/2911
f 2974/2968/2911 3035/3032/2970 2975/2970/2912
f 2975/2970/2912 3036/3033/2971 2976/2971/2913
f 2976/2971/2913 3037/3034/2972 2977/2972/2914
f 2977/2972/2914 3038/3035/2973 2978/2973/2915
f 2978/2973/2915 3039/3036/2974 2979/2974/2916
f 2979/2974/2916 3040/3037/2975 2980/2975/2917
f 3040/3037/2975 2981/2976/2918 2980/2975/2917
f 3041/3038/2976 2982/2977/2919 2981/2976/2918
f 3042/3039/2977 2983/2978/2920 2982/2977/2919
f 3043/3040/2978 2984/2979/2921 2983/2978/2920
f 3044/3041/2979 2985/2980/2922 2984/2979/2921
f 3045/3042/2980 2986/2981/2923 2985/2980/2922
f 3046/3043/2981 2987/2982/2924 2986/2981/2923
f 3047/3044/2982 2988/2983/2925 2987/2982/2924
f 3048/3045/2983 2989/2984/2926 2988/2983/2925
f 3049/3046/2984 2990/2985/2927 2989/2984/2926
f 3050/3047/2985 2991/2986/2928 2990/2985/2927
f 3051/3048/2986 2992/2987/2929 2991/2986/2928
f 3052/3049/2987 2993/2988/2930 2992/2987/2929
f 3053/3050/2988 2994/2989/2931 2993/2988/2930
f 3054/3051/2989 2995/2990/2932 2994/2989/2931
f 3055/3052/2990 2996/2991/2933 2995/2990/2932
f 3056/3053/2991 2997/2992/2934 2996/2991/2933
f 3057/3054/2992 2998/2993/2935 2997/2992/2934
f 3058/3055/2993 2999/2994/2936 2998/2993/2935
f 3059/3056/2994 3000/3057/6 2999/2994/2936
f 3061/3058/6 3002/3059/2937 3001/2996/6
f 3062/3060/2820 3003/2998/2938 3002/3059/2937
f 3003/2998/2938 3064/3061/2996 3004/2999/2939
f 3004/2999/2939 3065/3062/2997 3005/3000/2940
f 3005/3000/2940 3066/3063/2998 3006/3001/2941
f 3006/3001/2941 3067/3064/2999 3007/3002/2942
f 3007/3002/2942 3068/3065/3000 3008/3003/2943
f 3008/3003/2943 3069/3066/3001 3009/3004/2944
f 3009/3004/2944 3070/3067/3002 3010/3005/2945
f 3010/3005/2945 3071/3068/3003 3011/3006/2946
f 3011/3006/2946 3072/3069/3004 3012/3007/2947
f 3012/3007/2947 3073/3070/3005 3013/3008/2948
f 3013/3008/2948 3074/3071/3006 3014/3009/2949
f 3014/3009/2949 3075/3072/3007 3015/3010/2950
f 3015/3010/2950 3076/3073/3008 3016/3011/2951
f 3016/3011/2951 3077/3074/3009 3017/3012/2952
f 3017/3012/2952 3078/3075/3010 3018/3013/2953
f 3078/3075/3010 3019/3014/2954 3018/3013/2953
f 3079/3076/3011 3020/3015/2955 3019/3014/2954
f 3080/3077/3012 3021/3016/2956 3020/3015/2955
f 3081/3078/3013 3022/3017/2957 3021/3016/2956
f 3082/3079/3014 3023/3019/2958 3022/3017/2957
f 3083/3080/3015 3024/3020/2959 3023/3019/2958
f 3084/3081/3016 3025/3022/2960 3024/3020/2959
f 3085/3082/3017 3026/3023/2961 3025/3022/2960
f 3086/3083/3018 3027/3084/2962 3026/3023/2961
f 3027/3084/2962 3088/3085/3020 3028/3024/2963
f 3028/3024/2963 3089/3086/3021 3029/3025/2964
f 3029/3025/2964 3090/3087/3022 3030/3026/2965
f 3030/3026/2965 3091/3088/3023 3031/3027/2966
f 3031/3027/2966 3092/3089/3024 3032/3028/2967
f 3032/3028/2967 3093/3090/3025 3033/3029/2968
f 3033/3029/2968 3094/3091/3026 3034/3031/2969
f 3034/3031/2969 3095/3092/3027 3035/3032/2970
f 3035/3032/2970 3096/3093/3028 3036/3033/2971
f 3036/3033/2971 3097/3094/3029 3037/3034/2972
f 3037/3034/2972 3098/3095/3030 3038/3035/2973
f 3038/3035/2973 3099/3096/3031 3039/3036/2974
f 3039/3036/2974 3100/3097/3032 3040/3037/2975
f 3100/3097/3032 3041/3038/2976 3040/3037/2975
f 3101/3098/3033 3042/3039/2977 3041/3038/2976
f 3102/3099/3034 3043/3040/2978 3042/3039/2977
f 3103/3100/3035 3044/3041/2979 3043/3040/2978
f 3104/3101/3036 3045/3042/2980 3044/3041/2979
f 3105/3102/3037 3046/3043/2981 3045/3042/2980
f 3106/3103/3038 3047/3044/2982 3046/3043/2981
f 3107/3104/3039 3048/3045/2983 3047/3044/2982
f 3108/3105/3040 3049/3046/2984 3048/3045/2983
f 3109/3106/3041 3050/3047/2985 3049/3046/2984
f 3110/3107/3042 3051/3048/2986 3050/3047/2985
f 3111/3108/3043 3052/3049/2987 3051/3048/2986
f 3112/3109/3044 3053/3050/2988 3052/3049/2987
f 3113/3110/3045 3054/3051/2989 3053/3050/2988
f 3114/3111/3046 3055/3052/2990 3054/3051/2989
f 3115/3112/3047 3056/3053/2991 3055/3052/2990
f 3116/3113/3048 3057/3054/2992 3056/3053/2991
f 3117/3114/3049 3058/3055/2993 3057/3054/2992
f 3118/3115/3050 3059/3056/2994 3058/3055/2993
f 3119/3116/6 3060/3117/6 3059/3056/2994
f 3121/3118/6 3062/3060/2820 3061/3058/6
f 3122/3119/6 3063/3120/2995 3062/3060/2820
f 3063/3120/2995 3124/3121/3051 3064/3061/2996
f 3064/3061/2996 3125/3122/3052 3065/3062/2997
f 3065/3062/2997 3126/3123/3053 3066/3063/2998
f 3066/3063/2998 3127/3124/3054 3067/3064/2999
f 3067/3064/2999 3128/3125/3055 3068/3065/3000
f 3068/3065/3000 3129/3126/3056 3069/3066/3001
f 3069/3066/3001 3130/3127/3057 3070/3067/3002
f 3070/3067/3002 3131/3128/3058 3071/3068/3003
f 3071/3068/3003 3132/3129/3059 3072/3069/3004
f 3072/3069/3004 3133/3130/3060 3073/3070/3005
f 3073/3070/3005 3134/3131/3061 3074/3071/3006
f 3074/3071/3006 3135/3132/3062 3075/3072/3007
f 3075/3072/3007 3136/3133/3063 3076/3073/3008
f 3076/3073/3008 3137/3134/3064 3077/3074/3009
f 3077/3074/3009 3138/3135/3065 3078/3075/3010
f 3138/3135/3065 3079/3076/3011 3078/3075/3010
f 3139/3136/3066 3080/3077/3012 3079/3076/3011
f 3140/3137/3067 3081/3078/3013 3080/3077/3012
f 3141/3138/3068 3082/3079/3014 3081/3078/3013
f 3142/3139/3069 3083/3080/3015 3082/3079/3014
f 3143/3140/3070 3084/3081/3016 3083/3080/3015
f 3144/3141/3071 3085/3082/3017 3084/3081/3016
f 3145/3142/3072 3086/3083/3018 3085/3082/3017
f 3146/3143/3073 3087/3144/3019 3086/3083/3018
f 3147/3145/3074 3088/3085/3020 3087/3144/3019
f 3088/3085/3020 3149/3146/3076 3089/3086/3021
f 3089/3086/3021 3150/3147/3077 3090/3087/3022
f 3090/3087/3022 3151/3148/3078 3091/3088/3023
f 3091/3088/3023 3152/3149/3079 3092/3089/3024
f 3092/3089/3024 3153/3150/3080 3093/3090/3025
f 3093/3090/3025 3154/3151/3081 3094/3091/3026
f 3094/3091/3026 3155/3152/3082 3095/3092/3027
f 3095/3092/3027 3156/3153/3083 3096/3093/3028
f 3096/3093/3028 3157/3154/3084 3097/3094/3029
f 3097/3094/3029 3158/3155/3085 3098/3095/3030
f 3098/3095/3030 3159/3156/3086 3099/3096/3031
f 3099/3096/3031 3160/3157/3087 3100/3097/3032
f 3160/3157/3087 3101/3098/3033 3100/3097/3032
f 3161/3158/3088 3102/3099/3034 3101/3098/3033
f 3162/3159/3089 3103/3100/3035 3102/3099/3034
f 3163/3160/3090 3104/3101/3036 3103/3100/3035
f 3164/3161/3091 3105/3102/3037 3104/3101/3036
f 3165/3162/3092 3106/3103/3038 3105/3102/3037
f 3166/3163/3093 3107/3104/3039 3106/3103/3038
f 3167/3164/3094 3108/3105/3040 3107/3104/3039
f 3168/3165/3095 3109/3106/3041 3108/3105/3040
f 3169/3166/3096 3110/3107/3042 3109/3106/3041
f 3170/3167/3097 3111/3108/3043 3110/3107/3042
f 3171/3168/3098 3112/3109/3044 3111/3108/3043
f 3172/3169/3099 3113/3110/3045 3112/3109/3044
f 3173/3170/3100 3114/3111/3046 3113/3110/3045
f 3174/3171/3101 3115/3112/3047 3114/3111/3046
f 3175/3172/3102 3116/3113/3048 3115/3112/3047
f 3176/3173/3103 3117/3114/3049 3116/3113/3048
f 3177/3174/3104 3118/3115/3050 3117/3114/3049
f 3178/3175/3105 3119/3116/6 3118/3115/3050
f 3179/3176/6 3120/3177/6 3119/3116/6
f 3181/3178/3106 3122/3119/6 3121/3118/6
f 3182/3179/3107 3123/3180/2760 3122/3119/6
f 3183/3181/3108 3124/3121/3051 3123/3180/2760
f 3124/3121/3051 3185/3182/3110 3125/3122/3052
f 3125/3122/3052 3186/3183/3111 3126/3123/3053
f 3126/3123/3053 3187/3184/3112 3127/3124/3054
f 3127/3124/3054 3188/3185/3113 3128/3125/3055
f 3128/3125/3055 3189/3186/3114 3129/3126/3056
f 3129/3126/3056 3190/3187/3115 3130/3127/3057
f 3130/3127/3057 3191/3188/3116 3131/3128/3058
f 3131/3128/3058 3192/3189/3117 3132/3129/3059
f 3132/3129/3059 3193/3190/3118 3133/3130/3060
f 3133/3130/3060 3194/3191/3119 3134/3131/3061
f 3134/3131/3061 3195/3192/3120 3135/3132/3062
f 3135/3132/3062 3196/3193/3121 3136/3133/3063
f 3136/3133/3063 3197/3194/3122 3137/3134/3064
f 3197/3194/3122 3138/3135/3065 3137/3134/3064
f 3198/3195/3123 3139/3136/3066 3138/3135/3065
f 3199/3196/3124 3140/3137/3067 3139/3136/3066
f 3200/3197/3125 3141/3138/3068 3140/3137/3067
f 3201/3198/3126 3142/3139/3069 3141/3138/3068
f 3202/3199/3127 3143/3140/3070 3142/3139/3069
f 3203/3200/3128 3144/3141/3071 3143/3140/3070
f 3204/3201/3129 3145/3142/3072 3144/3141/3071
f 3205/3202/3130 3146/3143/3073 3145/3142/3072
f 3146/3143/3073 3207/3203/3132 3147/3145/3074
f 3207/3203/3132 3148/3204/3075 3147/3145/3074
f 3148/3204/3075 3209/3205/3134 3149/3146/3076
f 3149/3146/3076 3210/3206/3135 3150/3147/3077
f 3150/3147/3077 3211/3207/3136 3151/3148/3078
f 3151/3148/3078 3212/3208/3137 3152/3149/3079
f 3152/3149/3079 3213/3209/3138 3153/3150/3080
f 3153/3150/3080 3214/3210/3139 3154/3151/3081
f 3154/3151/3081 3215/3211/3140 3155/3152/3082
f 3155/3152/3082 3216/3212/3141 3156/3153/3083
f 3156/3153/3083 3217/3213/3142 3157/3154/3084
f 3157/3154/3084 3218/3214/3143 3158/3155/3085
f 3158/3155/3085 3219/3215/3144 3159/3156/3086
f 3219/3215/3144 3160/3157/3087 3159/3156/3086
f 3220/3216/3145 3161/3158/3088 3160/3157/3087
f 3221/3217/3146 3162/3159/3089 3161/3158/3088
f 3222/3218/3147 3163/3160/3090 3162/3159/3089
f 3223/3219/3148 3164/3161/3091 3163/3160/3090
f 3164/3161/3091 3225/3220/3150 3165/3162/3092
f 3225/3220/3150 3166/3163/3093 3165/3162/3092
f 3226/3221/3151 3167/3164/3094 3166/3163/3093
f 3227/3222/3152 3168/3165/3095 3167/3164/3094
f 3228/3223/3153 3169/3166/3096 3168/3165/3095
f 3229/3224/3154 3170/3167/3097 3169/3166/3096
f 3230/3225/3155 3171/3168/3098 3170/3167/3097
f 3231/3226/3156 3172/3169/3099 3171/3168/3098
f 3232/3227/3157 3173/3170/3100 3172/3169/3099
f 3233/3228/3158 3174/3171/3101 3173/3170/3100
f 3234/3229/3159 3175/3172/3102 3174/3171/3101
f 3235/3230/3160 3176/3173/3103 3175/3172/3102
f 3236/3231/3161 3177/3174/3104 3176/3173/3103
f 3237/3232/3162 3178/3175/3105 3177/3174/3104
f 3238/3233/6 3179/3176/6 3178/3175/3105
f 3239/3234/6 3180/3235/6 3179/3176/6
f 3241/3236/3163 3182/3179/3107 3181/3178/3106
f 3242/3237/3164 3183/3181/3108 3182/3179/3107
f 3243/3238/3165 3184/3239/3109 3183/3181/3108
f 3244/3240/3166 3185/3182/3110 3184/3239/3109
f 3185/3182/3110 3246/3241/3168 3186/3183/3111
f 3186/3183/3111 3247/3242/3169 3187/3184/3112
f 3187/3184/3112 3248/3243/3170 3188/3185/3113
f 3188/3185/3113 3249/3244/3171 3189/3186/3114
f 3189/3186/3114 3250/3245/3172 3190/3187/3115
f 3190/3187/3115 3251/3246/3173 3191/3188/3116
f 3191/3188/3116 3252/3247/3174 3192/3189/3117
f 3192/3189/3117 3253/3248/3175 3193/3190/3118
f 3193/3190/3118 3254/3249/3176 3194/3191/3119
f 3194/3191/3119 3255/3250/3177 3195/3192/3120
f 3195/3192/3120 3256/3251/3178 3196/3193/3121
f 3256/3251/3178 3197/3194/3122 3196/3193/3121
f 3257/3252/3179 3198/3195/3123 3197/3194/3122
f 3258/3253/3180 3199/3196/3124 3198/3195/3123
f 3259/3254/3181 3200/3197/3125 3199/3196/3124
f 3260/3255/3182 3201/3198/3126 3200/3197/3125
f 3261/3256/3183 3202/3199/3127 3201/3198/3126
f 3262/3257/3184 3203/3200/3128 3202/3199/3127
f 3263/3258/3185 3204/3201/3129 3203/3200/3128
f 3264/3259/3186 3205/3202/3130 3204/3201/3129
f 3265/3260/3187 3206/3261/3131 3205/3202/3130
f 3266/3262/3188 3207/3203/3132 3206/3261/3131
f 3207/3203/3132 3268/3263/3190 3208/3264/3133
f 3208/3264/3133 3269/3265/3191 3209/3205/3134
f 3209/3205/3134 3270/3266/3192 3210/3206/3135
f 3210/3206/3135 3271/3267/3193 3211/3207/3136
f 3211/3207/3136 3272/3268/3194 3212/3208/3137
f 3212/3208/3137 3273/3269/3195 3213/3209/3138
f 3213/3209/3138 3274/3270/3196 3214/3210/3139
f 3214/3210/3139 3275/3271/3197 3215/3211/3140
f 3215/3211/3140 3276/3272/3198 3216/3212/3141
f 3216/3212/3141 3277/3273/3199 3217/3213/3142
f 3217/3213/3142 3278/3274/3200 3218/3214/3143
f 3218/3214/3143 3279/3275/3201 3219/3215/3144
f 3279/3275/3201 3220/3216/3145 3219/3215/3144
f 3280/3276/3202 3221/3217/3146 3220/3216/3145
f 3281/3277/3203 3222/3218/3147 3221/3217/3146
f 3282/3278/3204 3223/3219/3148 3222/3218/3147
f 3283/3279/3205 3224/3280/3149 3223/3219/3148
f 3224/3280/3149 3285/3281/3207 3225/3220/3150
f 3285/3281/3207 3226/3221/3151 3225/3220/3150
f 3286/3282/3208 3227/3222/3152 3226/3221/3151
f 3287/3283/3209 3228/3223/3153 3227/3222/3152
f 3288/3284/3210 3229/3224/3154 3228/3223/3153
f 3289/3285/3211 3230/3225/3155 3229/3224/3154
f 3290/3286/3212 3231/3226/3156 3230/3225/3155
f 3291/3287/3213 3232/3227/3157 3231/3226/3156
f 3292/3288/3214 3233/3228/3158 3232/3227/3157
f 3293/3289/3215 3234/3229/3159 3233/3228/3158
f 3294/3290/3216 3235/3230/3160 3234/3229/3159
f 3295/3291/3217 3236/3231/3161 3235/3230/3160
f 3296/3292/3218 3237/3232/3162 3236/3231/3161
f 3297/3293/6 3238/3233/6 3237/3232/3162
f 3298/3294/6 3239/3234/6 3238/3233/6
f 3299/3295/6 3240/3296/6 3239/3234/6
f 3301/3297/3219 3242/3237/3164 3241/3236/3163
f 3302/3298/3220 3243/3238/3165 3242/3237/3164
f 3303/3299/3221 3244/3240/3166 3243/3238/3165
f 3304/3300/3222 3245/3301/3167 3244/3240/3166
f 3245/3301/3167 3306/3302/3224 3246/3241/3168
f 3246/3241/3168 3307/3303/3225 3247/3242/3169
f 3247/3242/3169 3308/3304/3226 3248/3243/3170
f 3248/3243/3170 3309/3305/3227 3249/3244/3171
f 3249/3244/3171 3310/3306/3228 3250/3245/3172
f 3250/3245/3172 3311/3307/3229 3251/3246/3173
f 3251/3246/3173 3312/3308/3230 3252/3247/3174
f 3252/3247/3174 3313/3309/3231 3253/3248/3175
f 3253/3248/3175 3314/3310/3232 3254/3249/3176
f 3254/3249/3176 3315/3311/3233 3255/3250/3177
f 3255/3250/3177 3316/3312/3234 3256/3251/3178
f 3316/3312/3234 3257/3252/3179 3256/3251/3178
f 3317/3313/3235 3258/3253/3180 3257/3252/3179
f 3318/3314/3236 3259/3254/3181 3258/3253/3180
f 3319/3315/3237 3260/3255/3182 3259/3254/3181
f 3320/3316/3238 3261/3256/3183 3260/3255/3182
f 3321/3317/3239 3262/3257/3184 3261/3256/3183
f 3322/3318/3240 3263/3258/3185 3262/3257/3184
f 3323/3319/3241 3264/3259/3186 3263/3258/3185
f 3324/3320/3242 3265/3260/3187 3264/3259/3186
f 3325/3321/3243 3266/3262/3188 3265/3260/3187
f 3326/3322/3244 3267/3323/3189 3266/3262/3188
f 3267/3323/3189 3328/3324/3246 3268/3263/3190
f 3268/3263/3190 3329/3325/3247 3269/3265/3191
f 3269/3265/3191 3330/3326/3248 3270/3266/3192
f 3270/3266/3192 3331/3327/3249 3271/3267/3193
f 3271/3267/3193 3332/3328/3250 3272/3268/3194
f 3272/3268/3194 3333/3329/3251 3273/3269/3195
f 3273/3269/3195 3334/3330/3252 3274/3270/3196
f 3274/3270/3196 3335/3331/3253 3275/3271/3197
f 3275/3271/3197 3336/3332/3254 3276/3272/3198
f 3276/3272/3198 3337/3333/3255 3277/3273/3199
f 3277/3273/3199 3338/3334/3256 3278/3274/3200
f 3278/3274/3200 3339/3335/3257 3279/3275/3201
f 3339/3335/3257 3280/3276/3202 3279/3275/3201
f 3340/3336/3258 3281/3277/3203 3280/3276/3202
f 3341/3337/3259 3282/3278/3204 3281/3277/3203
f 3342/3338/3260 3283/3279/3205 3282/3278/3204
f 3343/3339/3261 3284/3340/3206 3283/3279/3205
f 3284/3340/3206 3345/3341/3263 3285/3281/3207
f 3345/3341/3263 3286/3282/3208 3285/3281/3207
f 3346/3342/3264 3287/3283/3209 3286/3282/3208
f 3347/3343/3265 3288/3284/3210 3287/3283/3209
f 3348/3344/3266 3289/3285/3211 3288/3284/3210
f 3349/3345/3267 3290/3286/3212 3289/3285/3211
f 3350/3346/3268 3291/3287/3213 3290/3286/3212
f 3351/3347/3269 3292/3288/3214 3291/3287/3213
f 3352/3348/3270 3293/3289/3215 3292/3288/3214
f 3353/3349/3271 3294/3290/3216 3293/3289/3215
f 3354/3350/3272 3295/3291/3217 3294/3290/3216
f 3355/3351/3273 3296/3292/3218 3295/3291/3217
f 3356/3352/6 3297/3293/6 3296/3292/3218
f 3357/3353/6 3298/3294/6 3297/3293/6
f 3358/3354/6 3299/3295/6 3298/3294/6
f 3359/3355/6 3300/3356/6 3299/3295/6
f 3361/3357/3274 3302/3298/3220 3301/3297/3219
f 3362/3358/3275 3303/3299/3221 3302/3298/3220
f 3363/3359/3276 3304/3300/3222 3303/3299/3221
f 3304/3300/3222 3365/3360/3278 3305/3361/3223
f 3305/3361/3223 3366/3362/3279 3306/3302/3224
f 3306/3302/3224 3367/3363/3280 3307/3303/3225
f 3307/3303/3225 3368/3364/3281 3308/3304/3226
f 3308/3304/3226 3369/3365/3282 3309/3305/3227
f 3309/3305/3227 3370/3366/3283 3310/3306/3228
f 3310/3306/3228 3371/3367/3284 3311/3307/3229
f 3311/3307/3229 3372/3368/3285 3312/3308/3230
f 3312/3308/3230 3373/3369/3286 3313/3309/3231
f 3313/3309/3231 3374/3370/3287 3314/3310/3232
f 3314/3310/3232 3375/3371/3288 3315/3311/3233
f 3375/3371/3288 3316/3312/3234 3315/3311/3233
f 3376/3372/3289 3317/3313/3235 3316/3312/3234
f 3377/3373/3290 3318/3314/3236 3317/3313/3235
f 3378/3374/3291 3319/3315/3237 3318/3314/3236
f 3379/3375/3292 3320/3316/3238 3319/3315/3237
f 3380/3376/3293 3321/3317/3239 3320/3316/3238
f 3381/3377/3294 3322/3318/3240 3321/3317/3239
f 3382/3378/3295 3323/3319/3241 3322/3318/3240
f 3383/3379/3296 3324/3320/3242 3323/3319/3241
f 3384/3380/3297 3325/3321/3243 3324/3320/3242
f 3385/3381/3298 3326/3322/3244 3325/3321/3243
f 3326/3322/3244 3387/3382/3300 3327/3383/3245
f 3327/3383/3245 3388/3384/3301 3328/3324/3246
f 3328/3324/3246 3389/3385/3302 3329/3325/3247
f 3329/3325/3247 3390/3386/3303 3330/3326/3248
f 3330/3326/3248 3391/3387/3304 3331/3327/3249
f 3331/3327/3249 3392/3388/3305 3332/3328/3250
f 3332/3328/3250 3393/3389/3306 3333/3329/3251
f 3333/3329/3251 3394/3390/3307 3334/3330/3252
f 3334/3330/3252 3395/3391/3308 3335/3331/3253
f 3335/3331/3253 3396/3392/3309 3336/3332/3254
f 3336/3332/3254 3397/3393/3310 3337/3333/3255
f 3337/3333/3255 3398/3394/3311 3338/3334/3256
f 3338/3334/3256 3399/3395/3312 3339/3335/3257
f 3399/3395/3312 3340/3336/3258 3339/3335/3257
f 3400/3396/3313 3341/3337/3259 3340/3336/3258
f 3401/3397/3314 3342/3338/3260 3341/3337/3259
f 3402/3398/3315 3343/3339/3261 3342/3338/3260
f 3403/3399/3316 3344/3400/3262 3343/3339/3261
f 3404/3401/3317 3345/3341/3263 3344/3400/3262
f 3405/3402/3318 3346/3342/3264 3345/3341/3263
f 3406/3403/3319 3347/3343/3265 3346/3342/3264
f 3407/3404/3320 3348/3344/3266 3347/3343/3265
f 3408/3405/3321 3349/3345/3267 3348/3344/3266
f 3409/3406/3322 3350/3346/3268 3349/3345/3267
f 3410/3407/3323 3351/3347/3269 3350/3346/3268
f 3411/3408/3324 3352/3348/3270 3351/3347/3269
f 3412/3409/3325 3353/3349/3271 3352/3348/3270
f 3413/3410/3326 3354/3350/3272 3353/3349/3271
f 3414/3411/3327 3355/3351/3273 3354/3350/3272
f 3415/3412/6 3356/3352/6 3355/3351/3273
f 3416/3413/6 3357/3353/6 3356/3352/6
f 3417/3414/6 3358/3354/6 3357/3353/6
f 3418/3415/6 3359/3355/6 3358/3354/6
f 3419/3416/6 3360/3417/6 3359/3355/6
f 3421/3418/3328 3362/3358/3275 3361/3357/3274
f 3422/3419/3329 3363/3359/3276 3362/3358/3275
f 3363/3359/3276 3424/3420/3331 3364/3421/3277
f 3364/3421/3277 3425/3422/3332 3365/3360/3278
f 3365/3360/3278 3426/3423/3333 3366/3362/3279
f 3366/3362/3279 3427/3424/3334 3367/3363/3280
f 3367/3363/3280 3428/3425/3335 3368/3364/3281
f 3368/3364/3281 3429/3426/3336 3369/3365/3282
f 3369/3365/3282 3430/3427/3337 3370/3366/3283
f 3370/3366/3283 3431/3428/3338 3371/3367/3284
f 3371/3367/3284 3432/3429/3339 3372/3368/3285
f 3372/3368/3285 3433/3430/3340 3373/3369/3286
f 3373/3369/3286 3434/3431/3341 3374/3370/3287
f 3374/3370/3287 3435/3432/3342 3375/3371/3288
f 3435/3432/3342 3376/3372/3289 3375/3371/3288
f 3436/3433/3343 3377/3373/3290 3376/3372/3289
f 3437/3434/3344 3378/3374/3291 3377/3373/3290
f 3438/3435/3345 3379/3375/3292 3378/3374/3291
f 3439/3436/3346 3380/3376/3293 3379/3375/3292
f 3440/3437/3347 3381/3377/3294 3380/3376/3293
f 3381/3377/3294 3442/3438/3349 3382/3378/3295
f 3442/3438/3349 3383/3379/3296 3382/3378/3295
f 3443/3439/3350 3384/3380/3297 3383/3379/3296
f 3384/3380/3297 3445/3440/3352 3385/3381/3298
f 3385/3381/3298 3446/3441/3353 3386/3442/3299
f 3386/3442/3299 3447/3443/3354 3387/3382/3300
f 3387/3382/3300 3448/3444/3355 3388/3384/3301
f 3388/3384/3301 3449/3445/3356 3389/3385/3302
f 3389/3385/3302 3450/3446/3357 3390/3386/3303
f 3390/3386/3303 3451/3447/3358 3391/3387/3304
f 3391/3387/3304 3452/3448/3359 3392/3388/3305
f 3392/3388/3305 3453/3449/3360 3393/3389/3306
f 3393/3389/3306 3454/3450/3361 3394/3390/3307
f 3454/3450/3361 3395/3391/3308 3394/3390/3307
f 3455/3451/3362 3396/3392/3309 3395/3391/3308
f 3396/3392/3309 3457/3452/3364 3397/3393/3310
f 3397/3393/3310 3458/3453/3365 3398/3394/3311
f 3398/3394/3311 3459/3454/3366 3399/3395/3312
f 3459/3454/3366 3400/3396/3313 3399/3395/3312
f 3460/3455/3367 3401/3397/3314 3400/3396/3313
f 3461/3456/3368 3402/3398/3315 3401/3397/3314
f 3462/3457/3369 3403/3399/3316 3402/3398/3315
f 3463/3458/3370 3404/3401/3317 3403/3399/3316
f 3464/3459/3371 3405/3402/3318 3404/3401/3317
f 3465/3460/3372 3406/3403/3319 3405/3402/3318
f 3466/3461/3373 3407/3404/3320 3406/3403/3319
f 3467/3462/3374 3408/3405/3321 3407/3404/3320
f 3468/3463/3375 3409/3406/3322 3408/3405/3321
f 3469/3464/3376 3410/3407/3323 3409/3406/3322
f 3470/3465/3377 3411/3408/3324 3410/3407/3323
f 3471/3466/3378 3412/3409/3325 3411/3408/3324
f 3472/3467/3379 3413/3410/3326 3412/3409/3325
f 3473/3468/3380 3414/3411/3327 3413/3410/3326
f 3474/3469/6 3415/3412/6 3414/3411/3327
f 3475/3470/6 3416/3413/6 3415/3412/6
f 3476/3471/6 3417/3414/6 3416/3413/6
f 3477/3472/6 3418/3415/6 3417/3414/6
f 3478/3473/6 3419/3416/6 3418/3415/6
f 3479/3474/6 3420/3475/6 3419/3416/6
f 3421/3418/3328 3482/3476/3382 3422/3419/3329
f 3422/3419/3329 3483/3477/3383 3423/3478/3330
f 3423/3478/3330 3484/3479/3384 3424/3420/3331
f 3424/3420/3331 3485/3480/3385 3425/3422/3332
f 3425/3422/3332 3486/3481/3386 3426/3423/3333
f 3426/3423/3333 3487/3482/3387 3427/3424/3334
f 3427/3424/3334 3488/3483/3388 3428/3425/3335
f 3428/3425/3335 3489/3484/3389 3429/3426/3336
f 3429/3426/3336 3490/3485/3390 3430/3427/3337
f 3430/3427/3337 3491/3486/3391 3431/3428/3338
f 3431/3428/3338 3492/3487/3392 3432/3429/3339
f 3432/3429/3339 3493/3488/3393 3433/3430/3340
f 3433/3430/3340 3494/3489/3394 3434/3431/3341
f 3494/3489/3394 3435/3432/3342 3434/3431/3341
f 3495/3490/3395 3436/3433/3343 3435/3432/3342
f 3496/3491/3396 3437/3434/3344 3436/3433/3343
f 3497/3492/3397 3438/3435/3345 3437/3434/3344
f 3498/3493/3398 3439/3436/3346 3438/3435/3345
f 3499/3494/3399 3440/3437/3347 3439/3436/3346
f 3440/3437/3347 3501/3495/3401 3441/3496/3348
f 3441/3496/3348 3502/3497/3402 3442/3438/3349
f 3442/3438/3349 3503/3498/3403 3443/3439/3350
f 3503/3498/3403 3444/3499/3351 3443/3439/3350
f 3504/3500/3404 3445/3440/3352 3444/3499/3351
f 3445/3440/3352 3506/3501/3406 3446/3441/3353
f 3446/3441/3353 3507/3502/3407 3447/3443/3354
f 3447/3443/3354 3508/3503/3408 3448/3444/3355
f 3448/3444/3355 3509/3504/3409 3449/3445/3356
f 3449/3445/3356 3510/3505/3410 3450/3446/3357
f 3450/3446/3357 3511/3506/3411 3451/3447/3358
f 3451/3447/3358 3512/3507/3412 3452/3448/3359
f 3452/3448/3359 3513/3508/3413 3453/3449/3360
f 3513/3508/3413 3454/3450/3361 3453/3449/3360
f 3514/3509/3414 3455/3451/3362 3454/3450/3361
f 3515/3510/3415 3456/3511/3363 3455/3451/3362
f 3456/3511/3363 3517/3512/3417 3457/3452/3364
f 3457/3452/3364 3518/3513/3418 3458/3453/3365
f 3458/3453/3365 3519/3514/3419 3459/3454/3366
f 3519/3514/3419 3460/3455/3367 3459/3454/3366
f 3520/3515/3420 3461/3456/3368 3460/3455/3367
f 3521/3516/3421 3462/3457/3369 3461/3456/3368
f 3522/3517/3422 3463/3458/3370 3462/3457/3369
f 3523/3518/3423 3464/3459/3371 3463/3458/3370
f 3524/3519/3424 3465/3460/3372 3464/3459/3371
f 3525/3520/3425 3466/3461/3373 3465/3460/3372
f 3526/3521/3426 3467/3462/3374 3466/3461/3373
f 3527/3522/3427 3468/3463/3375 3467/3462/3374
f 3528/3523/3428 3469/3464/3376 3468/3463/3375
f 3529/3524/3429 3470/3465/3377 3469/3464/3376
f 3530/3525/3430 3471/3466/3378 3470/3465/3377
f 3471/3466/3378 3532/3526/3432 3472/3467/3379
f 3532/3526/3432 3473/3468/3380 3472/3467/3379
f 3533/3527/6 3474/3469/6 3473/3468/3380
f 3534/3528/6 3475/3470/6 3474/3469/6
f 3535/3529/6 3476/3471/6 3475/3470/6
f 3536/3530/6 3477/3472/6 3476/3471/6
f 3537/3531/6 3478/3473/6 3477/3472/6
f 3538/3532/6 3479/3474/6 3478/3473/6
f 3539/3533/6 3480/3534/6 3479/3474/6
f 3481/3535/3381 3542/3536/3434 3482/3476/3382
f 3482/3476/3382 3543/3537/3435 3483/3477/3383
f 3483/3477/3383 3544/3538/3436 3484/3479/3384
f 3484/3479/3384 3545/3539/3437 3485/3480/3385
f 3485/3480/3385 3546/3540/3438 3486/3481/3386
f 3486/3481/3386 3547/3541/3439 3487/3482/3387
f 3487/3482/3387 3548/3542/3440 3488/3483/3388
f 3488/3483/3388 3549/3543/3441 3489/3484/3389
f 3489/3484/3389 3550/3544/3442 3490/3485/3390
f 3490/3485/3390 3551/3545/3443 3491/3486/3391
f 3491/3486/3391 3552/3546/3444 3492/3487/3392
f 3492/3487/3392 3553/3547/3445 3493/3488/3393
f 3553/3547/3445 3494/3489/3394 3493/3488/3393
f 3554/3548/3446 3495/3490/3395 3494/3489/3394
f 3555/3549/3447 3496/3491/3396 3495/3490/3395
f 3556/3550/3448 3497/3492/3397 3496/3491/3396
f 3557/3551/3449 3498/3493/3398 3497/3492/3397
f 3558/3552/3450 3499/3494/3399 3498/3493/3398
f 3559/3553/3451 3500/3554/3400 3499/3494/3399
f 3500/3554/3400 3561/3555/3453 3501/3495/3401
f 3501/3495/3401 3562/3556/3454 3502/3497/3402
f 3502/3497/3402 3563/3557/3455 3503/3498/3403
f 3503/3498/3403 3564/3558/3456 3504/3500/3404
f 3504/3500/3404 3565/3559/3457 3505/3560/3405
f 3505/3560/3405 3566/3561/3458 3506/3501/3406
f 3506/3501/3406 3567/3562/3459 3507/3502/3407
f 3507/3502/3407 3568/3563/3460 3508/3503/3408
f 3508/3503/3408 3569/3564/3461 3509/3504/3409
f 3509/3504/3409 3570/3565/3462 3510/3505/3410
f 3510/3505/3410 3571/3566/3463 3511/3506/3411
f 3511/3506/3411 3572/3567/3464 3512/3507/3412
f 3512/3507/3412 3573/3568/3465 3513/3508/3413
f 3573/3568/3465 3514/3509/3414 3513/3508/3413
f 3574/3569/3466 3515/3510/3415 3514/3509/3414
f 3575/3570/3467 3516/3571/3416 3515/3510/3415
f 3576/3572/3468 3517/3512/3417 3516/3571/3416
f 3577/3573/3469 3518/3513/3418 3517/3512/3417
f 3578/3574/3470 3519/3514/3419 3518/3513/3418
f 3579/3575/3471 3520/3515/3420 3519/3514/3419
f 3580/3576/3472 3521/3516/3421 3520/3515/3420
f 3581/3577/3473 3522/3517/3422 3521/3516/3421
f 3582/3578/3474 3523/3518/3423 3522/3517/3422
f 3583/3579/3475 3524/3519/3424 3523/3518/3423
f 3584/3580/3476 3525/3520/3425 3524/3519/3424
f 3585/3581/3477 3526/3521/3426 3525/3520/3425
f 3586/3582/3478 3527/3522/3427 3526/3521/3426
f 3587/3583/3479 3528/3523/3428 3527/3522/3427
f 3588/3584/3480 3529/3524/3429 3528/3523/3428
f 3589/3585/6 3530/3525/3430 3529/3524/3429
f 3590/3586/6 3531/3587/3431 3530/3525/3430
f 3591/3588/6 3532/3526/3432 3531/3587/3431
f 3592/3589/6 3533/3527/6 3532/3526/3432
f 3593/3590/6 3534/3528/6 3533/3527/6
f 3594/3591/6 3535/3529/6 3534/3528/6
f 3595/3592/6 3536/3530/6 3535/3529/6
f 3596/3593/6 3537/3531/6 3536/3530/6
f 3597/3594/6 3538/3532/6 3537/3531/6
f 3598/3595/6 3539/3533/6 3538/3532/6
f 3599/3596/6 3540/3597/6 3539/3533/6
f 1/1/1 61/116/44 62/2/45
f 2/3/2 62/2/45 63/4/46
f 3/5/3 63/4/46 64/6/47
f 4/7/4 64/6/47 65/8/48
f 5/9/5 65/8/48 66/10/49
f 66/10/49 67/13/6 7/12/6
f 67/13/6 68/15/6 8/14/6
f 68/15/6 69/17/6 9/16/6
f 69/17/6 70/19/50 10/18/6
f 70/19/50 71/21/51 11/20/6
f 71/21/51 72/23/52 12/22/6
f 72/23/52 73/25/53 13/24/7
f 73/25/53 74/27/54 14/26/8
f 74/27/54 75/29/55 15/28/9
f 75/29/55 76/31/56 16/30/10
f 76/31/56 77/33/57 17/32/11
f 77/33/57 78/35/58 18/34/12
f 78/35/58 79/37/59 19/36/13
f 79/37/59 80/39/60 20/38/14
f 80/39/60 81/41/61 21/40/15
f 81/41/61 82/43/62 22/42/16
f 82/43/62 83/45/63 23/44/17
f 83/45/63 84/47/64 24/46/18
f 84/47/64 85/49/65 25/48/19
f 85/49/65 86/51/66 26/50/20
f 86/51/66 87/53/67 27/52/21
f 87/53/67 88/55/68 28/54/22
f 88/55/68 89/144/69 29/56/23
f 29/56/23 89/144/69 90/57/70
f 30/58/24 90/57/70 91/59/71
f 31/60/25 91/59/71 92/61/72
f 92/61/72 93/64/73 33/63/27
f 93/64/73 94/66/74 34/65/28
f 94/66/74 95/150/75 35/67/29
f 35/67/29 95/150/75 96/68/76
f 96/68/76 97/71/77 37/70/31
f 97/71/77 98/73/78 38/72/32
f 98/73/78 99/155/79 39/74/33
f 39/74/33 99/155/79 100/75/80
f 40/76/34 100/75/80 101/77/81
f 41/78/35 101/77/81 102/79/82
f 42/80/36 102/79/82 103/81/83
f 43/82/37 103/81/83 104/83/84
f 44/84/38 104/83/84 105/85/85
f 45/86/39 105/85/85 106/87/86
f 46/88/40 106/87/86 107/89/87
f 47/90/41 107/89/87 108/91/88
f 108/91/88 109/94/89 49/93/43
f 109/94/89 110/96/90 50/95/6
f 110/96/90 111/98/91 51/97/6
f 111/98/91 112/100/92 52/99/6
f 112/100/92 113/102/6 53/101/6
f 113/102/6 114/104/6 54/103/6
f 114/104/6 115/106/6 55/105/6
f 115/106/6 116/108/6 56/107/6
f 116/108/6 117/110/6 57/109/6
f 117/110/6 118/112/6 58/111/6
f 118/112/6 119/114/6 59/113/6
f 119/114/6 120/175/6 60/115/6
f 61/116/44 121/176/93 122/117/94
f 62/2/45 122/117/94 123/118/95
f 63/4/46 123/118/95 124/119/96
f 64/6/47 124/119/96 125/120/97
f 65/8/48 125/120/97 126/121/98
f 66/10/49 126/121/98 127/122/99
f 127/122/99 128/123/100 68/15/6
f 128/123/100 129/124/101 69/17/6
f 129/124/101 130/125/102 70/19/50
f 130/125/102 131/126/103 71/21/51
f 131/126/103 132/127/104 72/23/52
f 132/127/104 133/128/105 73/25/53
f 133/128/105 134/129/106 74/27/54
f 134/129/106 135/130/107 75/29/55
f 135/130/107 136/131/108 76/31/56
f 136/131/108 137/132/109 77/33/57
f 137/132/109 138/133/110 78/35/58
f 138/133/110 139/134/111 79/37/59
f 139/134/111 140/135/112 80/39/60
f 140/135/112 141/136/113 81/41/61
f 141/136/113 142/137/114 82/43/62
f 142/137/114 143/138/115 83/45/63
f 143/138/115 144/139/116 84/47/64
f 144/139/116 145/140/117 85/49/65
f 145/140/117 146/141/118 86/51/66
f 146/141/118 147/142/119 87/53/67
f 147/142/119 148/143/120 88/55/68
f 148/143/120 149/203/121 89/144/69
f 89/144/69 149/203/121 150/145/122
f 90/57/70 150/145/122 151/146/123
f 151/146/123 152/147/124 92/61/72
f 152/147/124 153/148/125 93/64/73
f 153/148/125 154/149/126 94/66/74
f 154/149/126 155/151/127 95/150/75
f 155/151/127 156/152/128 96/68/76
f 156/152/128 157/153/129 97/71/77
f 157/153/129 158/154/130 98/73/78
f 158/154/130 159/213/131 99/155/79
f 99/155/79 159/213/131 160/156/132
f 160/156/132 161/157/133 101/77/81
f 161/157/133 162/217/134 102/79/82
f 102/79/82 162/217/134 163/158/135
f 103/81/83 163/158/135 164/159/136
f 104/83/84 164/159/136 165/160/137
f 105/85/85 165/160/137 166/161/138
f 106/87/86 166/161/138 167/162/139
f 107/89/87 167/162/139 168/163/140
f 108/91/88 168/163/140 169/164/141
f 109/94/89 169/164/141 170/165/142
f 110/96/90 170/165/142 171/166/143
f 171/166/143 172/167/144 112/100/92
f 172/167/144 173/168/145 113/102/6
f 173/168/145 174/169/6 114/104/6
f 174/169/6 175/170/6 115/106/6
f 175/170/6 176/171/6 116/108/6
f 176/171/6 177/172/6 117/110/6
f 177/172/6 178/173/6 118/112/6
f 178/173/6 179/174/6 119/114/6
f 179/174/6 180/235/6 120/175/6
f 121/176/93 181/237/146 182/177/147
f 122/117/94 182/177/147 183/178/148
f 123/118/95 183/178/148 184/179/149
f 124/119/96 184/179/149 185/180/150
f 125/120/97 185/180/150 186/181/151
f 126/121/98 186/181/151 187/182/152
f 127/122/99 187/182/152 188/183/153
f 188/183/153 189/184/154 129/124/101
f 189/184/154 190/185/155 130/125/102
f 190/185/155 191/186/156 131/126/103
f 191/186/156 192/187/157 132/127/104
f 192/187/157 193/188/158 133/128/105
f 193/188/158 194/249/159 134/129/106
f 134/129/106 194/249/159 195/189/160
f 135/130/107 195/189/160 196/190/161
f 136/131/108 196/190/161 197/191/162
f 197/191/162 198/192/163 138/133/110
f 198/192/163 199/193/164 139/134/111
f 199/193/164 200/194/165 140/135/112
f 200/194/165 201/195/166 141/136/113
f 201/195/166 202/196/167 142/137/114
f 202/196/167 203/197/168 143/138/115
f 203/197/168 204/198/169 144/139/116
f 204/198/169 205/199/170 145/140/117
f 205/199/170 206/200/171 146/141/118
f 206/200/171 207/201/172 147/142/119
f 207/201/172 208/202/173 148/143/120
f 208/202/173 209/264/174 149/203/121
f 149/203/121 209/264/174 210/204/175
f 150/145/122 210/204/175 211/205/176
f 211/205/176 212/206/177 152/147/124
f 212/206/177 213/207/178 153/148/125
f 213/207/178 214/208/179 154/149/126
f 214/208/179 215/209/180 155/151/127
f 215/209/180 216/210/181 156/152/128
f 216/210/181 217/211/182 157/153/129
f 217/211/182 218/212/183 158/154/130
f 218/212/183 219/214/184 159/213/131
f 219/214/184 220/215/185 160/156/132
f 220/215/185 221/216/186 161/157/133
f 221/216/186 222/277/187 162/217/134
f 162/217/134 222/277/187 223/218/188
f 163/158/135 223/218/188 224/219/189
f 164/159/136 224/219/189 225/220/190
f 165/160/137 225/220/190 226/221/191
f 166/161/138 226/221/191 227/222/192
f 167/162/139 227/222/192 228/223/193
f 168/163/140 228/223/193 229/224/194
f 169/164/141 229/224/194 230/225/195
f 170/165/142 230/225/195 231/226/196
f 171/166/143 231/226/196 232/227/197
f 172/167/144 232/227/197 233/228/198
f 173/168/145 233/228/198 234/229/199
f 234/229/199 235/230/6 175/170/6
f 235/230/6 236/231/6 176/171/6
f 236/231/6 237/232/6 177/172/6
f 237/232/6 238/233/6 178/173/6
f 238/233/6 239/234/6 179/174/6
f 239/234/6 240/295/6 180/235/6
f 241/236/200 242/297/201 182/177/147
f 182/177/147 242/297/201 243/238/202
f 183/178/148 243/238/202 244/239/203
f 184/179/149 244/239/203 245/240/204
f 185/180/150 245/240/204 246/241/205
f 186/181/151 246/241/205 247/242/206
f 247/242/206 248/243/207 188/183/153
f 248/243/207 249/244/208 189/184/154
f 249/244/208 250/245/209 190/185/155
f 250/245/209 251/246/210 191/186/156
f 251/246/210 252/247/211 192/187/157
f 252/247/211 253/306/212 193/188/158
f 193/188/158 253/306/212 254/248/213
f 194/249/159 254/248/213 255/250/214
f 195/189/160 255/250/214 256/251/215
f 196/190/161 256/251/215 257/252/216
f 257/252/216 258/253/217 198/192/163
f 258/253/217 259/254/218 199/193/164
f 259/254/218 260/255/219 200/194/165
f 260/255/219 261/256/220 201/195/166
f 261/256/220 262/257/221 202/196/167
f 262/257/221 263/258/222 203/197/168
f 263/258/222 264/259/223 204/198/169
f 264/259/223 265/260/224 205/199/170
f 265/260/224 266/261/225 206/200/171
f 266/261/225 267/262/226 207/201/172
f 267/262/226 268/263/227 208/202/173
f 268/263/227 269/265/228 209/264/174
f 269/265/228 270/266/229 210/204/175
f 270/266/229 271/267/230 211/205/176
f 271/267/230 272/268/231 212/206/177
f 272/268/231 273/269/232 213/207/178
f 273/269/232 274/327/233 214/208/179
f 214/208/179 274/327/233 275/270/234
f 215/209/180 275/270/234 276/271/235
f 276/271/235 277/272/236 217/211/182
f 277/272/236 278/273/237 218/212/183
f 278/273/237 279/274/238 219/214/184
f 279/274/238 280/275/239 220/215/185
f 280/275/239 281/276/240 221/216/186
f 281/276/240 282/335/241 222/277/187
f 222/277/187 282/335/241 283/278/242
f 223/218/188 283/278/242 284/279/243
f 224/219/189 284/279/243 285/280/244
f 225/220/190 285/280/244 286/281/245
f 226/221/191 286/281/245 287/282/246
f 227/222/192 287/282/246 288/283/247
f 228/223/193 288/283/247 289/284/248
f 229/224/194 289/284/248 290/285/249
f 230/225/195 290/285/249 291/286/250
f 231/226/196 291/286/250 292/287/251
f 232/227/197 292/287/251 293/288/252
f 233/228/198 293/288/252 294/289/253
f 234/229/199 294/289/253 295/290/254
f 295/290/254 296/291/6 236/231/6
f 296/291/6 297/292/6 237/232/6
f 297/292/6 298/293/6 238/233/6
f 298/293/6 299/294/6 239/234/6
f 299/294/6 300/353/6 240/295/6
f 241/236/200 301/354/255 302/296/256
f 302/296/256 303/357/257 243/238/202
f 243/238/202 303/357/257 304/298/258
f 304/298/258 305/299/259 245/240/204
f 305/299/259 306/360/260 246/241/205
f 246/241/205 306/360/260 307/300/261
f 247/242/206 307/300/261 308/301/262
f 248/243/207 308/301/262 309/302/263
f 309/302/263 310/303/264 250/245/209
f 310/303/264 311/304/265 251/246/210
f 311/304/265 312/305/266 252/247/211
f 312/305/266 313/367/267 253/306/212
f 253/306/212 313/367/267 314/307/268
f 254/248/213 314/307/268 315/308/269
f 255/250/214 315/308/269 316/309/270
f 256/251/215 316/309/270 317/310/271
f 317/310/271 318/311/272 258/253/217
f 318/311/272 319/312/273 259/254/218
f 319/312/273 320/313/274 260/255/219
f 320/313/274 321/314/275 261/256/220
f 321/314/275 322/315/276 262/257/221
f 322/315/276 323/316/277 263/258/222
f 323/316/277 324/317/278 264/259/223
f 324/317/278 325/318/279 265/260/224
f 325/318/279 326/319/280 266/261/225
f 326/319/280 327/320/281 267/262/226
f 327/320/281 328/321/282 268/263/227
f 328/321/282 329/322/283 269/265/228
f 329/322/283 330/323/284 270/266/229
f 330/323/284 331/324/285 271/267/230
f 331/324/285 332/325/286 272/268/231
f 332/325/286 333/326/287 273/269/232
f 333/326/287 334/387/288 274/327/233
f 274/327/233 334/387/288 335/328/289
f 275/270/234 335/328/289 336/329/290
f 336/329/290 337/330/291 277/272/236
f 337/330/291 338/331/292 278/273/237
f 338/331/292 339/332/293 279/274/238
f 339/332/293 340/333/294 280/275/239
f 340/333/294 341/334/295 281/276/240
f 341/334/295 342/394/296 282/335/241
f 282/335/241 342/394/296 343/336/297
f 283/278/242 343/336/297 344/337/298
f 284/279/243 344/337/298 345/338/299
f 285/280/244 345/338/299 346/339/300
f 286/281/245 346/339/300 347/340/301
f 287/282/246 347/340/301 348/341/302
f 288/283/247 348/341/302 349/342/303
f 289/284/248 349/342/303 350/343/304
f 290/285/249 350/343/304 351/344/305
f 291/286/250 351/344/305 352/345/306
f 292/287/251 352/345/306 353/346/307
f 293/288/252 353/346/307 354/347/308
f 294/289/253 354/347/308 355/348/309
f 295/290/254 355/348/309 356/349/310
f 356/349/310 357/350/6 297/292/6
f 357/350/6 358/351/6 298/293/6
f 358/351/6 359/352/6 299/294/6
f 359/352/6 360/412/6 300/353/6
f 301/354/255 361/414/311 362/355/312
f 302/296/256 362/355/312 363/356/313
f 363/356/313 364/417/314 304/298/258
f 304/298/258 364/417/314 365/358/315
f 305/299/259 365/358/315 366/359/316
f 306/360/260 366/359/316 367/361/317
f 307/300/261 367/361/317 368/362/318
f 308/301/262 368/362/318 369/363/319
f 309/302/263 369/363/319 370/364/320
f 370/364/320 371/365/321 311/304/265
f 371/365/321 372/366/322 312/305/266
f 372/366/322 373/425/323 313/367/267
f 313/367/267 373/425/323 374/368/324
f 314/307/268 374/368/324 375/369/325
f 375/369/325 376/370/326 316/309/270
f 376/370/326 377/371/327 317/310/271
f 377/371/327 378/372/328 318/311/272
f 378/372/328 379/373/329 319/312/273
f 379/373/329 380/374/330 320/313/274
f 380/374/330 381/375/331 321/314/275
f 381/375/331 382/434/332 322/315/276
f 322/315/276 382/434/332 383/376/333
f 383/376/333 384/377/334 324/317/278
f 384/377/334 385/378/335 325/318/279
f 385/378/335 386/379/336 326/319/280
f 386/379/336 387/380/337 327/320/281
f 387/380/337 388/381/338 328/321/282
f 388/381/338 389/382/339 329/322/283
f 389/382/339 390/383/340 330/323/284
f 390/383/340 391/384/341 331/324/285
f 391/384/341 392/385/342 332/325/286
f 392/385/342 393/386/343 333/326/287
f 393/386/343 394/446/344 334/387/288
f 334/387/288 394/446/344 395/388/345
f 335/328/289 395/388/345 396/389/346
f 396/389/346 397/390/347 337/330/291
f 397/390/347 398/391/348 338/331/292
f 398/391/348 399/451/349 339/332/293
f 339/332/293 399/451/349 400/392/350
f 340/333/294 400/392/350 401/393/351
f 401/393/351 402/455/352 342/394/296
f 342/394/296 402/455/352 403/395/353
f 343/336/297 403/395/353 404/396/354
f 344/337/298 404/396/354 405/397/355
f 345/338/299 405/397/355 406/398/356
f 346/339/300 406/398/356 407/399/357
f 347/340/301 407/399/357 408/400/358
f 348/341/302 408/400/358 409/401/359
f 349/342/303 409/401/359 410/402/360
f 350/343/304 410/402/360 411/403/361
f 351/344/305 411/403/361 412/404/362
f 352/345/306 412/404/362 413/405/363
f 353/346/307 413/405/363 414/406/364
f 354/347/308 414/406/364 415/407/365
f 355/348/309 415/407/365 416/408/366
f 356/349/310 416/408/366 417/409/367
f 417/409/367 418/410/43 358/351/6
f 418/410/43 419/411/6 359/352/6
f 419/411/6 420/473/6 360/412/6
f 421/413/368 422/415/369 362/355/312
f 422/415/369 423/476/370 363/356/313
f 363/356/313 423/476/370 424/416/371
f 424/416/371 425/479/372 365/358/315
f 365/358/315 425/479/372 426/418/373
f 366/359/316 426/418/373 427/419/374
f 427/419/374 428/420/375 368/362/318
f 428/420/375 429/421/376 369/363/319
f 429/421/376 430/422/377 370/364/320
f 430/422/377 431/423/378 371/365/321
f 431/423/378 432/424/379 372/366/322
f 432/424/379 433/487/380 373/425/323
f 373/425/323 433/487/380 434/426/381
f 374/368/324 434/426/381 435/427/382
f 435/427/382 436/428/383 376/370/326
f 436/428/383 437/429/384 377/371/327
f 437/429/384 438/430/385 378/372/328
f 438/430/385 439/431/386 379/373/329
f 439/431/386 440/432/387 380/374/330
f 440/432/387 441/433/388 381/375/331
f 441/433/388 442/497/389 382/434/332
f 382/434/332 442/497/389 443/435/390
f 443/435/390 444/436/391 384/377/334
f 444/436/391 445/437/392 385/378/335
f 445/437/392 446/438/393 386/379/336
f 446/438/393 447/439/394 387/380/337
f 447/439/394 448/440/395 388/381/338
f 448/440/395 449/441/396 389/382/339
f 449/441/396 450/442/397 390/383/340
f 450/442/397 451/443/398 391/384/341
f 451/443/398 452/444/399 392/385/342
f 452/444/399 453/508/400 393/386/343
f 393/386/343 453/508/400 454/445/401
f 394/446/344 454/445/401 455/447/402
f 395/388/345 455/447/402 456/448/403
f 456/448/403 457/449/404 397/390/347
f 457/449/404 458/450/405 398/391/348
f 458/450/405 459/514/406 399/451/349
f 399/451/349 459/514/406 460/452/407
f 400/392/350 460/452/407 461/453/408
f 401/393/351 461/453/408 462/454/409
f 402/455/352 462/454/409 463/456/410
f 403/395/353 463/456/410 464/457/411
f 404/396/354 464/457/411 465/458/412
f 405/397/355 465/458/412 466/459/413
f 406/398/356 466/459/413 467/460/414
f 407/399/357 467/460/414 468/461/415
f 408/400/358 468/461/415 469/462/416
f 409/401/359 469/462/416 470/463/417
f 410/402/360 470/463/417 471/464/418
f 411/403/361 471/464/418 472/465/419
f 412/404/362 472/465/419 473/466/420
f 413/405/363 473/466/420 474/467/421
f 414/406/364 474/467/421 475/468/422
f 415/407/365 475/468/422 476/469/423
f 416/408/366 476/469/423 477/470/424
f 477/470/424 478/471/425 418/410/43
f 478/471/425 479/472/6 419/411/6
f 479/472/6 480/535/6 420/473/6
f 481/474/426 482/475/427 422/415/369
f 482/475/427 483/538/428 423/476/370
f 423/476/370 483/538/428 484/477/429
f 424/416/371 484/477/429 485/478/430
f 485/478/430 486/480/431 426/418/373
f 486/480/431 487/481/432 427/419/374
f 487/481/432 488/482/433 428/420/375
f 488/482/433 489/483/434 429/421/376
f 489/483/434 490/484/435 430/422/377
f 490/484/435 491/485/436 431/423/378
f 491/485/436 492/486/437 432/424/379
f 492/486/437 493/488/438 433/487/380
f 493/488/438 494/489/439 434/426/381
f 494/489/439 495/490/440 435/427/382
f 495/490/440 496/491/441 436/428/383
f 496/491/441 497/492/442 437/429/384
f 497/492/442 498/493/443 438/430/385
f 498/493/443 499/494/444 439/431/386
f 499/494/444 500/495/445 440/432/387
f 500/495/445 501/557/446 441/433/388
f 441/433/388 501/557/446 502/496/447
f 442/497/389 502/496/447 503/498/448
f 503/498/448 504/499/449 444/436/391
f 504/499/449 505/500/450 445/437/392
f 505/500/450 506/501/451 446/438/393
f 506/501/451 507/502/452 447/439/394
f 507/502/452 508/503/453 448/440/395
f 508/503/453 509/504/454 449/441/396
f 509/504/454 510/505/455 450/442/397
f 510/505/455 511/506/456 451/443/398
f 511/506/456 512/568/457 452/444/399
f 452/444/399 512/568/457 513/507/458
f 453/508/400 513/507/458 514/509/459
f 514/509/459 515/510/460 455/447/402
f 515/510/460 516/511/461 456/448/403
f 516/511/461 517/512/462 457/449/404
f 517/512/462 518/513/463 458/450/405
f 518/513/463 519/576/464 459/514/406
f 459/514/406 519/576/464 520/515/465
f 460/452/407 520/515/465 521/516/466
f 461/453/408 521/516/466 522/517/467
f 462/454/409 522/517/467 523/518/468
f 463/456/410 523/518/468 524/519/469
f 464/457/411 524/519/469 525/520/470
f 465/458/412 525/520/470 526/521/471
f 466/459/413 526/521/471 527/522/472
f 467/460/414 527/522/472 528/523/473
f 468/461/415 528/523/473 529/524/474
f 469/462/416 529/524/474 530/525/475
f 470/463/417 530/525/475 531/526/476
f 471/464/418 531/526/476 532/527/477
f 472/465/419 532/527/477 533/528/478
f 473/466/420 533/528/478 534/529/479
f 474/467/421 534/529/479 535/530/480
f 475/468/422 535/530/480 536/531/481
f 476/469/423 536/531/481 537/532/482
f 477/470/424 537/532/482 538/533/483
f 538/533/483 539/534/43 479/472/6
f 539/534/43 540/597/6 480/535/6
f 541/536/484 542/537/485 482/475/427
f 542/537/485 543/539/486 483/538/428
f 543/539/486 544/540/487 484/477/429
f 544/540/487 545/541/488 485/478/430
f 545/541/488 546/542/489 486/480/431
f 546/542/489 547/543/490 487/481/432
f 547/543/490 548/544/491 488/482/433
f 548/544/491 549/545/492 489/483/434
f 549/545/492 550/546/493 490/484/435
f 550/546/493 551/547/494 491/485/436
f 551/547/494 552/548/495 492/486/437
f 552/548/495 553/549/496 493/488/438
f 553/549/496 554/550/497 494/489/439
f 554/550/497 555/551/498 495/490/440
f 555/551/498 556/552/499 496/491/441
f 556/552/499 557/553/500 497/492/442
f 557/553/500 558/554/501 498/493/443
f 558/554/501 559/555/502 499/494/444
f 559/555/502 560/617/503 500/495/445
f 500/495/445 560/617/503 561/556/504
f 501/557/446 561/556/504 562/558/505
f 502/496/447 562/558/505 563/559/506
f 503/498/448 563/559/506 564/560/507
f 564/560/507 565/561/508 505/500/450
f 565/561/508 566/562/509 506/501/451
f 566/562/509 567/563/510 507/502/452
f 567/563/510 568/564/511 508/503/453
f 568/564/511 569/565/512 509/504/454
f 569/565/512 570/566/513 510/505/455
f 570/566/513 571/567/514 511/506/456
f 571/567/514 572/569/515 512/568/457
f 572/569/515 573/570/516 513/507/458
f 573/570/516 574/571/517 514/509/459
f 574/571/517 575/572/518 515/510/460
f 575/572/518 576/573/519 516/511/461
f 576/573/519 577/574/520 517/512/462
f 577/574/520 578/575/521 518/513/463
f 578/575/521 579/636/522 519/576/464
f 519/576/464 579/636/522 580/577/523
f 520/515/465 580/577/523 581/578/524
f 521/516/466 581/578/524 582/579/525
f 522/517/467 582/579/525 583/580/526
f 523/518/468 583/580/526 584/581/527
f 524/519/469 584/581/527 585/582/528
f 525/520/470 585/582/528 586/583/529
f 526/521/471 586/583/529 587/584/530
f 527/522/472 587/584/530 588/585/531
f 528/523/473 588/585/531 589/586/532
f 529/524/474 589/586/532 590/587/533
f 530/525/475 590/587/533 591/588/534
f 531/526/476 591/588/534 592/589/535
f 532/527/477 592/589/535 593/590/536
f 533/528/478 593/590/536 594/591/537
f 534/529/479 594/591/537 595/592/538
f 535/530/480 595/592/538 596/593/539
f 536/531/481 596/593/539 597/594/540
f 537/532/482 597/594/540 598/595/541
f 598/595/541 599/596/425 539/534/43
f 599/596/425 600/657/6 540/597/6
f 601/598/542 602/599/543 542/537/485
f 602/599/543 603/600/544 543/539/486
f 603/600/544 604/601/545 544/540/487
f 604/601/545 605/602/546 545/541/488
f 605/602/546 606/603/547 546/542/489
f 606/603/547 607/604/548 547/543/490
f 607/604/548 608/605/549 548/544/491
f 608/605/549 609/606/550 549/545/492
f 609/606/550 610/607/551 550/546/493
f 610/607/551 611/608/552 551/547/494
f 611/608/552 612/609/553 552/548/495
f 612/609/553 613/610/554 553/549/496
f 613/610/554 614/611/555 554/550/497
f 614/611/555 615/612/556 555/551/498
f 615/612/556 616/613/557 556/552/499
f 616/613/557 617/614/558 557/553/500
f 617/614/558 618/615/559 558/554/501
f 618/615/559 619/616/560 559/555/502
f 619/616/560 620/676/561 560/617/503
f 560/617/503 620/676/561 621/618/562
f 561/556/504 621/618/562 622/619/563
f 562/558/505 622/619/563 623/620/564
f 563/559/506 623/620/564 624/621/565
f 624/621/565 625/622/566 565/561/508
f 625/622/566 626/623/567 566/562/509
f 626/623/567 627/624/568 567/563/510
f 627/624/568 628/625/569 568/564/511
f 628/625/569 629/626/570 569/565/512
f 629/626/570 630/627/571 570/566/513
f 630/627/571 631/628/572 571/567/514
f 631/628/572 632/629/573 572/569/515
f 632/629/573 633/630/574 573/570/516
f 633/630/574 634/631/575 574/571/517
f 634/631/575 635/632/576 575/572/518
f 635/632/576 636/633/577 576/573/519
f 636/633/577 637/634/578 577/574/520
f 637/634/578 638/693/579 578/575/521
f 578/575/521 638/693/579 639/635/580
f 579/636/522 639/635/580 640/637/581
f 580/577/523 640/637/581 641/638/582
f 581/578/524 641/638/582 642/639/583
f 582/579/525 642/639/583 643/640/584
f 583/580/526 643/640/584 644/641/585
f 584/581/527 644/641/585 645/642/586
f 585/582/528 645/642/586 646/643/587
f 586/583/529 646/643/587 647/644/588
f 587/584/530 647/644/588 648/645/589
f 588/585/531 648/645/589 649/646/590
f 589/586/532 649/646/590 650/647/591
f 590/587/533 650/647/591 651/648/592
f 591/588/534 651/648/592 652/649/593
f 592/589/535 652/649/593 653/650/594
f 593/590/536 653/650/594 654/651/595
f 594/591/537 654/651/595 655/652/596
f 595/592/538 655/652/596 656/653/597
f 596/593/539 656/653/597 657/654/598
f 597/594/540 657/654/598 658/655/599
f 598/595/541 658/655/599 659/656/600
f 659/656/600 660/714/6 600/657/6
f 661/658/601 662/659/602 602/599/543
f 662/659/602 663/660/603 603/600/544
f 663/660/603 664/661/604 604/601/545
f 664/661/604 665/718/605 605/602/546
f 605/602/546 665/718/605 666/662/606
f 666/662/606 667/663/607 607/604/548
f 667/663/607 668/664/608 608/605/549
f 668/664/608 669/665/609 609/606/550
f 669/665/609 670/666/610 610/607/551
f 670/666/610 671/667/611 611/608/552
f 671/667/611 672/668/612 612/609/553
f 672/668/612 673/669/613 613/610/554
f 673/669/613 674/670/614 614/611/555
f 674/670/614 675/671/615 615/612/556
f 675/671/615 676/672/616 616/613/557
f 676/672/616 677/673/617 617/614/558
f 677/673/617 678/674/618 618/615/559
f 678/674/618 679/675/619 619/616/560
f 679/675/619 680/677/620 620/676/561
f 680/677/620 681/732/621 621/618/562
f 621/618/562 681/732/621 682/678/622
f 622/619/563 682/678/622 683/679/623
f 623/620/564 683/679/623 684/680/624
f 684/680/624 685/681/625 625/622/566
f 685/681/625 686/682/626 626/623/567
f 686/682/626 687/683/627 627/624/568
f 687/683/627 688/684/628 628/625/569
f 688/684/628 689/685/629 629/626/570
f 689/685/629 690/741/630 630/627/571
f 630/627/571 690/741/630 691/686/631
f 691/686/631 692/744/632 632/629/573
f 632/629/573 692/744/632 693/687/633
f 633/630/574 693/687/633 694/688/634
f 634/631/575 694/688/634 695/689/635
f 635/632/576 695/689/635 696/690/636
f 636/633/577 696/690/636 697/691/637
f 637/634/578 697/691/637 698/692/638
f 698/692/638 699/752/639 639/635/580
f 639/635/580 699/752/639 700/694/640
f 640/637/581 700/694/640 701/695/641
f 641/638/582 701/695/641 702/696/642
f 642/639/583 702/696/642 703/697/643
f 643/640/584 703/697/643 704/698/644
f 644/641/585 704/698/644 705/699/645
f 645/642/586 705/699/645 706/700/646
f 646/643/587 706/700/646 707/701/647
f 647/644/588 707/701/647 708/702/648
f 648/645/589 708/702/648 709/703/649
f 649/646/590 709/703/649 710/704/650
f 650/647/591 710/704/650 711/705/651
f 651/648/592 711/705/651 712/706/652
f 652/649/593 712/706/652 713/707/653
f 653/650/594 713/707/653 714/708/654
f 654/651/595 714/708/654 715/709/655
f 655/652/596 715/709/655 716/710/656
f 656/653/597 716/710/656 717/711/657
f 657/654/598 717/711/657 718/712/658
f 658/655/599 718/712/658 719/713/659
f 719/713/659 720/772/6 660/714/6
f 721/715/660 722/774/661 662/659/602
f 662/659/602 722/774/661 723/716/662
f 663/660/603 723/716/662 724/717/663
f 724/717/663 725/719/664 665/718/605
f 725/719/664 726/720/665 666/662/606
f 726/720/665 727/721/666 667/663/607
f 727/721/666 728/780/667 668/664/608
f 668/664/608 728/780/667 729/722/668
f 669/665/609 729/722/668 730/723/669
f 730/723/669 731/724/670 671/667/611
f 731/724/670 732/725/671 672/668/612
f 732/725/671 733/726/672 673/669/613
f 733/726/672 734/727/673 674/670/614
f 734/727/673 735/728/674 675/671/615
f 735/728/674 736/788/675 676/672/616
f 676/672/616 736/788/675 737/729/676
f 737/729/676 738/730/677 678/674/618
f 738/730/677 739/791/678 679/675/619
f 679/675/619 739/791/678 740/731/679
f 740/731/679 741/793/680 681/732/621
f 681/732/621 741/793/680 742/733/681
f 682/678/622 742/733/681 743/734/682
f 683/679/623 743/734/682 744/735/683
f 744/735/683 745/736/684 685/681/625
f 745/736/684 746/737/685 686/682/626
f 746/737/685 747/738/686 687/683/627
f 747/738/686 748/739/687 688/684/628
f 748/739/687 749/801/688 689/685/629
f 689/685/629 749/801/688 750/740/689
f 690/741/630 750/740/689 751/742/690
f 691/686/631 751/742/690 752/743/691
f 692/744/632 752/743/691 753/745/692
f 693/687/633 753/745/692 754/746/693
f 694/688/634 754/746/693 755/747/694
f 695/689/635 755/747/694 756/748/695
f 696/690/636 756/748/695 757/749/696
f 697/691/637 757/749/696 758/750/697
f 698/692/638 758/750/697 759/751/698
f 759/751/698 760/812/699 700/694/640
f 700/694/640 760/812/699 761/753/700
f 701/695/641 761/753/700 762/754/701
f 702/696/642 762/754/701 763/755/702
f 703/697/643 763/755/702 764/756/703
f 704/698/644 764/756/703 765/757/704
f 705/699/645 765/757/704 766/758/705
f 706/700/646 766/758/705 767/759/706
f 707/701/647 767/759/706 768/760/707
f 708/702/648 768/760/707 769/761/708
f 709/703/649 769/761/708 770/762/709
f 710/704/650 770/762/709 771/763/710
f 711/705/651 771/763/710 772/764/711
f 712/706/652 772/764/711 773/765/712
f 713/707/653 773/765/712 774/766/713
f 714/708/654 774/766/713 775/767/714
f 715/709/655 775/767/714 776/768/715
f 716/710/656 776/768/715 777/769/716
f 717/711/657 777/769/716 778/770/717
f 718/712/658 778/770/717 779/771/718
f 779/771/718 780/831/719 720/772/6
f 781/773/720 782/833/721 722/774/661
f 722/774/661 782/833/721 783/775/722
f 723/716/662 783/775/722 784/776/723
f 724/717/663 784/776/723 785/777/724
f 725/719/664 785/777/724 786/778/725
f 786/778/725 787/779/726 727/721/666
f 787/779/726 788/839/727 728/780/667
f 728/780/667 788/839/727 789/781/728
f 729/722/668 789/781/728 790/782/729
f 730/723/669 790/782/729 791/783/730
f 731/724/670 791/783/730 792/784/731
f 732/725/671 792/784/731 793/785/732
f 793/785/732 794/786/733 734/727/673
f 794/786/733 795/847/734 735/728/674
f 735/728/674 795/847/734 796/787/735
f 736/788/675 796/787/735 797/789/736
f 737/729/676 797/789/736 798/790/737
f 798/790/737 799/852/738 739/791/678
f 739/791/678 799/852/738 800/792/739
f 800/792/739 801/854/740 741/793/680
f 741/793/680 801/854/740 802/794/741
f 742/733/681 802/794/741 803/795/742
f 743/734/682 803/795/742 804/796/743
f 744/735/683 804/796/743 805/797/744
f 805/797/744 806/798/745 746/737/685
f 806/798/745 807/860/746 747/738/686
f 747/738/686 807/860/746 808/799/747
f 748/739/687 808/799/747 809/800/748
f 749/801/688 809/800/748 810/802/749
f 750/740/689 810/802/749 811/803/750
f 751/742/690 811/803/750 812/804/751
f 752/743/691 812/804/751 813/805/752
f 813/805/752 814/806/753 754/746/693
f 814/806/753 815/867/754 755/747/694
f 755/747/694 815/867/754 816/807/755
f 756/748/695 816/807/755 817/808/756
f 757/749/696 817/808/756 818/809/757
f 758/750/697 818/809/757 819/810/758
f 759/751/698 819/810/758 820/811/759
f 820/811/759 821/813/760 761/753/700
f 821/813/760 822/814/761 762/754/701
f 822/814/761 823/875/762 763/755/702
f 763/755/702 823/875/762 824/815/763
f 764/756/703 824/815/763 825/816/764
f 825/816/764 826/878/765 766/758/705
f 766/758/705 826/878/765 827/817/766
f 767/759/706 827/817/766 828/818/767
f 768/760/707 828/818/767 829/819/768
f 769/761/708 829/819/768 830/820/769
f 770/762/709 830/820/769 831/821/770
f 771/763/710 831/821/770 832/822/771
f 772/764/711 832/822/771 833/823/772
f 773/765/712 833/823/772 834/824/773
f 774/766/713 834/824/773 835/825/774
f 775/767/714 835/825/774 836/826/775
f 776/768/715 836/826/775 837/827/776
f 777/769/716 837/827/776 838/828/777
f 778/770/717 838/828/777 839/829/778
f 779/771/718 839/829/778 840/830/779
f 781/773/720 841/893/780 842/832/781
f 782/833/721 842/832/781 843/834/782
f 783/775/722 843/834/782 844/835/783
f 784/776/723 844/835/783 845/836/784
f 785/777/724 845/836/784 846/837/785
f 786/778/725 846/837/785 847/838/786
f 847/838/786 848/901/787 788/839/727
f 788/839/727 848/901/787 849/840/788
f 789/781/728 849/840/788 850/841/789
f 790/782/729 850/841/789 851/842/790
f 791/783/730 851/842/790 852/843/791
f 792/784/731 852/843/791 853/844/792
f 793/785/732 853/844/792 854/845/793
f 794/786/733 854/845/793 855/846/794
f 795/847/734 855/846/794 856/848/795
f 796/787/735 856/848/795 857/849/796
f 797/789/736 857/849/796 858/850/797
f 798/790/737 858/850/797 859/851/798
f 859/851/798 860/914/799 800/792/739
f 800/792/739 860/914/799 861/853/800
f 801/854/740 861/853/800 862/855/801
f 802/794/741 862/855/801 863/856/802
f 803/795/742 863/856/802 864/857/803
f 804/796/743 864/857/803 865/858/804
f 865/858/804 866/859/805 806/798/745
f 866/859/805 867/921/806 807/860/746
f 807/860/746 867/921/806 868/861/807
f 808/799/747 868/861/807 869/862/808
f 809/800/748 869/862/808 870/863/809
f 870/863/809 871/925/810 811/803/750
f 811/803/750 871/925/810 872/864/811
f 812/804/751 872/864/811 873/865/812
f 873/865/812 874/866/813 814/806/753
f 874/866/813 875/868/814 815/867/754
f 875/868/814 876/869/815 816/807/755
f 876/869/815 877/870/816 817/808/756
f 877/870/816 878/932/817 818/809/757
f 818/809/757 878/932/817 879/871/818
f 819/810/758 879/871/818 880/872/819
f 820/811/759 880/872/819 881/873/820
f 821/813/760 881/873/820 882/874/821
f 882/874/821 883/936/822 823/875/762
f 823/875/762 883/936/822 884/876/823
f 884/876/823 885/877/824 825/816/764
f 885/877/824 886/879/825 826/878/765
f 886/879/825 887/880/826 827/817/766
f 887/880/826 888/941/827 828/818/767
f 828/818/767 888/941/827 889/881/828
f 829/819/768 889/881/828 890/882/829
f 830/820/769 890/882/829 891/883/830
f 831/821/770 891/883/830 892/884/831
f 832/822/771 892/884/831 893/885/832
f 833/823/772 893/885/832 894/886/833
f 834/824/773 894/886/833 895/887/834
f 835/825/774 895/887/834 896/888/835
f 836/826/775 896/888/835 897/889/836
f 837/827/776 897/889/836 898/890/837
f 838/828/777 898/890/837 899/891/838
f 839/829/778 899/891/838 900/892/839
f 841/893/780 901/954/840 902/894/841
f 842/832/781 902/894/841 903/895/842
f 843/834/782 903/895/842 904/896/843
f 844/835/783 904/896/843 905/897/844
f 845/836/784 905/897/844 906/898/845
f 846/837/785 906/898/845 907/899/846
f 847/838/786 907/899/846 908/900/847
f 848/901/787 908/900/847 909/902/848
f 849/840/788 909/902/848 910/903/849
f 850/841/789 910/903/849 911/904/850
f 851/842/790 911/904/850 912/905/851
f 852/843/791 912/905/851 913/906/852
f 853/844/792 913/906/852 914/907/853
f 854/845/793 914/907/853 915/908/854
f 855/846/794 915/908/854 916/909/855
f 856/848/795 916/909/855 917/910/856
f 857/849/796 917/910/856 918/911/857
f 858/850/797 918/911/857 919/912/858
f 859/851/798 919/912/858 920/913/859
f 860/914/799 920/913/859 921/915/860
f 861/853/800 921/915/860 922/916/861
f 862/855/801 922/916/861 923/917/862
f 863/856/802 923/917/862 924/918/863
f 864/857/803 924/918/863 925/919/864
f 925/919/864 926/920/865 866/859/805
f 926/920/865 927/979/866 867/921/806
f 867/921/806 927/979/866 928/922/867
f 868/861/807 928/922/867 929/923/868
f 869/862/808 929/923/868 930/924/869
f 930/924/869 931/982/870 871/925/810
f 871/925/810 931/982/870 932/926/871
f 872/864/811 932/926/871 933/927/872
f 873/865/812 933/927/872 934/928/873
f 874/866/813 934/928/873 935/929/874
f 935/929/874 936/930/875 876/869/815
f 936/930/875 937/989/876 877/870/816
f 877/870/816 937/989/876 938/931/877
f 878/932/817 938/931/877 939/933/878
f 939/933/878 940/993/879 880/872/819
f 880/872/819 940/993/879 941/934/880
f 881/873/820 941/934/880 942/935/881
f 942/935/881 943/996/882 883/936/822
f 883/936/822 943/996/882 944/937/883
f 884/876/823 944/937/883 945/938/884
f 885/877/824 945/938/884 946/939/885
f 946/939/885 947/940/886 887/880/826
f 947/940/886 948/942/887 888/941/827
f 948/942/887 949/1002/888 889/881/828
f 889/881/828 949/1002/888 950/943/889
f 890/882/829 950/943/889 951/944/890
f 891/883/830 951/944/890 952/945/891
f 892/884/831 952/945/891 953/946/892
f 893/885/832 953/946/892 954/947/893
f 894/886/833 954/947/893 955/948/894
f 895/887/834 955/948/894 956/949/895
f 896/888/835 956/949/895 957/950/896
f 897/889/836 957/950/896 958/951/897
f 898/890/837 958/951/897 959/952/898
f 899/891/838 959/952/898 960/953/899
f 901/954/840 961/1014/900 962/955/901
f 902/894/841 962/955/901 963/956/902
f 903/895/842 963/956/902 964/957/903
f 964/957/903 965/958/904 905/897/844
f 965/958/904 966/1019/905 906/898/845
f 906/898/845 966/1019/905 967/959/906
f 907/899/846 967/959/906 968/960/907
f 908/900/847 968/960/907 969/961/908
f 909/902/848 969/961/908 970/962/909
f 910/903/849 970/962/909 971/963/910
f 911/904/850 971/963/910 972/964/911
f 912/905/851 972/964/911 973/965/912
f 913/906/852 973/965/912 974/966/913
f 914/907/853 974/966/913 975/967/914
f 915/908/854 975/967/914 976/968/915
f 916/909/855 976/968/915 977/969/916
f 917/910/856 977/969/916 978/970/917
f 918/911/857 978/970/917 979/971/918
f 919/912/858 979/971/918 980/972/919
f 920/913/859 980/972/919 981/973/920
f 921/915/860 981/973/920 982/974/921
f 922/916/861 982/974/921 983/975/922
f 923/917/862 983/975/922 984/976/923
f 984/976/923 985/1038/924 925/919/864
f 925/919/864 985/1038/924 986/977/925
f 926/920/865 986/977/925 987/978/926
f 987/978/926 988/1042/927 928/922/867
f 928/922/867 988/1042/927 989/980/928
f 929/923/868 989/980/928 990/981/929
f 990/981/929 991/983/930 931/982/870
f 991/983/930 992/1046/931 932/926/871
f 932/926/871 992/1046/931 993/984/932
f 933/927/872 993/984/932 994/985/933
f 934/928/873 994/985/933 995/986/934
f 935/929/874 995/986/934 996/987/935
f 936/930/875 996/987/935 997/988/936
f 937/989/876 997/988/936 998/990/937
f 938/931/877 998/990/937 999/991/938
f 939/933/878 999/991/938 1000/992/939
f 1000/992/939 1001/994/940 941/934/880
f 1001/994/940 1002/995/941 942/935/881
f 1002/995/941 1003/1057/942 943/996/882
f 943/996/882 1003/1057/942 1004/997/943
f 944/937/883 1004/997/943 1005/998/944
f 945/938/884 1005/998/944 1006/999/945
f 1006/999/945 1007/1000/946 947/940/886
f 1007/1000/946 1008/1001/947 948/942/887
f 1008/1001/947 1009/1063/948 949/1002/888
f 949/1002/888 1009/1063/948 1010/1003/949
f 950/943/889 1010/1003/949 1011/1004/950
f 951/944/890 1011/1004/950 1012/1005/951
f 952/945/891 1012/1005/951 1013/1006/952
f 953/946/892 1013/1006/952 1014/1007/953
f 954/947/893 1014/1007/953 1015/1008/954
f 955/948/894 1015/1008/954 1016/1009/955
f 956/949/895 1016/1009/955 1017/1010/956
f 957/950/896 1017/1010/956 1018/1011/957
f 958/951/897 1018/1011/957 1019/1012/958
f 959/952/898 1019/1012/958 1020/1013/959
f 961/1014/900 1021/1074/960 1022/1015/961
f 962/955/901 1022/1015/961 1023/1016/962
f 1023/1016/962 1024/1017/963 964/957/903
f 1024/1017/963 1025/1018/964 965/958/904
f 1025/1018/964 1026/1020/965 966/1019/905
f 1026/1020/965 1027/1021/966 967/959/906
f 1027/1021/966 1028/1022/967 968/960/907
f 1028/1022/967 1029/1023/968 969/961/908
f 1029/1023/968 1030/1083/969 970/962/909
f 970/962/909 1030/1083/969 1031/1024/970
f 971/963/910 1031/1024/970 1032/1025/971
f 972/964/911 1032/1025/971 1033/1026/972
f 973/965/912 1033/1026/972 1034/1027/973
f 974/966/913 1034/1027/973 1035/1028/974
f 975/967/914 1035/1028/974 1036/1029/975
f 976/968/915 1036/1029/975 1037/1030/976
f 977/969/916 1037/1030/976 1038/1031/977
f 978/970/917 1038/1031/977 1039/1032/978
f 979/971/918 1039/1032/978 1040/1033/979
f 980/972/919 1040/1033/979 1041/1034/980
f 981/973/920 1041/1034/980 1042/1035/981
f 982/974/921 1042/1035/981 1043/1036/982
f 983/975/922 1043/1036/982 1044/1037/983
f 1044/1037/983 1045/1039/984 985/1038/924
f 1045/1039/984 1046/1040/985 986/977/925
f 1046/1040/985 1047/1041/986 987/978/926
f 1047/1041/986 1048/1043/987 988/1042/927
f 1048/1043/987 1049/1102/988 989/980/928
f 989/980/928 1049/1102/988 1050/1044/989
f 990/981/929 1050/1044/989 1051/1045/990
f 1051/1045/990 1052/1047/991 992/1046/931
f 1052/1047/991 1053/1048/992 993/984/932
f 1053/1048/992 1054/1049/993 994/985/933
f 1054/1049/993 1055/1107/994 995/986/934
f 995/986/934 1055/1107/994 1056/1050/995
f 996/987/935 1056/1050/995 1057/1051/996
f 997/988/936 1057/1051/996 1058/1052/997
f 998/990/937 1058/1052/997 1059/1053/998
f 999/991/938 1059/1053/998 1060/1054/999
f 1060/1054/999 1061/1055/1000 1001/994/940
f 1061/1055/1000 1062/1056/1001 1002/995/941
f 1062/1056/1001 1063/1115/1002 1003/1057/942
f 1003/1057/942 1063/1115/1002 1064/1058/1003
f 1004/997/943 1064/1058/1003 1065/1059/1004
f 1005/998/944 1065/1059/1004 1066/1060/1005
f 1066/1060/1005 1067/1061/1006 1007/1000/946
f 1067/1061/1006 1068/1062/1007 1008/1001/947
f 1068/1062/1007 1069/1121/1008 1009/1063/948
f 1009/1063/948 1069/1121/1008 1070/1064/1009
f 1010/1003/949 1070/1064/1009 1071/1065/1010
f 1071/1065/1010 1072/1123/1011 1012/1005/951
f 1012/1005/951 1072/1123/1011 1073/1066/1012
f 1013/1006/952 1073/1066/1012 1074/1067/1013
f 1014/1007/953 1074/1067/1013 1075/1068/1014
f 1015/1008/954 1075/1068/1014 1076/1069/1015
f 1016/1009/955 1076/1069/1015 1077/1070/1016
f 1017/1010/956 1077/1070/1016 1078/1071/1017
f 1018/1011/957 1078/1071/1017 1079/1072/1018
f 1019/1012/958 1079/1072/1018 1080/1073/1019
f 1021/1074/960 1081/1133/1020 1082/1075/1021
f 1022/1015/961 1082/1075/1021 1083/1076/1022
f 1083/1076/1022 1084/1077/1023 1024/1017/963
f 1084/1077/1023 1085/1078/1024 1025/1018/964
f 1085/1078/1024 1086/1079/1025 1026/1020/965
f 1086/1079/1025 1087/1080/1026 1027/1021/966
f 1087/1080/1026 1088/1081/1027 1028/1022/967
f 1088/1081/1027 1089/1082/1028 1029/1023/968
f 1089/1082/1028 1090/1084/1029 1030/1083/969
f 1090/1084/1029 1091/1085/1030 1031/1024/970
f 1091/1085/1030 1092/1086/1031 1032/1025/971
f 1092/1086/1031 1093/1144/1032 1033/1026/972
f 1033/1026/972 1093/1144/1032 1094/1087/1033
f 1034/1027/973 1094/1087/1033 1095/1088/1034
f 1035/1028/974 1095/1088/1034 1096/1089/1035
f 1036/1029/975 1096/1089/1035 1097/1090/1036
f 1037/1030/976 1097/1090/1036 1098/1091/1037
f 1038/1031/977 1098/1091/1037 1099/1092/1038
f 1039/1032/978 1099/1092/1038 1100/1093/1039
f 1040/1033/979 1100/1093/1039 1101/1094/1040
f 1041/1034/980 1101/1094/1040 1102/1095/1041
f 1042/1035/981 1102/1095/1041 1103/1096/1042
f 1043/1036/982 1103/1096/1042 1104/1097/1043
f 1044/1037/983 1104/1097/1043 1105/1098/1044
f 1105/1098/1044 1106/1099/1045 1046/1040/985
f 1106/1099/1045 1107/1100/1046 1047/1041/986
f 1107/1100/1046 1108/1160/1047 1048/1043/987
f 1048/1043/987 1108/1160/1047 1109/1101/1048
f 1109/1101/1048 1110/1103/1049 1050/1044/989
f 1110/1103/1049 1111/1163/1050 1051/1045/990
f 1051/1045/990 1111/1163/1050 1112/1104/1051
f 1112/1104/1051 1113/1105/1052 1053/1048/992
f 1113/1105/1052 1114/1106/1053 1054/1049/993
f 1114/1106/1053 1115/1168/1054 1055/1107/994
f 1055/1107/994 1115/1168/1054 1116/1108/1055
f 1056/1050/995 1116/1108/1055 1117/1109/1056
f 1057/1051/996 1117/1109/1056 1118/1110/1057
f 1058/1052/997 1118/1110/1057 1119/1111/1058
f 1119/1111/1058 1120/1112/1059 1060/1054/999
f 1120/1112/1059 1121/1113/1060 1061/1055/1000
f 1121/1113/1060 1122/1114/1061 1062/1056/1001
f 1122/1114/1061 1123/1176/1062 1063/1115/1002
f 1063/1115/1002 1123/1176/1062 1124/1116/1063
f 1124/1116/1063 1125/1117/1064 1065/1059/1004
f 1125/1117/1064 1126/1180/1065 1066/1060/1005
f 1066/1060/1005 1126/1180/1065 1127/1118/1066
f 1067/1061/1006 1127/1118/1066 1128/1119/1067
f 1068/1062/1007 1128/1119/1067 1129/1120/1068
f 1129/1120/1068 1130/1184/1069 1070/1064/1009
f 1070/1064/1009 1130/1184/1069 1131/1122/1070
f 1131/1122/1070 1132/1124/1071 1072/1123/1011
f 1132/1124/1071 1133/1125/1072 1073/1066/1012
f 1133/1125/1072 1134/1189/1073 1074/1067/1013
f 1074/1067/1013 1134/1189/1073 1135/1126/1074
f 1075/1068/1014 1135/1126/1074 1136/1127/1075
f 1076/1069/1015 1136/1127/1075 1137/1128/1076
f 1077/1070/1016 1137/1128/1076 1138/1129/1077
f 1078/1071/1017 1138/1129/1077 1139/1130/1078
f 1079/1072/1018 1139/1130/1078 1140/1131/1079
f 1141/1132/1080 1142/1134/1081 1082/1075/1021
f 1142/1134/1081 1143/1135/1082 1083/1076/1022
f 1143/1135/1082 1144/1199/1083 1084/1077/1023
f 1084/1077/1023 1144/1199/1083 1145/1136/1084
f 1085/1078/1024 1145/1136/1084 1146/1137/1085
f 1086/1079/1025 1146/1137/1085 1147/1138/1086
f 1087/1080/1026 1147/1138/1086 1148/1139/1087
f 1088/1081/1027 1148/1139/1087 1149/1140/1088
f 1089/1082/1028 1149/1140/1088 1150/1141/1089
f 1090/1084/1029 1150/1141/1089 1151/1142/1090
f 1091/1085/1030 1151/1142/1090 1152/1143/1091
f 1152/1143/1091 1153/1145/1092 1093/1144/1032
f 1153/1145/1092 1154/1209/1093 1094/1087/1033
f 1094/1087/1033 1154/1209/1093 1155/1146/1094
f 1095/1088/1034 1155/1146/1094 1156/1147/1095
f 1096/1089/1035 1156/1147/1095 1157/1148/1096
f 1097/1090/1036 1157/1148/1096 1158/1149/1097
f 1098/1091/1037 1158/1149/1097 1159/1150/1098
f 1099/1092/1038 1159/1150/1098 1160/1151/1099
f 1100/1093/1039 1160/1151/1099 1161/1152/1100
f 1101/1094/1040 1161/1152/1100 1162/1153/1101
f 1102/1095/1041 1162/1153/1101 1163/1154/1102
f 1103/1096/1042 1163/1154/1102 1164/1155/1103
f 1104/1097/1043 1164/1155/1103 1165/1156/1104
f 1105/1098/1044 1165/1156/1104 1166/1157/1105
f 1106/1099/1045 1166/1157/1105 1167/1158/1106
f 1107/1100/1046 1167/1158/1106 1168/1159/1107
f 1108/1160/1047 1168/1159/1107 1169/1161/1108
f 1169/1161/1108 1170/1162/1109 1110/1103/1049
f 1170/1162/1109 1171/1227/1110 1111/1163/1050
f 1111/1163/1050 1171/1227/1110 1172/1164/1111
f 1112/1104/1051 1172/1164/1111 1173/1165/1112
f 1113/1105/1052 1173/1165/1112 1174/1166/1113
f 1114/1106/1053 1174/1166/1113 1175/1167/1114
f 1115/1168/1054 1175/1167/1114 1176/1169/1115
f 1116/1108/1055 1176/1169/1115 1177/1170/1116
f 1117/1109/1056 1177/1170/1116 1178/1171/1117
f 1118/1110/1057 1178/1171/1117 1179/1172/1118
f 1179/1172/1118 1180/1173/1119 1120/1112/1059
f 1180/1173/1119 1181/1174/1120 1121/1113/1060
f 1181/1174/1120 1182/1237/1121 1122/1114/1061
f 1122/1114/1061 1182/1237/1121 1183/1175/1122
f 1123/1176/1062 1183/1175/1122 1184/1177/1123
f 1124/1116/1063 1184/1177/1123 1185/1178/1124
f 1125/1117/1064 1185/1178/1124 1186/1179/1125
f 1126/1180/1065 1186/1179/1125 1187/1181/1126
f 1127/1118/1066 1187/1181/1126 1188/1182/1127
f 1128/1119/1067 1188/1182/1127 1189/1183/1128
f 1189/1183/1128 1190/1185/1129 1130/1184/1069
f 1190/1185/1129 1191/1186/1130 1131/1122/1070
f 1191/1186/1130 1192/1187/1131 1132/1124/1071
f 1192/1187/1131 1193/1188/1132 1133/1125/1072
f 1193/1188/1132 1194/1190/1133 1134/1189/1073
f 1194/1190/1133 1195/1191/1134 1135/1126/1074
f 1195/1191/1134 1196/1192/1135 1136/1127/1075
f 1196/1192/1135 1197/1193/1136 1137/1128/1076
f 1197/1193/1136 1198/1194/1137 1138/1129/1077
f 1198/1194/1137 1199/1254/1138 1139/1130/1078
f 1139/1130/1078 1199/1254/1138 1200/1195/1139
f 1201/1196/1140 1202/1197/1141 1142/1134/1081
f 1202/1197/1141 1203/1198/1142 1143/1135/1082
f 1203/1198/1142 1204/1200/1143 1144/1199/1083
f 1204/1200/1143 1205/1260/1144 1145/1136/1084
f 1145/1136/1084 1205/1260/1144 1206/1201/1145
f 1146/1137/1085 1206/1201/1145 1207/1202/1146
f 1147/1138/1086 1207/1202/1146 1208/1203/1147
f 1148/1139/1087 1208/1203/1147 1209/1204/1148
f 1149/1140/1088 1209/1204/1148 1210/1205/1149
f 1150/1141/1089 1210/1205/1149 1211/1206/1150
f 1151/1142/1090 1211/1206/1150 1212/1207/1151
f 1212/1207/1151 1213/1208/1152 1153/1145/1092
f 1213/1208/1152 1214/1210/1153 1154/1209/1093
f 1214/1210/1153 1215/1270/1154 1155/1146/1094
f 1155/1146/1094 1215/1270/1154 1216/1211/1155
f 1156/1147/1095 1216/1211/1155 1217/1212/1156
f 1157/1148/1096 1217/1212/1156 1218/1213/1157
f 1158/1149/1097 1218/1213/1157 1219/1214/1158
f 1159/1150/1098 1219/1214/1158 1220/1215/1159
f 1160/1151/1099 1220/1215/1159 1221/1216/1160
f 1161/1152/1100 1221/1216/1160 1222/1217/1161
f 1162/1153/1101 1222/1217/1161 1223/1218/1162
f 1163/1154/1102 1223/1218/1162 1224/1219/1163
f 1164/1155/1103 1224/1219/1163 1225/1220/1164
f 1165/1156/1104 1225/1220/1164 1226/1221/1165
f 1166/1157/1105 1226/1221/1165 1227/1222/1166
f 1167/1158/1106 1227/1222/1166 1228/1223/1167
f 1168/1159/1107 1228/1223/1167 1229/1224/1168
f 1169/1161/1108 1229/1224/1168 1230/1225/1169
f 1170/1162/1109 1230/1225/1169 1231/1226/1170
f 1231/1226/1170 1232/1228/1171 1172/1164/1111
f 1232/1228/1171 1233/1229/1172 1173/1165/1112
f 1233/1229/1172 1234/1230/1173 1174/1166/1113
f 1234/1230/1173 1235/1231/1174 1175/1167/1114
f 1235/1231/1174 1236/1290/1175 1176/1169/1115
f 1176/1169/1115 1236/1290/1175 1237/1232/1176
f 1177/1170/1116 1237/1232/1176 1238/1233/1177
f 1178/1171/1117 1238/1233/1177 1239/1234/1178
f 1239/1234/1178 1240/1235/1179 1180/1173/1119
f 1240/1235/1179 1241/1236/1180 1181/1174/1120
f 1241/1236/1180 1242/1297/1181 1182/1237/1121
f 1182/1237/1121 1242/1297/1181 1243/1238/1182
f 1183/1175/1122 1243/1238/1182 1244/1239/1183
f 1184/1177/1123 1244/1239/1183 1245/1240/1184
f 1185/1178/1124 1245/1240/1184 1246/1241/1185
f 1186/1179/1125 1246/1241/1185 1247/1242/1186
f 1187/1181/1126 1247/1242/1186 1248/1243/1187
f 1188/1182/1127 1248/1243/1187 1249/1244/1188
f 1249/1244/1188 1250/1245/1189 1190/1185/1129
f 1250/1245/1189 1251/1246/1190 1191/1186/1130
f 1251/1246/1190 1252/1247/1191 1192/1187/1131
f 1252/1247/1191 1253/1248/1192 1193/1188/1132
f 1253/1248/1192 1254/1249/1193 1194/1190/1133
f 1254/1249/1193 1255/1250/1194 1195/1191/1134
f 1255/1250/1194 1256/1251/1195 1196/1192/1135
f 1256/1251/1195 1257/1252/1196 1197/1193/1136
f 1257/1252/1196 1258/1253/1197 1198/1194/1137
f 1258/1253/1197 1259/1255/1198 1199/1254/1138
f 1259/1255/1198 1260/1314/1199 1200/1195/1139
f 1261/1256/1200 1262/1257/1201 1202/1197/1141
f 1262/1257/1201 1263/1258/1202 1203/1198/1142
f 1263/1258/1202 1264/1259/1203 1204/1200/1143
f 1264/1259/1203 1265/1261/1204 1205/1260/1144
f 1265/1261/1204 1266/1262/1205 1206/1201/1145
f 1266/1262/1205 1267/1321/1206 1207/1202/1146
f 1207/1202/1146 1267/1321/1206 1268/1263/1207
f 1208/1203/1147 1268/1263/1207 1269/1264/1208
f 1209/1204/1148 1269/1264/1208 1270/1265/1209
f 1210/1205/1149 1270/1265/1209 1271/1266/1210
f 1271/1266/1210 1272/1267/1211 1212/1207/1151
f 1272/1267/1211 1273/1328/1212 1213/1208/1152
f 1213/1208/1152 1273/1328/1212 1274/1268/1213
f 1214/1210/1153 1274/1268/1213 1275/1269/1214
f 1275/1269/1214 1276/1331/1215 1216/1211/1155
f 1216/1211/1155 1276/1331/1215 1277/1271/1216
f 1217/1212/1156 1277/1271/1216 1278/1272/1217
f 1218/1213/1157 1278/1272/1217 1279/1273/1218
f 1219/1214/1158 1279/1273/1218 1280/1274/1219
f 1220/1215/1159 1280/1274/1219 1281/1275/1220
f 1221/1216/1160 1281/1275/1220 1282/1276/1221
f 1222/1217/1161 1282/1276/1221 1283/1277/1222
f 1223/1218/1162 1283/1277/1222 1284/1278/1223
f 1224/1219/1163 1284/1278/1223 1285/1279/1224
f 1225/1220/1164 1285/1279/1224 1286/1280/1225
f 1226/1221/1165 1286/1280/1225 1287/1281/1226
f 1227/1222/1166 1287/1281/1226 1288/1282/1227
f 1228/1223/1167 1288/1282/1227 1289/1283/1228
f 1229/1224/1168 1289/1283/1228 1290/1284/1229
f 1230/1225/1169 1290/1284/1229 1291/1285/1230
f 1291/1285/1230 1292/1286/1231 1232/1228/1171
f 1292/1286/1231 1293/1287/1232 1233/1229/1172
f 1293/1287/1232 1294/1288/1233 1234/1230/1173
f 1294/1288/1233 1295/1289/1234 1235/1231/1174
f 1295/1289/1234 1296/1291/1235 1236/1290/1175
f 1296/1291/1235 1297/1352/1236 1237/1232/1176
f 1237/1232/1176 1297/1352/1236 1298/1292/1237
f 1238/1233/1177 1298/1292/1237 1299/1293/1238
f 1239/1234/1178 1299/1293/1238 1300/1294/1239
f 1240/1235/1179 1300/1294/1239 1301/1295/1240
f 1241/1236/1180 1301/1295/1240 1302/1296/1241
f 1302/1296/1241 1303/1357/1242 1243/1238/1182
f 1243/1238/1182 1303/1357/1242 1304/1298/1243
f 1244/1239/1183 1304/1298/1243 1305/1299/1244
f 1245/1240/1184 1305/1299/1244 1306/1300/1245
f 1246/1241/1185 1306/1300/1245 1307/1301/1246
f 1247/1242/1186 1307/1301/1246 1308/1302/1247
f 1248/1243/1187 1308/1302/1247 1309/1303/1248
f 1309/1303/1248 1310/1304/1249 1250/1245/1189
f 1310/1304/1249 1311/1305/1250 1251/1246/1190
f 1311/1305/1250 1312/1306/1251 1252/1247/1191
f 1312/1306/1251 1313/1307/1252 1253/1248/1192
f 1313/1307/1252 1314/1308/1253 1254/1249/1193
f 1314/1308/1253 1315/1309/1254 1255/1250/1194
f 1315/1309/1254 1316/1310/1255 1256/1251/1195
f 1316/1310/1255 1317/1311/1256 1257/1252/1196
f 1317/1311/1256 1318/1312/1257 1258/1253/1197
f 1318/1312/1257 1319/1313/1258 1259/1255/1198
f 1319/1313/1258 1320/1374/1259 1260/1314/1199
f 1321/1315/1260 1322/1316/1261 1262/1257/1201
f 1322/1316/1261 1323/1317/1262 1263/1258/1202
f 1323/1317/1262 1324/1318/1263 1264/1259/1203
f 1324/1318/1263 1325/1319/1264 1265/1261/1204
f 1325/1319/1264 1326/1320/1265 1266/1262/1205
f 1326/1320/1265 1327/1322/1266 1267/1321/1206
f 1327/1322/1266 1328/1382/1267 1268/1263/1207
f 1268/1263/1207 1328/1382/1267 1329/1323/1268
f 1269/1264/1208 1329/1323/1268 1330/1324/1269
f 1270/1265/1209 1330/1324/1269 1331/1325/1270
f 1271/1266/1210 1331/1325/1270 1332/1326/1271
f 1272/1267/1211 1332/1326/1271 1333/1327/1272
f 1273/1328/1212 1333/1327/1272 1334/1329/1273
f 1274/1268/1213 1334/1329/1273 1335/1330/1274
f 1335/1330/1274 1336/1332/1275 1276/1331/1215
f 1336/1332/1275 1337/1333/1276 1277/1271/1216
f 1337/1333/1276 1338/1392/1277 1278/1272/1217
f 1278/1272/1217 1338/1392/1277 1339/1334/1278
f 1279/1273/1218 1339/1334/1278 1340/1335/1279
f 1280/1274/1219 1340/1335/1279 1341/1336/1280
f 1281/1275/1220 1341/1336/1280 1342/1337/1281
f 1282/1276/1221 1342/1337/1281 1343/1338/1282
f 1283/1277/1222 1343/1338/1282 1344/1339/1283
f 1284/1278/1223 1344/1339/1283 1345/1340/1284
f 1285/1279/1224 1345/1340/1284 1346/1341/1285
f 1286/1280/1225 1346/1341/1285 1347/1342/1286
f 1287/1281/1226 1347/1342/1286 1348/1343/1287
f 1288/1282/1227 1348/1343/1287 1349/1344/1288
f 1289/1283/1228 1349/1344/1288 1350/1345/1289
f 1290/1284/1229 1350/1345/1289 1351/1346/1290
f 1291/1285/1230 1351/1346/1290 1352/1347/1291
f 1352/1347/1291 1353/1408/1292 1293/1287/1232
f 1293/1287/1232 1353/1408/1292 1354/1348/1293
f 1294/1288/1233 1354/1348/1293 1355/1349/1294
f 1295/1289/1234 1355/1349/1294 1356/1350/1295
f 1296/1291/1235 1356/1350/1295 1357/1351/1296
f 1357/1351/1296 1358/1353/1297 1298/1292/1237
f 1358/1353/1297 1359/1354/1298 1299/1293/1238
f 1359/1354/1298 1360/1415/1299 1300/1294/1239
f 1300/1294/1239 1360/1415/1299 1361/1355/1300
f 1301/1295/1240 1361/1355/1300 1362/1356/1301
f 1362/1356/1301 1363/1358/1302 1303/1357/1242
f 1363/1358/1302 1364/1359/1303 1304/1298/1243
f 1364/1359/1303 1365/1360/1304 1305/1299/1244
f 1365/1360/1304 1366/1421/1305 1306/1300/1245
f 1306/1300/1245 1366/1421/1305 1367/1361/1306
f 1307/1301/1246 1367/1361/1306 1368/1362/1307
f 1308/1302/1247 1368/1362/1307 1369/1363/1308
f 1309/1303/1248 1369/1363/1308 1370/1364/1309
f 1310/1304/1249 1370/1364/1309 1371/1365/1310
f 1371/1365/1310 1372/1366/1311 1312/1306/1251
f 1372/1366/1311 1373/1367/1312 1313/1307/1252
f 1373/1367/1312 1374/1368/1313 1314/1308/1253
f 1374/1368/1313 1375/1369/1314 1315/1309/1254
f 1375/1369/1314 1376/1370/1315 1316/1310/1255
f 1376/1370/1315 1377/1371/1316 1317/1311/1256
f 1377/1371/1316 1378/1372/1317 1318/1312/1257
f 1378/1372/1317 1379/1373/1318 1319/1313/1258
f 1379/1373/1318 1380/1435/1319 1320/1374/1259
f 1381/1375/1320 1382/1376/1321 1322/1316/1261
f 1382/1376/1321 1383/1377/1322 1323/1317/1262
f 1383/1377/1322 1384/1378/1323 1324/1318/1263
f 1384/1378/1323 1385/1379/1324 1325/1319/1264
f 1385/1379/1324 1386/1380/1325 1326/1320/1265
f 1386/1380/1325 1387/1381/1326 1327/1322/1266
f 1387/1381/1326 1388/1383/1327 1328/1382/1267
f 1388/1383/1327 1389/1384/1328 1329/1323/1268
f 1389/1384/1328 1390/1385/1329 1330/1324/1269
f 1390/1385/1329 1391/1386/1330 1331/1325/1270
f 1391/1386/1330 1392/1447/1331 1332/1326/1271
f 1332/1326/1271 1392/1447/1331 1393/1387/1332
f 1333/1327/1272 1393/1387/1332 1394/1388/1333
f 1334/1329/1273 1394/1388/1333 1395/1389/1334
f 1335/1330/1274 1395/1389/1334 1396/1390/1335
f 1396/1390/1335 1397/1391/1336 1337/1333/1276
f 1397/1391/1336 1398/1453/1337 1338/1392/1277
f 1338/1392/1277 1398/1453/1337 1399/1393/1338
f 1339/1334/1278 1399/1393/1338 1400/1394/1339
f 1340/1335/1279 1400/1394/1339 1401/1395/1340
f 1341/1336/1280 1401/1395/1340 1402/1396/1341
f 1342/1337/1281 1402/1396/1341 1403/1397/1342
f 1343/1338/1282 1403/1397/1342 1404/1398/1343
f 1344/1339/1283 1404/1398/1343 1405/1399/1344
f 1345/1340/1284 1405/1399/1344 1406/1400/1345
f 1346/1341/1285 1406/1400/1345 1407/1401/1346
f 1347/1342/1286 1407/1401/1346 1408/1402/1347
f 1348/1343/1287 1408/1402/1347 1409/1403/1348
f 1349/1344/1288 1409/1403/1348 1410/1404/1349
f 1350/1345/1289 1410/1404/1349 1411/1405/1350
f 1351/1346/1290 1411/1405/1350 1412/1406/1351
f 1352/1347/1291 1412/1406/1351 1413/1407/1352
f 1353/1408/1292 1413/1407/1352 1414/1409/1353
f 1414/1409/1353 1415/1410/1354 1355/1349/1294
f 1415/1410/1354 1416/1411/1355 1356/1350/1295
f 1416/1411/1355 1417/1412/1356 1357/1351/1296
f 1417/1412/1356 1418/1413/1357 1358/1353/1297
f 1418/1413/1357 1419/1414/1358 1359/1354/1298
f 1419/1414/1358 1420/1473/1359 1360/1415/1299
f 1360/1415/1299 1420/1473/1359 1421/1416/1360
f 1361/1355/1300 1421/1416/1360 1422/1417/1361
f 1422/1417/1361 1423/1418/1362 1363/1358/1302
f 1423/1418/1362 1424/1419/1363 1364/1359/1303
f 1424/1419/1363 1425/1478/1364 1365/1360/1304
f 1365/1360/1304 1425/1478/1364 1426/1420/1365
f 1366/1421/1305 1426/1420/1365 1427/1422/1366
f 1367/1361/1306 1427/1422/1366 1428/1423/1367
f 1368/1362/1307 1428/1423/1367 1429/1424/1368
f 1369/1363/1308 1429/1424/1368 1430/1425/1369
f 1370/1364/1309 1430/1425/1369 1431/1426/1370
f 1371/1365/1310 1431/1426/1370 1432/1427/1371
f 1372/1366/1311 1432/1427/1371 1433/1428/1372
f 1373/1367/1312 1433/1428/1372 1434/1429/1373
f 1434/1429/1373 1435/1430/1374 1375/1369/1314
f 1435/1430/1374 1436/1431/1375 1376/1370/1315
f 1436/1431/1375 1437/1432/1376 1377/1371/1316
f 1437/1432/1376 1438/1492/1377 1378/1372/1317
f 1378/1372/1317 1438/1492/1377 1439/1433/1378
f 1379/1373/1318 1439/1433/1378 1440/1434/1379
f 1441/1436/1380 1442/1437/1381 1382/1376/1321
f 1442/1437/1381 1443/1438/1382 1383/1377/1322
f 1443/1438/1382 1444/1439/1383 1384/1378/1323
f 1444/1439/1383 1445/1440/1384 1385/1379/1324
f 1445/1440/1384 1446/1441/1385 1386/1380/1325
f 1446/1441/1385 1447/1442/1386 1387/1381/1326
f 1447/1442/1386 1448/1443/1387 1388/1383/1327
f 1448/1443/1387 1449/1444/1388 1389/1384/1328
f 1449/1444/1388 1450/1445/1389 1390/1385/1329
f 1450/1445/1389 1451/1446/1390 1391/1386/1330
f 1451/1446/1390 1452/1448/1391 1392/1447/1331
f 1452/1448/1391 1453/1449/1392 1393/1387/1332
f 1453/1449/1392 1454/1507/1393 1394/1388/1333
f 1394/1388/1333 1454/1507/1393 1455/1450/1394
f 1395/1389/1334 1455/1450/1394 1456/1451/1395
f 1456/1451/1395 1457/1511/1396 1397/1391/1336
f 1397/1391/1336 1457/1511/1396 1458/1452/1397
f 1398/1453/1337 1458/1452/1397 1459/1454/1398
f 1399/1393/1338 1459/1454/1398 1460/1455/1399
f 1400/1394/1339 1460/1455/1399 1461/1456/1400
f 1401/1395/1340 1461/1456/1400 1462/1457/1401
f 1402/1396/1341 1462/1457/1401 1463/1458/1402
f 1403/1397/1342 1463/1458/1402 1464/1459/1403
f 1404/1398/1343 1464/1459/1403 1465/1460/1404
f 1405/1399/1344 1465/1460/1404 1466/1461/1405
f 1406/1400/1345 1466/1461/1405 1467/1462/1406
f 1407/1401/1346 1467/1462/1406 1468/1463/1407
f 1468/1463/1407 1469/1464/1408 1409/1403/1348
f 1469/1464/1408 1470/1465/1409 1410/1404/1349
f 1470/1465/1409 1471/1525/1410 1411/1405/1350
f 1411/1405/1350 1471/1525/1410 1472/1466/1411
f 1412/1406/1351 1472/1466/1411 1473/1467/1412
f 1473/1467/1412 1474/1468/1413 1414/1409/1353
f 1474/1468/1413 1475/1530/1414 1415/1410/1354
f 1415/1410/1354 1475/1530/1414 1476/1469/1415
f 1416/1411/1355 1476/1469/1415 1477/1470/1416
f 1477/1470/1416 1478/1471/1417 1418/1413/1357
f 1478/1471/1417 1479/1472/1418 1419/1414/1358
f 1479/1472/1418 1480/1535/1419 1420/1473/1359
f 1420/1473/1359 1480/1535/1419 1481/1474/1420
f 1421/1416/1360 1481/1474/1420 1482/1475/1421
f 1422/1417/1361 1482/1475/1421 1483/1476/1422
f 1483/1476/1422 1484/1540/1423 1424/1419/1363
f 1424/1419/1363 1484/1540/1423 1485/1477/1424
f 1425/1478/1364 1485/1477/1424 1486/1479/1425
f 1426/1420/1365 1486/1479/1425 1487/1480/1426
f 1427/1422/1366 1487/1480/1426 1488/1481/1427
f 1428/1423/1367 1488/1481/1427 1489/1482/1428
f 1429/1424/1368 1489/1482/1428 1490/1483/1429
f 1430/1425/1369 1490/1483/1429 1491/1484/1430
f 1431/1426/1370 1491/1484/1430 1492/1485/1431
f 1432/1427/1371 1492/1485/1431 1493/1486/1432
f 1433/1428/1372 1493/1486/1432 1494/1487/1433
f 1434/1429/1373 1494/1487/1433 1495/1488/1434
f 1435/1430/1374 1495/1488/1434 1496/1489/1435
f 1436/1431/1375 1496/1489/1435 1497/1490/1436
f 1437/1432/1376 1497/1490/1436 1498/1491/1437
f 1438/1492/1377 1498/1491/1437 1499/1493/1438
f 1439/1433/1378 1499/1493/1438 1500/1494/1439
f 1501/1495/1440 1502/1557/1441 1442/1437/1381
f 1442/1437/1381 1502/1557/1441 1503/1496/1442
f 1443/1438/1382 1503/1496/1442 1504/1497/1443
f 1504/1497/1443 1505/1498/1444 1445/1440/1384
f 1505/1498/1444 1506/1499/1445 1446/1441/1385
f 1506/1499/1445 1507/1500/1446 1447/1442/1386
f 1507/1500/1446 1508/1501/1447 1448/1443/1387
f 1508/1501/1447 1509/1502/1448 1449/1444/1388
f 1509/1502/1448 1510/1503/1449 1450/1445/1389
f 1510/1503/1449 1511/1504/1450 1451/1446/1390
f 1511/1504/1450 1512/1505/1451 1452/1448/1391
f 1512/1505/1451 1513/1506/1452 1453/1449/1392
f 1513/1506/1452 1514/1508/1453 1454/1507/1393
f 1514/1508/1453 1515/1509/1454 1455/1450/1394
f 1515/1509/1454 1516/1571/1455 1456/1451/1395
f 1456/1451/1395 1516/1571/1455 1517/1510/1456
f 1457/1511/1396 1517/1510/1456 1518/1512/1457
f 1458/1452/1397 1518/1512/1457 1519/1513/1458
f 1459/1454/1398 1519/1513/1458 1520/1514/1459
f 1460/1455/1399 1520/1514/1459 1521/1515/1460
f 1461/1456/1400 1521/1515/1460 1522/1516/1461
f 1462/1457/1401 1522/1516/1461 1523/1517/1462
f 1463/1458/1402 1523/1517/1462 1524/1518/1463
f 1464/1459/1403 1524/1518/1463 1525/1519/1464
f 1465/1460/1404 1525/1519/1464 1526/1520/1465
f 1466/1461/1405 1526/1520/1465 1527/1521/1466
f 1527/1521/1466 1528/1522/1467 1468/1463/1407
f 1528/1522/1467 1529/1523/1468 1469/1464/1408
f 1529/1523/1468 1530/1524/1469 1470/1465/1409
f 1530/1524/1469 1531/1526/1470 1471/1525/1410
f 1531/1526/1470 1532/1527/1471 1472/1466/1411
f 1532/1527/1471 1533/1528/1472 1473/1467/1412
f 1533/1528/1472 1534/1529/1473 1474/1468/1413
f 1534/1529/1473 1535/1590/1474 1475/1530/1414
f 1475/1530/1414 1535/1590/1474 1536/1531/1475
f 1476/1469/1415 1536/1531/1475 1537/1532/1476
f 1477/1470/1416 1537/1532/1476 1538/1533/1477
f 1538/1533/1477 1539/1534/1478 1479/1472/1418
f 1539/1534/1478 1540/1536/1479 1480/1535/1419
f 1540/1536/1479 1541/1537/1480 1481/1474/1420
f 1541/1537/1480 1542/1597/1481 1482/1475/1421
f 1482/1475/1421 1542/1597/1481 1543/1538/1482
f 1483/1476/1422 1543/1538/1482 1544/1539/1483
f 1544/1539/1483 1545/1541/1484 1485/1477/1424
f 1545/1541/1484 1546/1601/1485 1486/1479/1425
f 1486/1479/1425 1546/1601/1485 1547/1542/1486
f 1487/1480/1426 1547/1542/1486 1548/1543/1487
f 1488/1481/1427 1548/1543/1487 1549/1544/1488
f 1489/1482/1428 1549/1544/1488 1550/1545/1489
f 1490/1483/1429 1550/1545/1489 1551/1546/1490
f 1491/1484/1430 1551/1546/1490 1552/1547/1491
f 1492/1485/1431 1552/1547/1491 1553/1548/1492
f 1493/1486/1432 1553/1548/1492 1554/1549/1493
f 1494/1487/1433 1554/1549/1493 1555/1550/1494
f 1495/1488/1434 1555/1550/1494 1556/1551/1495
f 1496/1489/1435 1556/1551/1495 1557/1552/1496
f 1497/1490/1436 1557/1552/1496 1558/1553/1497
f 1498/1491/1437 1558/1553/1497 1559/1554/1498
f 1499/1493/1438 1559/1554/1498 1560/1555/1499
f 1561/1556/1500 1562/1615/1501 1502/1557/1441
f 1502/1557/1441 1562/1615/1501 1563/1558/1502
f 1503/1496/1442 1563/1558/1502 1564/1559/1503
f 1504/1497/1443 1564/1559/1503 1565/1560/1504
f 1565/1560/1504 1566/1561/1505 1506/1499/1445
f 1566/1561/1505 1567/1562/1506 1507/1500/1446
f 1567/1562/1506 1568/1563/1507 1508/1501/1447
f 1568/1563/1507 1569/1564/1508 1509/1502/1448
f 1569/1564/1508 1570/1565/1509 1510/1503/1449
f 1570/1565/1509 1571/1566/1510 1511/1504/1450
f 1571/1566/1510 1572/1567/1511 1512/1505/1451
f 1572/1567/1511 1573/1568/1512 1513/1506/1452
f 1573/1568/1512 1574/1569/1513 1514/1508/1453
f 1574/1569/1513 1575/1570/1514 1515/1509/1454
f 1575/1570/1514 1576/1628/1515 1516/1571/1455
f 1516/1571/1455 1576/1628/1515 1577/1572/1516
f 1517/1510/1456 1577/1572/1516 1578/1573/1517
f 1518/1512/1457 1578/1573/1517 1579/1574/1518
f 1519/1513/1458 1579/1574/1518 1580/1575/1519
f 1520/1514/1459 1580/1575/1519 1581/1576/1520
f 1521/1515/1460 1581/1576/1520 1582/1577/1521
f 1522/1516/1461 1582/1577/1521 1583/1578/1522
f 1523/1517/1462 1583/1578/1522 1584/1579/1523
f 1524/1518/1463 1584/1579/1523 1585/1580/1524
f 1525/1519/1464 1585/1580/1524 1586/1581/1525
f 1526/1520/1465 1586/1581/1525 1587/1582/1526
f 1527/1521/1466 1587/1582/1526 1588/1583/1527
f 1588/1583/1527 1589/1584/1528 1529/1523/1468
f 1589/1584/1528 1590/1585/1529 1530/1524/1469
f 1590/1585/1529 1591/1586/1530 1531/1526/1470
f 1591/1586/1530 1592/1587/1531 1532/1527/1471
f 1592/1587/1531 1593/1588/1532 1533/1528/1472
f 1593/1588/1532 1594/1589/1533 1534/1529/1473
f 1594/1589/1533 1595/1647/1534 1535/1590/1474
f 1535/1590/1474 1595/1647/1534 1596/1591/1535
f 1536/1531/1475 1596/1591/1535 1597/1592/1536
f 1537/1532/1476 1597/1592/1536 1598/1593/1537
f 1598/1593/1537 1599/1594/1538 1539/1534/1478
f 1599/1594/1538 1600/1595/1539 1540/1536/1479
f 1600/1595/1539 1601/1596/1540 1541/1537/1480
f 1601/1596/1540 1602/1655/1541 1542/1597/1481
f 1542/1597/1481 1602/1655/1541 1603/1598/1542
f 1543/1538/1482 1603/1598/1542 1604/1599/1543
f 1604/1599/1543 1605/1659/1544 1545/1541/1484
f 1545/1541/1484 1605/1659/1544 1606/1600/1545
f 1546/1601/1485 1606/1600/1545 1607/1602/1546
f 1547/1542/1486 1607/1602/1546 1608/1603/1547
f 1608/1603/1547 1609/1604/1548 1549/1544/1488
f 1609/1604/1548 1610/1605/1549 1550/1545/1489
f 1610/1605/1549 1611/1606/1550 1551/1546/1490
f 1611/1606/1550 1612/1607/1551 1552/1547/1491
f 1612/1607/1551 1613/1665/1552 1553/1548/1492
f 1553/1548/1492 1613/1665/1552 1614/1608/1553
f 1554/1549/1493 1614/1608/1553 1615/1609/1554
f 1555/1550/1494 1615/1609/1554 1616/1610/1555
f 1556/1551/1495 1616/1610/1555 1617/1611/1556
f 1557/1552/1496 1617/1611/1556 1618/1612/1557
f 1558/1553/1497 1618/1612/1557 1619/1613/1558
f 1619/1613/1558 1620/1672/1559 1560/1555/1499
f 1621/1614/1560 1622/1616/1561 1562/1615/1501
f 1622/1616/1561 1623/1617/1562 1563/1558/1502
f 1623/1617/1562 1624/1675/1563 1564/1559/1503
f 1564/1559/1503 1624/1675/1563 1625/1618/1564
f 1565/1560/1504 1625/1618/1564 1626/1619/1565
f 1566/1561/1505 1626/1619/1565 1627/1620/1566
f 1627/1620/1566 1628/1621/1567 1568/1563/1507
f 1628/1621/1567 1629/1622/1568 1569/1564/1508
f 1629/1622/1568 1630/1623/1569 1570/1565/1509
f 1630/1623/1569 1631/1624/1570 1571/1566/1510
f 1631/1624/1570 1632/1625/1571 1572/1567/1511
f 1632/1625/1571 1633/1683/1572 1573/1568/1512
f 1573/1568/1512 1633/1683/1572 1634/1626/1573
f 1574/1569/1513 1634/1626/1573 1635/1627/1574
f 1635/1627/1574 1636/1629/1575 1576/1628/1515
f 1636/1629/1575 1637/1687/1576 1577/1572/1516
f 1577/1572/1516 1637/1687/1576 1638/1630/1577
f 1578/1573/1517 1638/1630/1577 1639/1631/1578
f 1579/1574/1518 1639/1631/1578 1640/1632/1579
f 1580/1575/1519 1640/1632/1579 1641/1633/1580
f 1581/1576/1520 1641/1633/1580 1642/1634/1581
f 1582/1577/1521 1642/1634/1581 1643/1635/1582
f 1583/1578/1522 1643/1635/1582 1644/1636/1583
f 1584/1579/1523 1644/1636/1583 1645/1637/1584
f 1585/1580/1524 1645/1637/1584 1646/1638/1585
f 1586/1581/1525 1646/1638/1585 1647/1639/1586
f 1647/1639/1586 1648/1640/1587 1588/1583/1527
f 1648/1640/1587 1649/1641/1588 1589/1584/1528
f 1649/1641/1588 1650/1642/1589 1590/1585/1529
f 1650/1642/1589 1651/1643/1590 1591/1586/1530
f 1651/1643/1590 1652/1644/1591 1592/1587/1531
f 1652/1644/1591 1653/1645/1592 1593/1588/1532
f 1653/1645/1592 1654/1646/1593 1594/1589/1533
f 1654/1646/1593 1655/1648/1594 1595/1647/1534
f 1655/1648/1594 1656/1649/1595 1596/1591/1535
f 1656/1649/1595 1657/1650/1596 1597/1592/1536
f 1657/1650/1596 1658/1651/1597 1598/1593/1537
f 1658/1651/1597 1659/1652/1598 1599/1594/1538
f 1659/1652/1598 1660/1653/1599 1600/1595/1539
f 1660/1653/1599 1661/1654/1600 1601/1596/1540
f 1661/1654/1600 1662/1656/1601 1602/1655/1541
f 1662/1656/1601 1663/1657/1602 1603/1598/1542
f 1663/1657/1602 1664/1658/1603 1604/1599/1543
f 1664/1658/1603 1665/1714/1604 1605/1659/1544
f 1605/1659/1544 1665/1714/1604 1666/1660/1605
f 1606/1600/1545 1666/1660/1605 1667/1661/1606
f 1667/1661/1606 1668/1718/1607 1608/1603/1547
f 1608/1603/1547 1668/1718/1607 1669/1662/1608
f 1669/1662/1608 1670/1721/1609 1610/1605/1549
f 1610/1605/1549 1670/1721/1609 1671/1663/1610
f 1611/1606/1550 1671/1663/1610 1672/1664/1611
f 1672/1664/1611 1673/1666/1612 1613/1665/1552
f 1673/1666/1612 1674/1667/1613 1614/1608/1553
f 1674/1667/1613 1675/1725/1614 1615/1609/1554
f 1615/1609/1554 1675/1725/1614 1676/1668/1615
f 1616/1610/1555 1676/1668/1615 1677/1669/1616
f 1677/1669/1616 1678/1670/1617 1618/1612/1557
f 1678/1670/1617 1679/1671/1618 1619/1613/1558
f 1679/1671/1618 1680/1731/1619 1620/1672/1559
f 1621/1614/1560 1681/1732/1620 1682/1673/1621
f 1622/1616/1561 1682/1673/1621 1683/1674/1622
f 1683/1674/1622 1684/1736/1623 1624/1675/1563
f 1624/1675/1563 1684/1736/1623 1685/1676/1624
f 1625/1618/1564 1685/1676/1624 1686/1677/1625
f 1626/1619/1565 1686/1677/1625 1687/1678/1626
f 1627/1620/1566 1687/1678/1626 1688/1679/1627
f 1688/1679/1627 1689/1680/1628 1629/1622/1568
f 1689/1680/1628 1690/1681/1629 1630/1623/1569
f 1690/1681/1629 1691/1744/1630 1631/1624/1570
f 1631/1624/1570 1691/1744/1630 1692/1682/1631
f 1692/1682/1631 1693/1684/1632 1633/1683/1572
f 1693/1684/1632 1694/1747/1633 1634/1626/1573
f 1634/1626/1573 1694/1747/1633 1695/1685/1634
f 1695/1685/1634 1696/1686/1635 1636/1629/1575
f 1696/1686/1635 1697/1750/1636 1637/1687/1576
f 1637/1687/1576 1697/1750/1636 1698/1688/1637
f 1638/1630/1577 1698/1688/1637 1699/1689/1638
f 1639/1631/1578 1699/1689/1638 1700/1690/1639
f 1640/1632/1579 1700/1690/1639 1701/1691/1640
f 1641/1633/1580 1701/1691/1640 1702/1692/1641
f 1642/1634/1581 1702/1692/1641 1703/1693/1642
f 1643/1635/1582 1703/1693/1642 1704/1694/1643
f 1644/1636/1583 1704/1694/1643 1705/1695/1644
f 1705/1695/1644 1706/1696/1645 1646/1638/1585
f 1706/1696/1645 1707/1697/1646 1647/1639/1586
f 1707/1697/1646 1708/1698/1647 1648/1640/1587
f 1708/1698/1647 1709/1699/1648 1649/1641/1588
f 1709/1699/1648 1710/1700/1649 1650/1642/1589
f 1710/1700/1649 1711/1701/1650 1651/1643/1590
f 1711/1701/1650 1712/1765/1651 1652/1644/1591
f 1652/1644/1591 1712/1765/1651 1713/1702/1652
f 1653/1645/1592 1713/1702/1652 1714/1703/1653
f 1714/1703/1653 1715/1704/1654 1655/1648/1594
f 1715/1704/1654 1716/1705/1655 1656/1649/1595
f 1716/1705/1655 1717/1706/1656 1657/1650/1596
f 1717/1706/1656 1718/1707/1657 1658/1651/1597
f 1718/1707/1657 1719/1708/1658 1659/1652/1598
f 1719/1708/1658 1720/1709/1659 1660/1653/1599
f 1720/1709/1659 1721/1710/1660 1661/1654/1600
f 1721/1710/1660 1722/1711/1661 1662/1656/1601
f 1722/1711/1661 1723/1712/1662 1663/1657/1602
f 1723/1712/1662 1724/1713/1663 1664/1658/1603
f 1724/1713/1663 1725/1715/1664 1665/1714/1604
f 1725/1715/1664 1726/1716/1665 1666/1660/1605
f 1726/1716/1665 1727/1717/1666 1667/1661/1606
f 1727/1717/1666 1728/1780/1667 1668/1718/1607
f 1668/1718/1607 1728/1780/1667 1729/1719/1668
f 1669/1662/1608 1729/1719/1668 1730/1720/1669
f 1730/1720/1669 1731/1783/1670 1671/1663/1610
f 1671/1663/1610 1731/1783/1670 1732/1722/1671
f 1732/1722/1671 1733/1723/1672 1673/1666/1612
f 1733/1723/1672 1734/1724/1673 1674/1667/1613
f 1734/1724/1673 1735/1726/1674 1675/1725/1614
f 1735/1726/1674 1736/1727/1675 1676/1668/1615
f 1736/1727/1675 1737/1728/1676 1677/1669/1616
f 1737/1728/1676 1738/1729/1677 1678/1670/1617
f 1738/1729/1677 1739/1730/1678 1679/1671/1618
f 1739/1730/1678 1740/1793/1679 1680/1731/1619
f 1681/1732/1620 1741/1794/1680 1742/1733/1681
f 1682/1673/1621 1742/1733/1681 1743/1734/1682
f 1683/1674/1622 1743/1734/1682 1744/1735/1683
f 1684/1736/1623 1744/1735/1683 1745/1737/1684
f 1685/1676/1624 1745/1737/1684 1746/1738/1685
f 1686/1677/1625 1746/1738/1685 1747/1739/1686
f 1687/1678/1626 1747/1739/1686 1748/1740/1687
f 1688/1679/1627 1748/1740/1687 1749/1741/1688
f 1689/1680/1628 1749/1741/1688 1750/1742/1689
f 1690/1681/1629 1750/1742/1689 1751/1743/1690
f 1691/1744/1630 1751/1743/1690 1752/1745/1691
f 1752/1745/1691 1753/1807/1692 1693/1684/1632
f 1693/1684/1632 1753/1807/1692 1754/1746/1693
f 1754/1746/1693 1755/1748/1694 1695/1685/1634
f 1755/1748/1694 1756/1749/1695 1696/1686/1635
f 1756/1749/1695 1757/1811/1696 1697/1750/1636
f 1697/1750/1636 1757/1811/1696 1758/1751/1697
f 1698/1688/1637 1758/1751/1697 1759/1752/1698
f 1699/1689/1638 1759/1752/1698 1760/1753/1699
f 1700/1690/1639 1760/1753/1699 1761/1754/1700
f 1701/1691/1640 1761/1754/1700 1762/1755/1701
f 1702/1692/1641 1762/1755/1701 1763/1756/1702
f 1703/1693/1642 1763/1756/1702 1764/1757/1703
f 1704/1694/1643 1764/1757/1703 1765/1758/1704
f 1765/1758/1704 1766/1759/1705 1706/1696/1645
f 1766/1759/1705 1767/1760/1706 1707/1697/1646
f 1767/1760/1706 1768/1761/1707 1708/1698/1647
f 1768/1761/1707 1769/1762/1708 1709/1699/1648
f 1769/1762/1708 1770/1763/1709 1710/1700/1649
f 1770/1763/1709 1771/1825/1710 1711/1701/1650
f 1711/1701/1650 1771/1825/1710 1772/1764/1711
f 1712/1765/1651 1772/1764/1711 1773/1766/1712
f 1773/1766/1712 1774/1767/1713 1714/1703/1653
f 1774/1767/1713 1775/1768/1714 1715/1704/1654
f 1775/1768/1714 1776/1769/1715 1716/1705/1655
f 1776/1769/1715 1777/1770/1716 1717/1706/1656
f 1777/1770/1716 1778/1771/1717 1718/1707/1657
f 1778/1771/1717 1779/1833/1718 1719/1708/1658
f 1719/1708/1658 1779/1833/1718 1780/1772/1719
f 1720/1709/1659 1780/1772/1719 1781/1773/1720
f 1781/1773/1720 1782/1774/1721 1722/1711/1661
f 1782/1774/1721 1783/1775/1722 1723/1712/1662
f 1783/1775/1722 1784/1776/1723 1724/1713/1663
f 1784/1776/1723 1785/1777/1724 1725/1715/1664
f 1785/1777/1724 1786/1840/1725 1726/1716/1665
f 1726/1716/1665 1786/1840/1725 1787/1778/1726
f 1727/1717/1666 1787/1778/1726 1788/1779/1727
f 1788/1779/1727 1789/1781/1728 1729/1719/1668
f 1789/1781/1728 1790/1782/1729 1730/1720/1669
f 1790/1782/1729 1791/1784/1730 1731/1783/1670
f 1791/1784/1730 1792/1785/1731 1732/1722/1671
f 1792/1785/1731 1793/1786/1732 1733/1723/1672
f 1793/1786/1732 1794/1787/1733 1734/1724/1673
f 1794/1787/1733 1795/1788/1734 1735/1726/1674
f 1795/1788/1734 1796/1789/1735 1736/1727/1675
f 1796/1789/1735 1797/1790/1736 1737/1728/1676
f 1797/1790/1736 1798/1791/1737 1738/1729/1677
f 1798/1791/1737 1799/1792/1738 1739/1730/1678
f 1799/1792/1738 1800/1854/1739 1740/1793/1679
f 1741/1794/1680 1801/1855/1740 1802/1795/1741
f 1742/1733/1681 1802/1795/1741 1803/1796/1742
f 1743/1734/1682 1803/1796/1742 1804/1797/1743
f 1744/1735/1683 1804/1797/1743 1805/1798/1744
f 1745/1737/1684 1805/1798/1744 1806/1799/1745
f 1746/1738/1685 1806/1799/1745 1807/1800/1746
f 1747/1739/1686 1807/1800/1746 1808/1801/1747
f 1748/1740/1687 1808/1801/1747 1809/1802/1748
f 1749/1741/1688 1809/1802/1748 1810/1803/1749
f 1750/1742/1689 1810/1803/1749 1811/1804/1750
f 1751/1743/1690 1811/1804/1750 1812/1805/1751
f 1752/1745/1691 1812/1805/1751 1813/1806/1752
f 1753/1807/1692 1813/1806/1752 1814/1808/1753
f 1814/1808/1753 1815/1809/1754 1755/1748/1694
f 1815/1809/1754 1816/1810/1755 1756/1749/1695
f 1816/1810/1755 1817/1812/1756 1757/1811/1696
f 1817/1812/1756 1818/1872/1757 1758/1751/1697
f 1758/1751/1697 1818/1872/1757 1819/1813/1758
f 1759/1752/1698 1819/1813/1758 1820/1814/1759
f 1760/1753/1699 1820/1814/1759 1821/1815/1760
f 1761/1754/1700 1821/1815/1760 1822/1816/1761
f 1762/1755/1701 1822/1816/1761 1823/1817/1762
f 1763/1756/1702 1823/1817/1762 1824/1818/1763
f 1764/1757/1703 1824/1818/1763 1825/1819/1764
f 1825/1819/1764 1826/1820/1765 1766/1759/1705
f 1826/1820/1765 1827/1821/1766 1767/1760/1706
f 1827/1821/1766 1828/1822/1767 1768/1761/1707
f 1828/1822/1767 1829/1823/1768 1769/1762/1708
f 1829/1823/1768 1830/1824/1769 1770/1763/1709
f 1830/1824/1769 1831/1826/1770 1771/1825/1710
f 1831/1826/1770 1832/1886/1771 1772/1764/1711
f 1772/1764/1711 1832/1886/1771 1833/1827/1772
f 1833/1827/1772 1834/1828/1773 1774/1767/1713
f 1834/1828/1773 1835/1829/1774 1775/1768/1714
f 1835/1829/1774 1836/1830/1775 1776/1769/1715
f 1836/1830/1775 1837/1891/1776 1777/1770/1716
f 1777/1770/1716 1837/1891/1776 1838/1831/1777
f 1778/1771/1717 1838/1831/1777 1839/1832/1778
f 1779/1833/1718 1839/1832/1778 1840/1834/1779
f 1780/1772/1719 1840/1834/1779 1841/1835/1780
f 1841/1835/1780 1842/1836/1781 1782/1774/1721
f 1842/1836/1781 1843/1837/1782 1783/1775/1722
f 1843/1837/1782 1844/1838/1783 1784/1776/1723
f 1844/1838/1783 1845/1839/1784 1785/1777/1724
f 1845/1839/1784 1846/1900/1785 1786/1840/1725
f 1786/1840/1725 1846/1900/1785 1847/1841/1786
f 1847/1841/1786 1848/1842/1787 1788/1779/1727
f 1848/1842/1787 1849/1843/1788 1789/1781/1728
f 1849/1843/1788 1850/1844/1789 1790/1782/1729
f 1850/1844/1789 1851/1845/1790 1791/1784/1730
f 1851/1845/1790 1852/1846/1791 1792/1785/1731
f 1852/1846/1791 1853/1847/1792 1793/1786/1732
f 1853/1847/1792 1854/1848/1793 1794/1787/1733
f 1854/1848/1793 1855/1849/1794 1795/1788/1734
f 1855/1849/1794 1856/1850/1795 1796/1789/1735
f 1856/1850/1795 1857/1851/1796 1797/1790/1736
f 1857/1851/1796 1858/1852/1797 1798/1791/1737
f 1858/1852/1797 1859/1853/1798 1799/1792/1738
f 1859/1853/1798 1860/1915/1799 1800/1854/1739
f 1801/1855/1740 1861/1917/1800 1862/1856/1801
f 1802/1795/1741 1862/1856/1801 1863/1857/1802
f 1803/1796/1742 1863/1857/1802 1864/1858/1803
f 1804/1797/1743 1864/1858/1803 1865/1859/1804
f 1805/1798/1744 1865/1859/1804 1866/1860/1805
f 1806/1799/1745 1866/1860/1805 1867/1861/1806
f 1807/1800/1746 1867/1861/1806 1868/1862/1807
f 1868/1862/1807 1869/1863/1808 1809/1802/1748
f 1869/1863/1808 1870/1864/1809 1810/1803/1749
f 1870/1864/1809 1871/1865/1810 1811/1804/1750
f 1871/1865/1810 1872/1866/1811 1812/1805/1751
f 1872/1866/1811 1873/1867/1812 1813/1806/1752
f 1873/1867/1812 1874/1868/1813 1814/1808/1753
f 1874/1868/1813 1875/1869/1814 1815/1809/1754
f 1875/1869/1814 1876/1870/1815 1816/1810/1755
f 1876/1870/1815 1877/1871/1816 1817/1812/1756
f 1877/1871/1816 1878/1933/1817 1818/1872/1757
f 1818/1872/1757 1878/1933/1817 1879/1873/1818
f 1819/1813/1758 1879/1873/1818 1880/1874/1819
f 1820/1814/1759 1880/1874/1819 1881/1875/1820
f 1821/1815/1760 1881/1875/1820 1882/1876/1821
f 1822/1816/1761 1882/1876/1821 1883/1877/1822
f 1823/1817/1762 1883/1877/1822 1884/1878/1823
f 1824/1818/1763 1884/1878/1823 1885/1879/1824
f 1825/1819/1764 1885/1879/1824 1886/1880/1825
f 1826/1820/1765 1886/1880/1825 1887/1881/1826
f 1827/1821/1766 1887/1881/1826 1888/1882/1827
f 1828/1822/1767 1888/1882/1827 1889/1883/1828
f 1829/1823/1768 1889/1883/1828 1890/1884/1829
f 1830/1824/1769 1890/1884/1829 1891/1885/1830
f 1891/1885/1830 1892/1887/1831 1832/1886/1771
f 1892/1887/1831 1893/1888/1832 1833/1827/1772
f 1893/1888/1832 1894/1889/1833 1834/1828/1773
f 1894/1889/1833 1895/1951/1834 1835/1829/1774
f 1835/1829/1774 1895/1951/1834 1896/1890/1835
f 1896/1890/1835 1897/1892/1836 1837/1891/1776
f 1897/1892/1836 1898/1893/1837 1838/1831/1777
f 1898/1893/1837 1899/1955/1838 1839/1832/1778
f 1839/1832/1778 1899/1955/1838 1900/1894/1839
f 1840/1834/1779 1900/1894/1839 1901/1895/1840
f 1841/1835/1780 1901/1895/1840 1902/1896/1841
f 1842/1836/1781 1902/1896/1841 1903/1897/1842
f 1843/1837/1782 1903/1897/1842 1904/1898/1843
f 1844/1838/1783 1904/1898/1843 1905/1899/1844
f 1905/1899/1844 1906/1901/1845 1846/1900/1785
f 1906/1901/1845 1907/1902/1846 1847/1841/1786
f 1907/1902/1846 1908/1903/1847 1848/1842/1787
f 1908/1903/1847 1909/1904/1848 1849/1843/1788
f 1909/1904/1848 1910/1905/1849 1850/1844/1789
f 1910/1905/1849 1911/1906/1850 1851/1845/1790
f 1911/1906/1850 1912/1907/1851 1852/1846/1791
f 1912/1907/1851 1913/1908/1852 1853/1847/1792
f 1913/1908/1852 1914/1909/1853 1854/1848/1793
f 1914/1909/1853 1915/1910/1854 1855/1849/1794
f 1915/1910/1854 1916/1911/1855 1856/1850/1795
f 1916/1911/1855 1917/1912/1856 1857/1851/1796
f 1917/1912/1856 1918/1913/1857 1858/1852/1797
f 1918/1913/1857 1919/1914/1858 1859/1853/1798
f 1919/1914/1858 1920/1975/1859 1860/1915/1799
f 1921/1916/1860 1922/1918/1861 1862/1856/1801
f 1922/1918/1861 1923/1919/1862 1863/1857/1802
f 1923/1919/1862 1924/1920/1863 1864/1858/1803
f 1924/1920/1863 1925/1921/1864 1865/1859/1804
f 1925/1921/1864 1926/1922/1865 1866/1860/1805
f 1926/1922/1865 1927/1923/1866 1867/1861/1806
f 1927/1923/1866 1928/1924/1867 1868/1862/1807
f 1928/1924/1867 1929/1925/1868 1869/1863/1808
f 1929/1925/1868 1930/1926/1869 1870/1864/1809
f 1930/1926/1869 1931/1986/1870 1871/1865/1810
f 1871/1865/1810 1931/1986/1870 1932/1927/1871
f 1932/1927/1871 1933/1928/1872 1873/1867/1812
f 1933/1928/1872 1934/1929/1873 1874/1868/1813
f 1934/1929/1873 1935/1930/1874 1875/1869/1814
f 1935/1930/1874 1936/1931/1875 1876/1870/1815
f 1936/1931/1875 1937/1932/1876 1877/1871/1816
f 1937/1932/1876 1938/1993/1877 1878/1933/1817
f 1878/1933/1817 1938/1993/1877 1939/1934/1878
f 1879/1873/1818 1939/1934/1878 1940/1935/1879
f 1880/1874/1819 1940/1935/1879 1941/1936/1880
f 1881/1875/1820 1941/1936/1880 1942/1937/1881
f 1882/1876/1821 1942/1937/1881 1943/1938/1882
f 1883/1877/1822 1943/1938/1882 1944/1939/1883
f 1884/1878/1823 1944/1939/1883 1945/1940/1884
f 1885/1879/1824 1945/1940/1884 1946/1941/1885
f 1886/1880/1825 1946/1941/1885 1947/1942/1886
f 1887/1881/1826 1947/1942/1886 1948/1943/1887
f 1888/1882/1827 1948/1943/1887 1949/1944/1888
f 1889/1883/1828 1949/1944/1888 1950/1945/1889
f 1890/1884/1829 1950/1945/1889 1951/1946/1890
f 1891/1885/1830 1951/1946/1890 1952/1947/1891
f 1892/1887/1831 1952/1947/1891 1953/1948/1892
f 1893/1888/1832 1953/1948/1892 1954/1949/1893
f 1894/1889/1833 1954/1949/1893 1955/1950/1894
f 1895/1951/1834 1955/1950/1894 1956/1952/1895
f 1956/1952/1895 1957/1953/1896 1897/1892/1836
f 1957/1953/1896 1958/1954/1897 1898/1893/1837
f 1958/1954/1897 1959/2013/1898 1899/1955/1838
f 1899/1955/1838 1959/2013/1898 1960/1956/1899
f 1900/1894/1839 1960/1956/1899 1961/1957/1900
f 1901/1895/1840 1961/1957/1900 1962/1958/1901
f 1962/1958/1901 1963/2017/1902 1903/1897/1842
f 1903/1897/1842 1963/2017/1902 1964/1959/1903
f 1904/1898/1843 1964/1959/1903 1965/1960/1904
f 1905/1899/1844 1965/1960/1904 1966/1961/1905
f 1966/1961/1905 1967/1962/1906 1907/1902/1846
f 1967/1962/1906 1968/1963/1907 1908/1903/1847
f 1968/1963/1907 1969/1964/1908 1909/1904/1848
f 1969/1964/1908 1970/1965/1909 1910/1905/1849
f 1970/1965/1909 1971/1966/1910 1911/1906/1850
f 1971/1966/1910 1972/1967/1911 1912/1907/1851
f 1972/1967/1911 1973/1968/1912 1913/1908/1852
f 1973/1968/1912 1974/1969/1913 1914/1909/1853
f 1974/1969/1913 1975/1970/1914 1915/1910/1854
f 1975/1970/1914 1976/1971/1915 1916/1911/1855
f 1976/1971/1915 1977/1972/1916 1917/1912/1856
f 1977/1972/1916 1978/1973/1917 1918/1913/1857
f 1978/1973/1917 1979/1974/1918 1919/1914/1858
f 1979/1974/1918 1980/2034/1919 1920/1975/1859
f 1981/1976/1920 1982/1977/1921 1922/1918/1861
f 1982/1977/1921 1983/1978/1922 1923/1919/1862
f 1983/1978/1922 1984/1979/1923 1924/1920/1863
f 1984/1979/1923 1985/1980/1924 1925/1921/1864
f 1985/1980/1924 1986/1981/1925 1926/1922/1865
f 1986/1981/1925 1987/1982/1926 1927/1923/1866
f 1987/1982/1926 1988/1983/1927 1928/1924/1867
f 1988/1983/1927 1989/1984/1928 1929/1925/1868
f 1989/1984/1928 1990/1985/1929 1930/1926/1869
f 1990/1985/1929 1991/2045/1930 1931/1986/1870
f 1931/1986/1870 1991/2045/1930 1992/1987/1931
f 1992/1987/1931 1993/1988/1932 1933/1928/1872
f 1993/1988/1932 1994/1989/1933 1934/1929/1873
f 1994/1989/1933 1995/1990/1934 1935/1930/1874
f 1995/1990/1934 1996/1991/1935 1936/1931/1875
f 1996/1991/1935 1997/1992/1936 1937/1932/1876
f 1997/1992/1936 1998/2052/1937 1938/1993/1877
f 1938/1993/1877 1998/2052/1937 1999/1994/1938
f 1939/1934/1878 1999/1994/1938 2000/1995/1939
f 1940/1935/1879 2000/1995/1939 2001/1996/1940
f 1941/1936/1880 2001/1996/1940 2002/1997/1941
f 1942/1937/1881 2002/1997/1941 2003/1998/1942
f 1943/1938/1882 2003/1998/1942 2004/1999/1943
f 1944/1939/1883 2004/1999/1943 2005/2000/1944
f 1945/1940/1884 2005/2000/1944 2006/2001/1945
f 1946/1941/1885 2006/2001/1945 2007/2002/1946
f 1947/1942/1886 2007/2002/1946 2008/2003/1947
f 1948/1943/1887 2008/2003/1947 2009/2004/1948
f 1949/1944/1888 2009/2004/1948 2010/2005/1949
f 1950/1945/1889 2010/2005/1949 2011/2006/1950
f 1951/1946/1890 2011/2006/1950 2012/2007/1951
f 2012/2007/1951 2013/2008/1952 1953/1948/1892
f 2013/2008/1952 2014/2068/1953 1954/1949/1893
f 1954/1949/1893 2014/2068/1953 2015/2009/1954
f 2015/2009/1954 2016/2010/1955 1956/1952/1895
f 2016/2010/1955 2017/2011/1956 1957/1953/1896
f 2017/2011/1956 2018/2012/1957 1958/1954/1897
f 2018/2012/1957 2019/2073/1958 1959/2013/1898
f 1959/2013/1898 2019/2073/1958 2020/2014/1959
f 1960/1956/1899 2020/2014/1959 2021/2015/1960
f 1961/1957/1900 2021/2015/1960 2022/2016/1961
f 2022/2016/1961 2023/2018/1962 1963/2017/1902
f 2023/2018/1962 2024/2079/1963 1964/1959/1903
f 1964/1959/1903 2024/2079/1963 2025/2019/1964
f 1965/1960/1904 2025/2019/1964 2026/2020/1965
f 2026/2020/1965 2027/2021/1966 1967/1962/1906
f 2027/2021/1966 2028/2022/1967 1968/1963/1907
f 2028/2022/1967 2029/2023/1968 1969/1964/1908
f 2029/2023/1968 2030/2024/1969 1970/1965/1909
f 2030/2024/1969 2031/2025/1970 1971/1966/1910
f 2031/2025/1970 2032/2026/1971 1972/1967/1911
f 2032/2026/1971 2033/2027/1972 1973/1968/1912
f 2033/2027/1972 2034/2028/1973 1974/1969/1913
f 2034/2028/1973 2035/2029/1974 1975/1970/1914
f 2035/2029/1974 2036/2030/1975 1976/1971/1915
f 2036/2030/1975 2037/2031/1976 1977/1972/1916
f 2037/2031/1976 2038/2032/1977 1978/1973/1917
f 2038/2032/1977 2039/2033/1978 1979/1974/1918
f 2039/2033/1978 2040/2095/1979 1980/2034/1919
f 2041/2035/1980 2042/2036/1981 1982/1977/1921
f 2042/2036/1981 2043/2037/1982 1983/1978/1922
f 2043/2037/1982 2044/2038/1983 1984/1979/1923
f 2044/2038/1983 2045/2039/1984 1985/1980/1924
f 2045/2039/1984 2046/2040/1985 1986/1981/1925
f 2046/2040/1985 2047/2041/1986 1987/1982/1926
f 2047/2041/1986 2048/2042/1987 1988/1983/1927
f 2048/2042/1987 2049/2043/1988 1989/1984/1928
f 2049/2043/1988 2050/2044/1989 1990/1985/1929
f 2050/2044/1989 2051/2106/1990 1991/2045/1930
f 1991/2045/1930 2051/2106/1990 2052/2046/1991
f 2052/2046/1991 2053/2047/1992 1993/1988/1932
f 2053/2047/1992 2054/2048/1993 1994/1989/1933
f 2054/2048/1993 2055/2049/1994 1995/1990/1934
f 2055/2049/1994 2056/2050/1995 1996/1991/1935
f 2056/2050/1995 2057/2051/1996 1997/1992/1936
f 2057/2051/1996 2058/2113/1997 1998/2052/1937
f 1998/2052/1937 2058/2113/1997 2059/2053/1998
f 1999/1994/1938 2059/2053/1998 2060/2054/1999
f 2000/1995/1939 2060/2054/1999 2061/2055/2000
f 2001/1996/1940 2061/2055/2000 2062/2056/2001
f 2002/1997/1941 2062/2056/2001 2063/2057/2002
f 2003/1998/1942 2063/2057/2002 2064/2058/2003
f 2004/1999/1943 2064/2058/2003 2065/2059/2004
f 2005/2000/1944 2065/2059/2004 2066/2060/2005
f 2006/2001/1945 2066/2060/2005 2067/2061/2006
f 2007/2002/1946 2067/2061/2006 2068/2062/2007
f 2008/2003/1947 2068/2062/2007 2069/2063/2008
f 2009/2004/1948 2069/2063/2008 2070/2064/2009
f 2010/2005/1949 2070/2064/2009 2071/2065/2010
f 2071/2065/2010 2072/2066/2011 2012/2007/1951
f 2072/2066/2011 2073/2127/2012 2013/2008/1952
f 2013/2008/1952 2073/2127/2012 2074/2067/2013
f 2014/2068/1953 2074/2067/2013 2075/2069/2014
f 2075/2069/2014 2076/2070/2015 2016/2010/1955
f 2076/2070/2015 2077/2071/2016 2017/2011/1956
f 2077/2071/2016 2078/2072/2017 2018/2012/1957
f 2078/2072/2017 2079/2133/2018 2019/2073/1958
f 2019/2073/1958 2079/2133/2018 2080/2074/2019
f 2020/2014/1959 2080/2074/2019 2081/2075/2020
f 2021/2015/1960 2081/2075/2020 2082/2076/2021
f 2022/2016/1961 2082/2076/2021 2083/2077/2022
f 2023/2018/1962 2083/2077/2022 2084/2078/2023
f 2024/2079/1963 2084/2078/2023 2085/2080/2024
f 2085/2080/2024 2086/2081/2025 2026/2020/1965
f 2086/2081/2025 2087/2082/2026 2027/2021/1966
f 2087/2082/2026 2088/2083/2027 2028/2022/1967
f 2088/2083/2027 2089/2084/2028 2029/2023/1968
f 2089/2084/2028 2090/2085/2029 2030/2024/1969
f 2090/2085/2029 2091/2086/2030 2031/2025/1970
f 2091/2086/2030 2092/2087/2031 2032/2026/1971
f 2092/2087/2031 2093/2088/2032 2033/2027/1972
f 2093/2088/2032 2094/2089/2033 2034/2028/1973
f 2094/2089/2033 2095/2090/2034 2035/2029/1974
f 2095/2090/2034 2096/2091/2035 2036/2030/1975
f 2096/2091/2035 2097/2092/2036 2037/2031/1976
f 2097/2092/2036 2098/2093/2037 2038/2032/1977
f 2098/2093/2037 2099/2094/2038 2039/2033/1978
f 2099/2094/2038 2100/2154/2039 2040/2095/1979
f 2101/2096/2040 2102/2097/2041 2042/2036/1981
f 2102/2097/2041 2103/2098/2042 2043/2037/1982
f 2103/2098/2042 2104/2099/2043 2044/2038/1983
f 2104/2099/2043 2105/2100/2044 2045/2039/1984
f 2105/2100/2044 2106/2101/2045 2046/2040/1985
f 2106/2101/2045 2107/2102/2046 2047/2041/1986
f 2107/2102/2046 2108/2103/2047 2048/2042/1987
f 2108/2103/2047 2109/2162/2048 2049/2043/1988
f 2049/2043/1988 2109/2162/2048 2110/2104/2049
f 2050/2044/1989 2110/2104/2049 2111/2105/2050
f 2051/2106/1990 2111/2105/2050 2112/2107/2051
f 2052/2046/1991 2112/2107/2051 2113/2108/2052
f 2053/2047/1992 2113/2108/2052 2114/2109/2053
f 2054/2048/1993 2114/2109/2053 2115/2110/2054
f 2055/2049/1994 2115/2110/2054 2116/2111/2055
f 2056/2050/1995 2116/2111/2055 2117/2112/2056
f 2117/2112/2056 2118/2172/2057 2058/2113/1997
f 2058/2113/1997 2118/2172/2057 2119/2114/2058
f 2059/2053/1998 2119/2114/2058 2120/2115/2059
f 2060/2054/1999 2120/2115/2059 2121/2116/2060
f 2061/2055/2000 2121/2116/2060 2122/2117/2061
f 2122/2117/2061 2123/2177/2062 2063/2057/2002
f 2063/2057/2002 2123/2177/2062 2124/2118/2063
f 2064/2058/2003 2124/2118/2063 2125/2119/2064
f 2065/2059/2004 2125/2119/2064 2126/2120/2065
f 2066/2060/2005 2126/2120/2065 2127/2121/2066
f 2067/2061/2006 2127/2121/2066 2128/2122/2067
f 2068/2062/2007 2128/2122/2067 2129/2123/2068
f 2069/2063/2008 2129/2123/2068 2130/2124/2069
f 2070/2064/2009 2130/2124/2069 2131/2125/2070
f 2131/2125/2070 2132/2126/2071 2072/2066/2011
f 2132/2126/2071 2133/2187/2072 2073/2127/2012
f 2073/2127/2012 2133/2187/2072 2134/2128/2073
f 2074/2067/2013 2134/2128/2073 2135/2129/2074
f 2135/2129/2074 2136/2130/2075 2076/2070/2015
f 2136/2130/2075 2137/2131/2076 2077/2071/2016
f 2137/2131/2076 2138/2192/2077 2078/2072/2017
f 2078/2072/2017 2138/2192/2077 2139/2132/2078
f 2079/2133/2018 2139/2132/2078 2140/2134/2079
f 2080/2074/2019 2140/2134/2079 2141/2135/2080
f 2081/2075/2020 2141/2135/2080 2142/2136/2081
f 2082/2076/2021 2142/2136/2081 2143/2137/2082
f 2083/2077/2022 2143/2137/2082 2144/2138/2083
f 2084/2078/2023 2144/2138/2083 2145/2139/2084
f 2085/2080/2024 2145/2139/2084 2146/2140/2085
f 2086/2081/2025 2146/2140/2085 2147/2141/2086
f 2147/2141/2086 2148/2142/2087 2088/2083/2027
f 2148/2142/2087 2149/2143/2088 2089/2084/2028
f 2149/2143/2088 2150/2144/2089 2090/2085/2029
f 2150/2144/2089 2151/2145/2090 2091/2086/2030
f 2151/2145/2090 2152/2146/2091 2092/2087/2031
f 2152/2146/2091 2153/2147/2092 2093/2088/2032
f 2153/2147/2092 2154/2208/2093 2094/2089/2033
f 2094/2089/2033 2154/2208/2093 2155/2148/2094
f 2095/2090/2034 2155/2148/2094 2156/2149/2095
f 2096/2091/2035 2156/2149/2095 2157/2150/2096
f 2097/2092/2036 2157/2150/2096 2158/2151/2097
f 2098/2093/2037 2158/2151/2097 2159/2152/2098
f 2099/2094/2038 2159/2152/2098 2160/2153/2099
f 2101/2096/2040 2161/2215/2100 2162/2155/2101
f 2162/2155/2101 2163/2156/2102 2103/2098/2042
f 2163/2156/2102 2164/2157/2103 2104/2099/2043
f 2164/2157/2103 2165/2158/2104 2105/2100/2044
f 2165/2158/2104 2166/2159/2105 2106/2101/2045
f 2166/2159/2105 2167/2221/2106 2107/2102/2046
f 2107/2102/2046 2167/2221/2106 2168/2160/2107
f 2108/2103/2047 2168/2160/2107 2169/2161/2108
f 2109/2162/2048 2169/2161/2108 2170/2163/2109
f 2110/2104/2049 2170/2163/2109 2171/2164/2110
f 2111/2105/2050 2171/2164/2110 2172/2165/2111
f 2112/2107/2051 2172/2165/2111 2173/2166/2112
f 2113/2108/2052 2173/2166/2112 2174/2167/2113
f 2114/2109/2053 2174/2167/2113 2175/2168/2114
f 2115/2110/2054 2175/2168/2114 2176/2169/2115
f 2116/2111/2055 2176/2169/2115 2177/2170/2116
f 2117/2112/2056 2177/2170/2116 2178/2171/2117
f 2118/2172/2057 2178/2171/2117 2179/2173/2118
f 2179/2173/2118 2180/2174/2119 2120/2115/2059
f 2180/2174/2119 2181/2175/2120 2121/2116/2060
f 2181/2175/2120 2182/2176/2121 2122/2117/2061
f 2182/2176/2121 2183/2237/2122 2123/2177/2062
f 2123/2177/2062 2183/2237/2122 2184/2178/2123
f 2124/2118/2063 2184/2178/2123 2185/2179/2124
f 2125/2119/2064 2185/2179/2124 2186/2180/2125
f 2126/2120/2065 2186/2180/2125 2187/2181/2126
f 2127/2121/2066 2187/2181/2126 2188/2182/2127
f 2128/2122/2067 2188/2182/2127 2189/2183/2128
f 2189/2183/2128 2190/2184/2129 2130/2124/2069
f 2190/2184/2129 2191/2185/2130 2131/2125/2070
f 2191/2185/2130 2192/2186/2131 2132/2126/2071
f 2192/2186/2131 2193/2247/2132 2133/2187/2072
f 2133/2187/2072 2193/2247/2132 2194/2188/2133
f 2134/2128/2073 2194/2188/2133 2195/2189/2134
f 2195/2189/2134 2196/2190/2135 2136/2130/2075
f 2196/2190/2135 2197/2191/2136 2137/2131/2076
f 2197/2191/2136 2198/2251/2137 2138/2192/2077
f 2138/2192/2077 2198/2251/2137 2199/2193/2138
f 2199/2193/2138 2200/2254/2139 2140/2134/2079
f 2140/2134/2079 2200/2254/2139 2201/2194/2140
f 2141/2135/2080 2201/2194/2140 2202/2195/2141
f 2142/2136/2081 2202/2195/2141 2203/2196/2142
f 2143/2137/2082 2203/2196/2142 2204/2197/2143
f 2144/2138/2083 2204/2197/2143 2205/2198/2144
f 2145/2139/2084 2205/2198/2144 2206/2199/2145
f 2146/2140/2085 2206/2199/2145 2207/2200/2146
f 2147/2141/2086 2207/2200/2146 2208/2201/2147
f 2148/2142/2087 2208/2201/2147 2209/2202/2148
f 2149/2143/2088 2209/2202/2148 2210/2203/2149
f 2150/2144/2089 2210/2203/2149 2211/2204/2150
f 2151/2145/2090 2211/2204/2150 2212/2205/2151
f 2152/2146/2091 2212/2205/2151 2213/2206/2152
f 2153/2147/2092 2213/2206/2152 2214/2207/2153
f 2154/2208/2093 2214/2207/2153 2215/2209/2154
f 2155/2148/2094 2215/2209/2154 2216/2210/2155
f 2156/2149/2095 2216/2210/2155 2217/2211/2156
f 2157/2150/2096 2217/2211/2156 2218/2212/2157
f 2158/2151/2097 2218/2212/2157 2219/2213/2158
f 2159/2152/2098 2219/2213/2158 2220/2214/2159
f 2161/2215/2100 2221/2275/2160 2222/2216/2161
f 2222/2216/2161 2223/2217/2162 2163/2156/2102
f 2223/2217/2162 2224/2218/2163 2164/2157/2103
f 2224/2218/2163 2225/2219/2164 2165/2158/2104
f 2225/2219/2164 2226/2220/2165 2166/2159/2105
f 2226/2220/2165 2227/2281/2166 2167/2221/2106
f 2167/2221/2106 2227/2281/2166 2228/2222/2167
f 2168/2160/2107 2228/2222/2167 2229/2223/2168
f 2169/2161/2108 2229/2223/2168 2230/2224/2169
f 2170/2163/2109 2230/2224/2169 2231/2225/2170
f 2171/2164/2110 2231/2225/2170 2232/2226/2171
f 2172/2165/2111 2232/2226/2171 2233/2227/2172
f 2173/2166/2112 2233/2227/2172 2234/2228/2173
f 2174/2167/2113 2234/2228/2173 2235/2229/2174
f 2175/2168/2114 2235/2229/2174 2236/2230/2175
f 2176/2169/2115 2236/2230/2175 2237/2231/2176
f 2177/2170/2116 2237/2231/2176 2238/2232/2177
f 2178/2171/2117 2238/2232/2177 2239/2233/2178
f 2239/2233/2178 2240/2234/2179 2180/2174/2119
f 2240/2234/2179 2241/2294/2180 2181/2175/2120
f 2181/2175/2120 2241/2294/2180 2242/2235/2181
f 2182/2176/2121 2242/2235/2181 2243/2236/2182
f 2243/2236/2182 2244/2238/2183 2184/2178/2123
f 2244/2238/2183 2245/2239/2184 2185/2179/2124
f 2245/2239/2184 2246/2240/2185 2186/2180/2125
f 2246/2240/2185 2247/2241/2186 2187/2181/2126
f 2247/2241/2186 2248/2242/2187 2188/2182/2127
f 2248/2242/2187 2249/2243/2188 2189/2183/2128
f 2249/2243/2188 2250/2244/2189 2190/2184/2129
f 2250/2244/2189 2251/2245/2190 2191/2185/2130
f 2251/2245/2190 2252/2246/2191 2192/2186/2131
f 2252/2246/2191 2253/2248/2192 2193/2247/2132
f 2253/2248/2192 2254/2307/2193 2194/2188/2133
f 2194/2188/2133 2254/2307/2193 2255/2249/2194
f 2255/2249/2194 2256/2310/2195 2196/2190/2135
f 2196/2190/2135 2256/2310/2195 2257/2250/2196
f 2257/2250/2196 2258/2252/2197 2198/2251/2137
f 2258/2252/2197 2259/2253/2198 2199/2193/2138
f 2259/2253/2198 2260/2255/2199 2200/2254/2139
f 2260/2255/2199 2261/2316/2200 2201/2194/2140
f 2201/2194/2140 2261/2316/2200 2262/2256/2201
f 2202/2195/2141 2262/2256/2201 2263/2257/2202
f 2203/2196/2142 2263/2257/2202 2264/2258/2203
f 2204/2197/2143 2264/2258/2203 2265/2259/2204
f 2205/2198/2144 2265/2259/2204 2266/2260/2205
f 2206/2199/2145 2266/2260/2205 2267/2261/2206
f 2207/2200/2146 2267/2261/2206 2268/2262/2207
f 2208/2201/2147 2268/2262/2207 2269/2263/2208
f 2209/2202/2148 2269/2263/2208 2270/2264/2209
f 2210/2203/2149 2270/2264/2209 2271/2265/2210
f 2211/2204/2150 2271/2265/2210 2272/2266/2211
f 2212/2205/2151 2272/2266/2211 2273/2267/2212
f 2213/2206/2152 2273/2267/2212 2274/2268/2213
f 2214/2207/2153 2274/2268/2213 2275/2269/2214
f 2215/2209/2154 2275/2269/2214 2276/2270/2215
f 2216/2210/2155 2276/2270/2215 2277/2271/2216
f 2217/2211/2156 2277/2271/2216 2278/2272/2217
f 2218/2212/2157 2278/2272/2217 2279/2273/2218
f 2219/2213/2158 2279/2273/2218 2280/2274/2219
f 2221/2275/2160 2281/2335/2220 2282/2276/2221
f 2222/2216/2161 2282/2276/2221 2283/2277/2222
f 2223/2217/2162 2283/2277/2222 2284/2278/2223
f 2284/2278/2223 2285/2279/2224 2225/2219/2164
f 2285/2279/2224 2286/2280/2225 2226/2220/2165
f 2286/2280/2225 2287/2342/2226 2227/2281/2166
f 2227/2281/2166 2287/2342/2226 2288/2282/2227
f 2228/2222/2167 2288/2282/2227 2289/2283/2228
f 2229/2223/2168 2289/2283/2228 2290/2284/2229
f 2230/2224/2169 2290/2284/2229 2291/2285/2230
f 2231/2225/2170 2291/2285/2230 2292/2286/2231
f 2232/2226/2171 2292/2286/2231 2293/2287/2232
f 2233/2227/2172 2293/2287/2232 2294/2288/2233
f 2234/2228/2173 2294/2288/2233 2295/2289/2234
f 2235/2229/2174 2295/2289/2234 2296/2290/2235
f 2296/2290/2235 2297/2291/2236 2237/2231/2176
f 2297/2291/2236 2298/2353/2237 2238/2232/2177
f 2238/2232/2177 2298/2353/2237 2299/2292/2238
f 2299/2292/2238 2300/2356/2239 2240/2234/2179
f 2240/2234/2179 2300/2356/2239 2301/2293/2240
f 2241/2294/2180 2301/2293/2240 2302/2295/2241
f 2242/2235/2181 2302/2295/2241 2303/2296/2242
f 2303/2296/2242 2304/2297/2243 2244/2238/2183
f 2304/2297/2243 2305/2298/2244 2245/2239/2184
f 2305/2298/2244 2306/2299/2245 2246/2240/2185
f 2306/2299/2245 2307/2300/2246 2247/2241/2186
f 2307/2300/2246 2308/2301/2247 2248/2242/2187
f 2308/2301/2247 2309/2302/2248 2249/2243/2188
f 2309/2302/2248 2310/2303/2249 2250/2244/2189
f 2310/2303/2249 2311/2304/2250 2251/2245/2190
f 2311/2304/2250 2312/2305/2251 2252/2246/2191
f 2312/2305/2251 2313/2306/2252 2253/2248/2192
f 2313/2306/2252 2314/2308/2253 2254/2307/2193
f 2314/2308/2253 2315/2309/2254 2255/2249/2194
f 2315/2309/2254 2316/2311/2255 2256/2310/2195
f 2316/2311/2255 2317/2312/2256 2257/2250/2196
f 2317/2312/2256 2318/2313/2257 2258/2252/2197
f 2318/2313/2257 2319/2314/2258 2259/2253/2198
f 2319/2314/2258 2320/2315/2259 2260/2255/2199
f 2320/2315/2259 2321/2376/2260 2261/2316/2200
f 2261/2316/2200 2321/2376/2260 2322/2317/2261
f 2322/2317/2261 2323/2379/2262 2263/2257/2202
f 2263/2257/2202 2323/2379/2262 2324/2318/2263
f 2264/2258/2203 2324/2318/2263 2325/2319/2264
f 2265/2259/2204 2325/2319/2264 2326/2320/2265
f 2266/2260/2205 2326/2320/2265 2327/2321/2266
f 2267/2261/2206 2327/2321/2266 2328/2322/2267
f 2268/2262/2207 2328/2322/2267 2329/2323/2268
f 2269/2263/2208 2329/2323/2268 2330/2324/2269
f 2270/2264/2209 2330/2324/2269 2331/2325/2270
f 2271/2265/2210 2331/2325/2270 2332/2326/2271
f 2272/2266/2211 2332/2326/2271 2333/2327/2272
f 2273/2267/2212 2333/2327/2272 2334/2328/2273
f 2274/2268/2213 2334/2328/2273 2335/2329/2274
f 2275/2269/2214 2335/2329/2274 2336/2330/2275
f 2276/2270/2215 2336/2330/2275 2337/2331/2276
f 2277/2271/2216 2337/2331/2276 2338/2332/2277
f 2278/2272/2217 2338/2332/2277 2339/2333/2278
f 2279/2273/2218 2339/2333/2278 2340/2334/2279
f 2281/2335/2220 2341/2396/2280 2342/2336/2281
f 2282/2276/2221 2342/2336/2281 2343/2337/2282
f 2283/2277/2222 2343/2337/2282 2344/2338/2283
f 2284/2278/2223 2344/2338/2283 2345/2339/2284
f 2285/2279/2224 2345/2339/2284 2346/2340/2285
f 2286/2280/2225 2346/2340/2285 2347/2341/2286
f 2287/2342/2226 2347/2341/2286 2348/2343/2287
f 2288/2282/2227 2348/2343/2287 2349/2344/2288
f 2289/2283/2228 2349/2344/2288 2350/2345/2289
f 2290/2284/2229 2350/2345/2289 2351/2346/2290
f 2291/2285/2230 2351/2346/2290 2352/2347/2291
f 2292/2286/2231 2352/2347/2291 2353/2348/2292
f 2293/2287/2232 2353/2348/2292 2354/2349/2293
f 2294/2288/2233 2354/2349/2293 2355/2350/2294
f 2295/2289/2234 2355/2350/2294 2356/2351/2295
f 2356/2351/2295 2357/2352/2296 2297/2291/2236
f 2357/2352/2296 2358/2413/2297 2298/2353/2237
f 2298/2353/2237 2358/2413/2297 2359/2354/2298
f 2299/2292/2238 2359/2354/2298 2360/2355/2299
f 2300/2356/2239 2360/2355/2299 2361/2357/2300
f 2301/2293/2240 2361/2357/2300 2362/2358/2301
f 2362/2358/2301 2363/2359/2302 2303/2296/2242
f 2363/2359/2302 2364/2360/2303 2304/2297/2243
f 2364/2360/2303 2365/2361/2304 2305/2298/2244
f 2365/2361/2304 2366/2362/2305 2306/2299/2245
f 2366/2362/2305 2367/2363/2306 2307/2300/2246
f 2367/2363/2306 2368/2364/2307 2308/2301/2247
f 2368/2364/2307 2369/2365/2308 2309/2302/2248
f 2369/2365/2308 2370/2366/2309 2310/2303/2249
f 2370/2366/2309 2371/2367/2310 2311/2304/2250
f 2371/2367/2310 2372/2368/2311 2312/2305/2251
f 2372/2368/2311 2373/2426/2312 2313/2306/2252
f 2313/2306/2252 2373/2426/2312 2374/2369/2313
f 2314/2308/2253 2374/2369/2313 2375/2370/2314
f 2375/2370/2314 2376/2371/2315 2316/2311/2255
f 2376/2371/2315 2377/2372/2316 2317/2312/2256
f 2377/2372/2316 2378/2373/2317 2318/2313/2257
f 2378/2373/2317 2379/2374/2318 2319/2314/2258
f 2379/2374/2318 2380/2375/2319 2320/2315/2259
f 2380/2375/2319 2381/2434/2320 2321/2376/2260
f 2321/2376/2260 2381/2434/2320 2382/2377/2321
f 2322/2317/2261 2382/2377/2321 2383/2378/2322
f 2383/2378/2322 2384/2380/2323 2324/2318/2263
f 2384/2380/2323 2385/2381/2324 2325/2319/2264
f 2385/2381/2324 2386/2439/2325 2326/2320/2265
f 2326/2320/2265 2386/2439/2325 2387/2382/2326
f 2327/2321/2266 2387/2382/2326 2388/2383/2327
f 2328/2322/2267 2388/2383/2327 2389/2384/2328
f 2329/2323/2268 2389/2384/2328 2390/2385/2329
f 2330/2324/2269 2390/2385/2329 2391/2386/2330
f 2331/2325/2270 2391/2386/2330 2392/2387/2331
f 2332/2326/2271 2392/2387/2331 2393/2388/2332
f 2333/2327/2272 2393/2388/2332 2394/2389/2333
f 2334/2328/2273 2394/2389/2333 2395/2390/2334
f 2335/2329/2274 2395/2390/2334 2396/2391/2335
f 2336/2330/2275 2396/2391/2335 2397/2392/2336
f 2337/2331/2276 2397/2392/2336 2398/2393/2337
f 2338/2332/2277 2398/2393/2337 2399/2394/2338
f 2339/2333/2278 2399/2394/2338 2400/2395/2339
f 2341/2396/2280 2401/2453/2340 2402/2397/2341
f 2342/2336/2281 2402/2397/2341 2403/2398/2342
f 2343/2337/2282 2403/2398/2342 2404/2399/2343
f 2344/2338/2283 2404/2399/2343 2405/2400/2344
f 2345/2339/2284 2405/2400/2344 2406/2401/2345
f 2346/2340/2285 2406/2401/2345 2407/2402/2346
f 2347/2341/2286 2407/2402/2346 2408/2403/2347
f 2348/2343/2287 2408/2403/2347 2409/2404/2348
f 2349/2344/2288 2409/2404/2348 2410/2405/2349
f 2350/2345/2289 2410/2405/2349 2411/2406/2350
f 2351/2346/2290 2411/2406/2350 2412/2407/2351
f 2352/2347/2291 2412/2407/2351 2413/2408/2352
f 2353/2348/2292 2413/2408/2352 2414/2409/2353
f 2354/2349/2293 2414/2409/2353 2415/2410/2354
f 2355/2350/2294 2415/2410/2354 2416/2411/2355
f 2416/2411/2355 2417/2469/2356 2357/2352/2296
f 2357/2352/2296 2417/2469/2356 2418/2412/2357
f 2358/2413/2297 2418/2412/2357 2419/2414/2358
f 2359/2354/2298 2419/2414/2358 2420/2415/2359
f 2420/2415/2359 2421/2472/2360 2361/2357/2300
f 2361/2357/2300 2421/2472/2360 2422/2416/2361
f 2422/2416/2361 2423/2417/2362 2363/2359/2302
f 2423/2417/2362 2424/2418/2363 2364/2360/2303
f 2424/2418/2363 2425/2419/2364 2365/2361/2304
f 2425/2419/2364 2426/2420/2365 2366/2362/2305
f 2426/2420/2365 2427/2421/2366 2367/2363/2306
f 2427/2421/2366 2428/2422/2367 2368/2364/2307
f 2428/2422/2367 2429/2481/2368 2369/2365/2308
f 2369/2365/2308 2429/2481/2368 2430/2423/2369
f 2370/2366/2309 2430/2423/2369 2431/2424/2370
f 2431/2424/2370 2432/2425/2371 2372/2368/2311
f 2432/2425/2371 2433/2485/2372 2373/2426/2312
f 2373/2426/2312 2433/2485/2372 2434/2427/2373
f 2374/2369/2313 2434/2427/2373 2435/2428/2374
f 2435/2428/2374 2436/2429/2375 2376/2371/2315
f 2436/2429/2375 2437/2430/2376 2377/2372/2316
f 2437/2430/2376 2438/2431/2377 2378/2373/2317
f 2438/2431/2377 2439/2432/2378 2379/2374/2318
f 2439/2432/2378 2440/2492/2379 2380/2375/2319
f 2380/2375/2319 2440/2492/2379 2441/2433/2380
f 2381/2434/2320 2441/2433/2380 2442/2435/2381
f 2442/2435/2381 2443/2436/2382 2383/2378/2322
f 2443/2436/2382 2444/2437/2383 2384/2380/2323
f 2444/2437/2383 2445/2438/2384 2385/2381/2324
f 2445/2438/2384 2446/2440/2385 2386/2439/2325
f 2446/2440/2385 2447/2441/2386 2387/2382/2326
f 2447/2441/2386 2448/2442/2387 2388/2383/2327
f 2448/2442/2387 2449/2500/2388 2389/2384/2328
f 2389/2384/2328 2449/2500/2388 2450/2443/2389
f 2390/2385/2329 2450/2443/2389 2451/2444/2390
f 2391/2386/2330 2451/2444/2390 2452/2445/2391
f 2392/2387/2331 2452/2445/2391 2453/2446/2392
f 2393/2388/2332 2453/2446/2392 2454/2447/2393
f 2394/2389/2333 2454/2447/2393 2455/2448/2394
f 2395/2390/2334 2455/2448/2394 2456/2449/2395
f 2396/2391/2335 2456/2449/2395 2457/2450/2396
f 2397/2392/2336 2457/2450/2396 2458/2451/2397
f 2398/2393/2337 2458/2451/2397 2459/2452/2398
f 2459/2452/2398 2460/2511/2399 2400/2395/2339
f 2401/2453/2340 2461/2512/2400 2462/2454/2401
f 2402/2397/2341 2462/2454/2401 2463/2455/2402
f 2403/2398/2342 2463/2455/2402 2464/2456/2403
f 2404/2399/2343 2464/2456/2403 2465/2457/2404
f 2405/2400/2344 2465/2457/2404 2466/2458/2405
f 2406/2401/2345 2466/2458/2405 2467/2459/2406
f 2467/2459/2406 2468/2460/2407 2408/2403/2347
f 2468/2460/2407 2469/2461/2408 2409/2404/2348
f 2469/2461/2408 2470/2462/2409 2410/2405/2349
f 2470/2462/2409 2471/2463/2410 2411/2406/2350
f 2471/2463/2410 2472/2464/2411 2412/2407/2351
f 2472/2464/2411 2473/2465/2412 2413/2408/2352
f 2473/2465/2412 2474/2466/2413 2414/2409/2353
f 2474/2466/2413 2475/2467/2414 2415/2410/2354
f 2475/2467/2414 2476/2527/2415 2416/2411/2355
f 2416/2411/2355 2476/2527/2415 2477/2468/2416
f 2477/2468/2416 2478/2470/2417 2418/2412/2357
f 2478/2470/2417 2479/2529/2418 2419/2414/2358
f 2419/2414/2358 2479/2529/2418 2480/2471/2419
f 2480/2471/2419 2481/2473/2420 2421/2472/2360
f 2481/2473/2420 2482/2474/2421 2422/2416/2361
f 2482/2474/2421 2483/2475/2422 2423/2417/2362
f 2483/2475/2422 2484/2476/2423 2424/2418/2363
f 2484/2476/2423 2485/2477/2424 2425/2419/2364
f 2485/2477/2424 2486/2478/2425 2426/2420/2365
f 2486/2478/2425 2487/2479/2426 2427/2421/2366
f 2487/2479/2426 2488/2480/2427 2428/2422/2367
f 2488/2480/2427 2489/2540/2428 2429/2481/2368
f 2429/2481/2368 2489/2540/2428 2490/2482/2429
f 2430/2423/2369 2490/2482/2429 2491/2483/2430
f 2431/2424/2370 2491/2483/2430 2492/2484/2431
f 2492/2484/2431 2493/2545/2432 2433/2485/2372
f 2433/2485/2372 2493/2545/2432 2494/2486/2433
f 2494/2486/2433 2495/2487/2434 2435/2428/2374
f 2495/2487/2434 2496/2488/2435 2436/2429/2375
f 2496/2488/2435 2497/2489/2436 2437/2430/2376
f 2497/2489/2436 2498/2490/2437 2438/2431/2377
f 2498/2490/2437 2499/2491/2438 2439/2432/2378
f 2499/2491/2438 2500/2552/2439 2440/2492/2379
f 2440/2492/2379 2500/2552/2439 2501/2493/2440
f 2441/2433/2380 2501/2493/2440 2502/2494/2441
f 2502/2494/2441 2503/2495/2442 2443/2436/2382
f 2503/2495/2442 2504/2496/2443 2444/2437/2383
f 2504/2496/2443 2505/2558/2444 2445/2438/2384
f 2445/2438/2384 2505/2558/2444 2506/2497/2445
f 2446/2440/2385 2506/2497/2445 2507/2498/2446
f 2507/2498/2446 2508/2562/2447 2448/2442/2387
f 2448/2442/2387 2508/2562/2447 2509/2499/2448
f 2449/2500/2388 2509/2499/2448 2510/2501/2449
f 2450/2443/2389 2510/2501/2449 2511/2502/2450
f 2451/2444/2390 2511/2502/2450 2512/2503/2451
f 2452/2445/2391 2512/2503/2451 2513/2504/2452
f 2453/2446/2392 2513/2504/2452 2514/2505/2453
f 2454/2447/2393 2514/2505/2453 2515/2506/2454
f 2455/2448/2394 2515/2506/2454 2516/2507/2455
f 2456/2449/2395 2516/2507/2455 2517/2508/2456
f 2457/2450/2396 2517/2508/2456 2518/2509/2457
f 2518/2509/2457 2519/2510/2458 2459/2452/2398
f 2519/2510/2458 2520/2574/2459 2460/2511/2399
f 2461/2512/2400 2521/2575/2460 2522/2513/2461
f 2462/2454/2401 2522/2513/2461 2523/2514/2462
f 2463/2455/2402 2523/2514/2462 2524/2515/2463
f 2524/2515/2463 2525/2516/2464 2465/2457/2404
f 2525/2516/2464 2526/2517/2465 2466/2458/2405
f 2526/2517/2465 2527/2518/2466 2467/2459/2406
f 2527/2518/2466 2528/2519/2467 2468/2460/2407
f 2528/2519/2467 2529/2520/2468 2469/2461/2408
f 2529/2520/2468 2530/2521/2469 2470/2462/2409
f 2530/2521/2469 2531/2522/2470 2471/2463/2410
f 2531/2522/2470 2532/2586/2471 2472/2464/2411
f 2472/2464/2411 2532/2586/2471 2533/2523/2472
f 2473/2465/2412 2533/2523/2472 2534/2524/2473
f 2474/2466/2413 2534/2524/2473 2535/2525/2474
f 2475/2467/2414 2535/2525/2474 2536/2526/2475
f 2536/2526/2475 2537/2592/2476 2477/2468/2416
f 2477/2468/2416 2537/2592/2476 2538/2528/2477
f 2538/2528/2477 2539/2530/2478 2479/2529/2418
f 2539/2530/2478 2540/2531/2479 2480/2471/2419
f 2540/2531/2479 2541/2532/2480 2481/2473/2420
f 2541/2532/2480 2542/2533/2481 2482/2474/2421
f 2542/2533/2481 2543/2534/2482 2483/2475/2422
f 2543/2534/2482 2544/2535/2483 2484/2476/2423
f 2544/2535/2483 2545/2536/2484 2485/2477/2424
f 2545/2536/2484 2546/2537/2485 2486/2478/2425
f 2546/2537/2485 2547/2538/2486 2487/2479/2426
f 2547/2538/2486 2548/2539/2487 2488/2480/2427
f 2548/2539/2487 2549/2541/2488 2489/2540/2428
f 2549/2541/2488 2550/2605/2489 2490/2482/2429
f 2490/2482/2429 2550/2605/2489 2551/2542/2490
f 2491/2483/2430 2551/2542/2490 2552/2543/2491
f 2492/2484/2431 2552/2543/2491 2553/2544/2492
f 2553/2544/2492 2554/2546/2493 2494/2486/2433
f 2554/2546/2493 2555/2547/2494 2495/2487/2434
f 2555/2547/2494 2556/2548/2495 2496/2488/2435
f 2556/2548/2495 2557/2549/2496 2497/2489/2436
f 2557/2549/2496 2558/2550/2497 2498/2490/2437
f 2558/2550/2497 2559/2551/2498 2499/2491/2438
f 2559/2551/2498 2560/2553/2499 2500/2552/2439
f 2560/2553/2499 2561/2554/2500 2501/2493/2440
f 2561/2554/2500 2562/2555/2501 2502/2494/2441
f 2562/2555/2501 2563/2556/2502 2503/2495/2442
f 2563/2556/2502 2564/2557/2503 2504/2496/2443
f 2564/2557/2503 2565/2620/2504 2505/2558/2444
f 2505/2558/2444 2565/2620/2504 2566/2559/2505
f 2506/2497/2445 2566/2559/2505 2567/2560/2506
f 2507/2498/2446 2567/2560/2506 2568/2561/2507
f 2508/2562/2447 2568/2561/2507 2569/2563/2508
f 2509/2499/2448 2569/2563/2508 2570/2564/2509
f 2510/2501/2449 2570/2564/2509 2571/2565/2510
f 2511/2502/2450 2571/2565/2510 2572/2566/2511
f 2512/2503/2451 2572/2566/2511 2573/2567/2512
f 2513/2504/2452 2573/2567/2512 2574/2568/2513
f 2514/2505/2453 2574/2568/2513 2575/2569/2514
f 2515/2506/2454 2575/2569/2514 2576/2570/2515
f 2516/2507/2455 2576/2570/2515 2577/2571/2516
f 2517/2508/2456 2577/2571/2516 2578/2572/2517
f 2578/2572/2517 2579/2573/2518 2519/2510/2458
f 2579/2573/2518 2580/2634/2519 2520/2574/2459
f 2521/2575/2460 2581/2635/2520 2582/2576/2521
f 2522/2513/2461 2582/2576/2521 2583/2577/2522
f 2523/2514/2462 2583/2577/2522 2584/2578/2523
f 2524/2515/2463 2584/2578/2523 2585/2579/2524
f 2525/2516/2464 2585/2579/2524 2586/2580/2525
f 2526/2517/2465 2586/2580/2525 2587/2581/2526
f 2527/2518/2466 2587/2581/2526 2588/2582/2527
f 2528/2519/2467 2588/2582/2527 2589/2583/2528
f 2589/2583/2528 2590/2584/2529 2530/2521/2469
f 2590/2584/2529 2591/2585/2530 2531/2522/2470
f 2591/2585/2530 2592/2587/2531 2532/2586/2471
f 2592/2587/2531 2593/2647/2532 2533/2523/2472
f 2533/2523/2472 2593/2647/2532 2594/2588/2533
f 2534/2524/2473 2594/2588/2533 2595/2589/2534
f 2535/2525/2474 2595/2589/2534 2596/2590/2535
f 2536/2526/2475 2596/2590/2535 2597/2591/2536
f 2597/2591/2536 2598/2593/2537 2538/2528/2477
f 2598/2593/2537 2599/2594/2538 2539/2530/2478
f 2599/2594/2538 2600/2595/2539 2540/2531/2479
f 2600/2595/2539 2601/2596/2540 2541/2532/2480
f 2601/2596/2540 2602/2597/2541 2542/2533/2481
f 2602/2597/2541 2603/2598/2542 2543/2534/2482
f 2603/2598/2542 2604/2599/2543 2544/2535/2483
f 2604/2599/2543 2605/2600/2544 2545/2536/2484
f 2605/2600/2544 2606/2601/2545 2546/2537/2485
f 2606/2601/2545 2607/2602/2546 2547/2538/2486
f 2607/2602/2546 2608/2603/2547 2548/2539/2487
f 2608/2603/2547 2609/2604/2548 2549/2541/2488
f 2609/2604/2548 2610/2664/2549 2550/2605/2489
f 2550/2605/2489 2610/2664/2549 2611/2606/2550
f 2551/2542/2490 2611/2606/2550 2612/2607/2551
f 2552/2543/2491 2612/2607/2551 2613/2608/2552
f 2613/2608/2552 2614/2609/2553 2554/2546/2493
f 2614/2609/2553 2615/2669/2554 2555/2547/2494
f 2555/2547/2494 2615/2669/2554 2616/2610/2555
f 2556/2548/2495 2616/2610/2555 2617/2611/2556
f 2557/2549/2496 2617/2611/2556 2618/2612/2557
f 2558/2550/2497 2618/2612/2557 2619/2613/2558
f 2559/2551/2498 2619/2613/2558 2620/2614/2559
f 2560/2553/2499 2620/2614/2559 2621/2615/2560
f 2561/2554/2500 2621/2615/2560 2622/2616/2561
f 2562/2555/2501 2622/2616/2561 2623/2617/2562
f 2563/2556/2502 2623/2617/2562 2624/2618/2563
f 2564/2557/2503 2624/2618/2563 2625/2619/2564
f 2565/2620/2504 2625/2619/2564 2626/2621/2565
f 2566/2559/2505 2626/2621/2565 2627/2622/2566
f 2567/2560/2506 2627/2622/2566 2628/2623/2567
f 2628/2623/2567 2629/2682/2568 2569/2563/2508
f 2569/2563/2508 2629/2682/2568 2630/2624/2569
f 2570/2564/2509 2630/2624/2569 2631/2625/2570
f 2571/2565/2510 2631/2625/2570 2632/2626/2571
f 2572/2566/2511 2632/2626/2571 2633/2627/2572
f 2573/2567/2512 2633/2627/2572 2634/2628/2573
f 2574/2568/2513 2634/2628/2573 2635/2629/2574
f 2575/2569/2514 2635/2629/2574 2636/2630/2575
f 2576/2570/2515 2636/2630/2575 2637/2631/2576
f 2577/2571/2516 2637/2631/2576 2638/2632/2577
f 2638/2632/2577 2639/2633/2578 2579/2573/2518
f 2639/2633/2578 2640/2693/2579 2580/2634/2519
f 2581/2635/2520 2641/2694/2580 2642/2636/2581
f 2582/2576/2521 2642/2636/2581 2643/2637/2582
f 2583/2577/2522 2643/2637/2582 2644/2638/2583
f 2584/2578/2523 2644/2638/2583 2645/2639/2584
f 2585/2579/2524 2645/2639/2584 2646/2640/2585
f 2586/2580/2525 2646/2640/2585 2647/2641/2586
f 2587/2581/2526 2647/2641/2586 2648/2642/2587
f 2588/2582/2527 2648/2642/2587 2649/2643/2588
f 2589/2583/2528 2649/2643/2588 2650/2644/2589
f 2590/2584/2529 2650/2644/2589 2651/2645/2590
f 2651/2645/2590 2652/2646/2591 2592/2587/2531
f 2652/2646/2591 2653/2706/2592 2593/2647/2532
f 2593/2647/2532 2653/2706/2592 2654/2648/2593
f 2594/2588/2533 2654/2648/2593 2655/2649/2594
f 2595/2589/2534 2655/2649/2594 2656/2650/2595
f 2596/2590/2535 2656/2650/2595 2657/2651/2596
f 2657/2651/2596 2658/2652/2597 2598/2593/2537
f 2658/2652/2597 2659/2653/2598 2599/2594/2538
f 2659/2653/2598 2660/2654/2599 2600/2595/2539
f 2660/2654/2599 2661/2655/2600 2601/2596/2540
f 2661/2655/2600 2662/2656/2601 2602/2597/2541
f 2662/2656/2601 2663/2657/2602 2603/2598/2542
f 2663/2657/2602 2664/2658/2603 2604/2599/2543
f 2664/2658/2603 2665/2659/2604 2605/2600/2544
f 2665/2659/2604 2666/2660/2605 2606/2601/2545
f 2666/2660/2605 2667/2661/2606 2607/2602/2546
f 2667/2661/2606 2668/2662/2607 2608/2603/2547
f 2668/2662/2607 2669/2663/2608 2609/2604/2548
f 2669/2663/2608 2670/2665/2609 2610/2664/2549
f 2670/2665/2609 2671/2666/2610 2611/2606/2550
f 2671/2666/2610 2672/2724/2611 2612/2607/2551
f 2612/2607/2551 2672/2724/2611 2673/2667/2612
f 2673/2667/2612 2674/2668/2613 2614/2609/2553
f 2674/2668/2613 2675/2727/2614 2615/2669/2554
f 2615/2669/2554 2675/2727/2614 2676/2670/2615
f 2616/2610/2555 2676/2670/2615 2677/2671/2616
f 2617/2611/2556 2677/2671/2616 2678/2672/2617
f 2618/2612/2557 2678/2672/2617 2679/2673/2618
f 2619/2613/2558 2679/2673/2618 2680/2674/2619
f 2620/2614/2559 2680/2674/2619 2681/2675/2620
f 2621/2615/2560 2681/2675/2620 2682/2676/2621
f 2622/2616/2561 2682/2676/2621 2683/2677/2622
f 2623/2617/2562 2683/2677/2622 2684/2678/2623
f 2624/2618/2563 2684/2678/2623 2685/2679/2624
f 2625/2619/2564 2685/2679/2624 2686/2680/2625
f 2686/2680/2625 2687/2739/2626 2627/2622/2566
f 2627/2622/2566 2687/2739/2626 2688/2681/2627
f 2688/2681/2627 2689/2683/2628 2629/2682/2568
f 2689/2683/2628 2690/2684/2629 2630/2624/2569
f 2690/2684/2629 2691/2743/2630 2631/2625/2570
f 2631/2625/2570 2691/2743/2630 2692/2685/2631
f 2632/2626/2571 2692/2685/2631 2693/2686/2632
f 2633/2627/2572 2693/2686/2632 2694/2687/2633
f 2634/2628/2573 2694/2687/2633 2695/2688/2634
f 2635/2629/2574 2695/2688/2634 2696/2689/2635
f 2636/2630/2575 2696/2689/2635 2697/2690/2636
f 2637/2631/2576 2697/2690/2636 2698/2691/2637
f 2698/2691/2637 2699/2692/2638 2639/2633/2578
f 2699/2692/2638 2700/2752/2639 2640/2693/2579
f 2641/2694/2580 2701/2753/2640 2702/2695/2641
f 2642/2636/2581 2702/2695/2641 2703/2696/2642
f 2643/2637/2582 2703/2696/2642 2704/2697/2643
f 2644/2638/2583 2704/2697/2643 2705/2698/2644
f 2645/2639/2584 2705/2698/2644 2706/2699/2645
f 2646/2640/2585 2706/2699/2645 2707/2700/2646
f 2647/2641/2586 2707/2700/2646 2708/2701/2647
f 2648/2642/2587 2708/2701/2647 2709/2702/2648
f 2649/2643/2588 2709/2702/2648 2710/2703/2649
f 2650/2644/2589 2710/2703/2649 2711/2704/2650
f 2711/2704/2650 2712/2705/2651 2652/2646/2591
f 2712/2705/2651 2713/2765/2652 2653/2706/2592
f 2653/2706/2592 2713/2765/2652 2714/2707/2653
f 2654/2648/2593 2714/2707/2653 2715/2708/2654
f 2655/2649/2594 2715/2708/2654 2716/2709/2655
f 2656/2650/2595 2716/2709/2655 2717/2710/2656
f 2717/2710/2656 2718/2711/2657 2658/2652/2597
f 2718/2711/2657 2719/2712/2658 2659/2653/2598
f 2719/2712/2658 2720/2713/2659 2660/2654/2599
f 2720/2713/2659 2721/2772/2660 2661/2655/2600
f 2661/2655/2600 2721/2772/2660 2722/2714/2661
f 2662/2656/2601 2722/2714/2661 2723/2715/2662
f 2663/2657/2602 2723/2715/2662 2724/2716/2663
f 2664/2658/2603 2724/2716/2663 2725/2717/2664
f 2665/2659/2604 2725/2717/2664 2726/2718/2665
f 2726/2718/2665 2727/2779/2666 2667/2661/2606
f 2667/2661/2606 2727/2779/2666 2728/2719/2667
f 2668/2662/2607 2728/2719/2667 2729/2720/2668
f 2669/2663/2608 2729/2720/2668 2730/2721/2669
f 2670/2665/2609 2730/2721/2669 2731/2722/2670
f 2671/2666/2610 2731/2722/2670 2732/2723/2671
f 2672/2724/2611 2732/2723/2671 2733/2725/2672
f 2733/2725/2672 2734/2726/2673 2674/2668/2613
f 2734/2726/2673 2735/2787/2674 2675/2727/2614
f 2675/2727/2614 2735/2787/2674 2736/2728/2675
f 2676/2670/2615 2736/2728/2675 2737/2729/2676
f 2737/2729/2676 2738/2790/2677 2678/2672/2617
f 2678/2672/2617 2738/2790/2677 2739/2730/2678
f 2679/2673/2618 2739/2730/2678 2740/2731/2679
f 2680/2674/2619 2740/2731/2679 2741/2732/2680
f 2681/2675/2620 2741/2732/2680 2742/2733/2681
f 2682/2676/2621 2742/2733/2681 2743/2734/2682
f 2683/2677/2622 2743/2734/2682 2744/2735/2683
f 2684/2678/2623 2744/2735/2683 2745/2736/2684
f 2685/2679/2624 2745/2736/2684 2746/2737/2685
f 2686/2680/2625 2746/2737/2685 2747/2738/2686
f 2747/2738/2686 2748/2740/2687 2688/2681/2627
f 2748/2740/2687 2749/2741/2688 2689/2683/2628
f 2749/2741/2688 2750/2742/2689 2690/2684/2629
f 2750/2742/2689 2751/2744/2690 2691/2743/2630
f 2751/2744/2690 2752/2745/2691 2692/2685/2631
f 2752/2745/2691 2753/2746/2692 2693/2686/2632
f 2753/2746/2692 2754/2806/2693 2694/2687/2633
f 2694/2687/2633 2754/2806/2693 2755/2747/2694
f 2695/2688/2634 2755/2747/2694 2756/2748/2695
f 2696/2689/2635 2756/2748/2695 2757/2749/2696
f 2757/2749/2696 2758/2750/2697 2698/2691/2637
f 2758/2750/2697 2759/2751/2698 2699/2692/2638
f 2759/2751/2698 2760/2812/2699 2700/2752/2639
f 2701/2753/2640 2761/2813/2700 2762/2754/2701
f 2702/2695/2641 2762/2754/2701 2763/2755/2702
f 2703/2696/2642 2763/2755/2702 2764/2756/2703
f 2704/2697/2643 2764/2756/2703 2765/2757/2704
f 2705/2698/2644 2765/2757/2704 2766/2758/2705
f 2706/2699/2645 2766/2758/2705 2767/2759/2706
f 2707/2700/2646 2767/2759/2706 2768/2760/2707
f 2708/2701/2647 2768/2760/2707 2769/2761/2708
f 2709/2702/2648 2769/2761/2708 2770/2762/2709
f 2710/2703/2649 2770/2762/2709 2771/2763/2710
f 2771/2763/2710 2772/2825/2711 2712/2705/2651
f 2712/2705/2651 2772/2825/2711 2773/2764/2712
f 2773/2764/2712 2774/2828/2713 2714/2707/2653
f 2714/2707/2653 2774/2828/2713 2775/2766/2714
f 2715/2708/2654 2775/2766/2714 2776/2767/2715
f 2716/2709/2655 2776/2767/2715 2777/2768/2716
f 2777/2768/2716 2778/2769/2717 2718/2711/2657
f 2778/2769/2717 2779/2770/2718 2719/2712/2658
f 2779/2770/2718 2780/2771/2719 2720/2713/2659
f 2780/2771/2719 2781/2834/2720 2721/2772/2660
f 2721/2772/2660 2781/2834/2720 2782/2773/2721
f 2722/2714/2661 2782/2773/2721 2783/2774/2722
f 2723/2715/2662 2783/2774/2722 2784/2775/2723
f 2724/2716/2663 2784/2775/2723 2785/2776/2724
f 2725/2717/2664 2785/2776/2724 2786/2777/2725
f 2726/2718/2665 2786/2777/2725 2787/2778/2726
f 2727/2779/2666 2787/2778/2726 2788/2780/2727
f 2728/2719/2667 2788/2780/2727 2789/2781/2728
f 2729/2720/2668 2789/2781/2728 2790/2782/2729
f 2730/2721/2669 2790/2782/2729 2791/2783/2730
f 2731/2722/2670 2791/2783/2730 2792/2784/2731
f 2732/2723/2671 2792/2784/2731 2793/2785/2732
f 2793/2785/2732 2794/2786/2733 2734/2726/2673
f 2794/2786/2733 2795/2848/2734 2735/2787/2674
f 2735/2787/2674 2795/2848/2734 2796/2788/2735
f 2736/2728/2675 2796/2788/2735 2797/2789/2736
f 2797/2789/2736 2798/2791/2737 2738/2790/2677
f 2798/2791/2737 2799/2792/2738 2739/2730/2678
f 2799/2792/2738 2800/2793/2739 2740/2731/2679
f 2800/2793/2739 2801/2794/2740 2741/2732/2680
f 2801/2794/2740 2802/2795/2741 2742/2733/2681
f 2802/2795/2741 2803/2796/2742 2743/2734/2682
f 2803/2796/2742 2804/2857/2743 2744/2735/2683
f 2744/2735/2683 2804/2857/2743 2805/2797/2744
f 2745/2736/2684 2805/2797/2744 2806/2798/2745
f 2746/2737/2685 2806/2798/2745 2807/2799/2746
f 2807/2799/2746 2808/2800/2747 2748/2740/2687
f 2808/2800/2747 2809/2801/2748 2749/2741/2688
f 2809/2801/2748 2810/2802/2749 2750/2742/2689
f 2810/2802/2749 2811/2803/2750 2751/2744/2690
f 2811/2803/2750 2812/2804/2751 2752/2745/2691
f 2812/2804/2751 2813/2805/2752 2753/2746/2692
f 2813/2805/2752 2814/2807/2753 2754/2806/2693
f 2814/2807/2753 2815/2808/2754 2755/2747/2694
f 2815/2808/2754 2816/2870/2755 2756/2748/2695
f 2756/2748/2695 2816/2870/2755 2817/2809/2756
f 2817/2809/2756 2818/2810/2757 2758/2750/2697
f 2818/2810/2757 2819/2811/2758 2759/2751/2698
f 2819/2811/2758 2820/2875/2759 2760/2812/2699
f 2761/2813/2700 2821/2877/2760 2822/2814/2761
f 2762/2754/2701 2822/2814/2761 2823/2815/2762
f 2763/2755/2702 2823/2815/2762 2824/2816/2763
f 2764/2756/2703 2824/2816/2763 2825/2817/2764
f 2765/2757/2704 2825/2817/2764 2826/2818/2765
f 2766/2758/2705 2826/2818/2765 2827/2819/2766
f 2767/2759/2706 2827/2819/2766 2828/2820/2767
f 2768/2760/2707 2828/2820/2767 2829/2821/2768
f 2769/2761/2708 2829/2821/2768 2830/2822/2769
f 2770/2762/2709 2830/2822/2769 2831/2823/2770
f 2771/2763/2710 2831/2823/2770 2832/2824/2771
f 2772/2825/2711 2832/2824/2771 2833/2826/2772
f 2773/2764/2712 2833/2826/2772 2834/2827/2773
f 2774/2828/2713 2834/2827/2773 2835/2829/2774
f 2775/2766/2714 2835/2829/2774 2836/2830/2775
f 2776/2767/2715 2836/2830/2775 2837/2831/2776
f 2837/2831/2776 2838/2894/2777 2778/2769/2717
f 2778/2769/2717 2838/2894/2777 2839/2832/2778
f 2779/2770/2718 2839/2832/2778 2840/2833/2779
f 2840/2833/2779 2841/2835/2780 2781/2834/2720
f 2841/2835/2780 2842/2836/2781 2782/2773/2721
f 2842/2836/2781 2843/2837/2782 2783/2774/2722
f 2843/2837/2782 2844/2838/2783 2784/2775/2723
f 2844/2838/2783 2845/2901/2784 2785/2776/2724
f 2785/2776/2724 2845/2901/2784 2846/2839/2785
f 2786/2777/2725 2846/2839/2785 2847/2840/2786
f 2787/2778/2726 2847/2840/2786 2848/2841/2787
f 2788/2780/2727 2848/2841/2787 2849/2842/2788
f 2789/2781/2728 2849/2842/2788 2850/2843/2789
f 2790/2782/2729 2850/2843/2789 2851/2844/2790
f 2791/2783/2730 2851/2844/2790 2852/2845/2791
f 2792/2784/2731 2852/2845/2791 2853/2846/2792
f 2853/2846/2792 2854/2847/2793 2794/2786/2733
f 2854/2847/2793 2855/2911/2794 2795/2848/2734
f 2795/2848/2734 2855/2911/2794 2856/2849/2795
f 2796/2788/2735 2856/2849/2795 2857/2850/2796
f 2797/2789/2736 2857/2850/2796 2858/2851/2797
f 2798/2791/2737 2858/2851/2797 2859/2852/2798
f 2859/2852/2798 2860/2853/2799 2800/2793/2739
f 2860/2853/2799 2861/2854/2800 2801/2794/2740
f 2861/2854/2800 2862/2855/2801 2802/2795/2741
f 2862/2855/2801 2863/2856/2802 2803/2796/2742
f 2863/2856/2802 2864/2858/2803 2804/2857/2743
f 2864/2858/2803 2865/2859/2804 2805/2797/2744
f 2865/2859/2804 2866/2860/2805 2806/2798/2745
f 2866/2860/2805 2867/2861/2806 2807/2799/2746
f 2867/2861/2806 2868/2862/2807 2808/2800/2747
f 2868/2862/2807 2869/2863/2808 2809/2801/2748
f 2869/2863/2808 2870/2864/2809 2810/2802/2749
f 2870/2864/2809 2871/2865/2810 2811/2803/2750
f 2871/2865/2810 2872/2866/2811 2812/2804/2751
f 2872/2866/2811 2873/2867/2812 2813/2805/2752
f 2873/2867/2812 2874/2868/2813 2814/2807/2753
f 2874/2868/2813 2875/2869/2814 2815/2808/2754
f 2875/2869/2814 2876/2871/2815 2816/2870/2755
f 2876/2871/2815 2877/2872/2816 2817/2809/2756
f 2877/2872/2816 2878/2873/2817 2818/2810/2757
f 2878/2873/2817 2879/2874/2818 2819/2811/2758
f 2879/2874/2818 2880/2936/2819 2820/2875/2759
f 2881/2876/2820 2882/2938/2821 2822/2814/2761
f 2822/2814/2761 2882/2938/2821 2883/2878/2822
f 2823/2815/2762 2883/2878/2822 2884/2879/2823
f 2824/2816/2763 2884/2879/2823 2885/2880/2824
f 2825/2817/2764 2885/2880/2824 2886/2881/2825
f 2826/2818/2765 2886/2881/2825 2887/2882/2826
f 2827/2819/2766 2887/2882/2826 2888/2883/2827
f 2828/2820/2767 2888/2883/2827 2889/2884/2828
f 2829/2821/2768 2889/2884/2828 2890/2885/2829
f 2830/2822/2769 2890/2885/2829 2891/2886/2830
f 2831/2823/2770 2891/2886/2830 2892/2887/2831
f 2832/2824/2771 2892/2887/2831 2893/2888/2832
f 2833/2826/2772 2893/2888/2832 2894/2889/2833
f 2834/2827/2773 2894/2889/2833 2895/2890/2834
f 2835/2829/2774 2895/2890/2834 2896/2891/2835
f 2836/2830/2775 2896/2891/2835 2897/2892/2836
f 2837/2831/2776 2897/2892/2836 2898/2893/2837
f 2898/2893/2837 2899/2895/2838 2839/2832/2778
f 2899/2895/2838 2900/2896/2839 2840/2833/2779
f 2900/2896/2839 2901/2897/2840 2841/2835/2780
f 2901/2897/2840 2902/2898/2841 2842/2836/2781
f 2902/2898/2841 2903/2899/2842 2843/2837/2782
f 2903/2899/2842 2904/2960/2843 2844/2838/2783
f 2844/2838/2783 2904/2960/2843 2905/2900/2844
f 2845/2901/2784 2905/2900/2844 2906/2902/2845
f 2846/2839/2785 2906/2902/2845 2907/2903/2846
f 2847/2840/2786 2907/2903/2846 2908/2904/2847
f 2848/2841/2787 2908/2904/2847 2909/2905/2848
f 2849/2842/2788 2909/2905/2848 2910/2906/2849
f 2850/2843/2789 2910/2906/2849 2911/2907/2850
f 2851/2844/2790 2911/2907/2850 2912/2908/2851
f 2852/2845/2791 2912/2908/2851 2913/2909/2852
f 2913/2909/2852 2914/2969/2853 2854/2847/2793
f 2854/2847/2793 2914/2969/2853 2915/2910/2854
f 2855/2911/2794 2915/2910/2854 2916/2912/2855
f 2856/2849/2795 2916/2912/2855 2917/2913/2856
f 2857/2850/2796 2917/2913/2856 2918/2914/2857
f 2858/2851/2797 2918/2914/2857 2919/2915/2858
f 2919/2915/2858 2920/2916/2859 2860/2853/2799
f 2920/2916/2859 2921/2917/2860 2861/2854/2800
f 2921/2917/2860 2922/2918/2861 2862/2855/2801
f 2922/2918/2861 2923/2919/2862 2863/2856/2802
f 2923/2919/2862 2924/2920/2863 2864/2858/2803
f 2924/2920/2863 2925/2921/2864 2865/2859/2804
f 2925/2921/2864 2926/2922/2865 2866/2860/2805
f 2926/2922/2865 2927/2923/2866 2867/2861/2806
f 2927/2923/2866 2928/2924/2867 2868/2862/2807
f 2928/2924/2867 2929/2925/2868 2869/2863/2808
f 2929/2925/2868 2930/2926/2869 2870/2864/2809
f 2930/2926/2869 2931/2927/2870 2871/2865/2810
f 2931/2927/2870 2932/2928/2871 2872/2866/2811
f 2932/2928/2871 2933/2929/2872 2873/2867/2812
f 2933/2929/2872 2934/2930/2873 2874/2868/2813
f 2934/2930/2873 2935/2931/2874 2875/2869/2814
f 2935/2931/2874 2936/2932/2875 2876/2871/2815
f 2936/2932/2875 2937/2933/2876 2877/2872/2816
f 2937/2933/2876 2938/2934/2877 2878/2873/2817
f 2938/2934/2877 2939/2935/2878 2879/2874/2818
f 2939/2935/2878 2940/2995/6 2880/2936/2819
f 2941/2937/6 2942/2997/2879 2882/2938/2821
f 2882/2938/2821 2942/2997/2879 2943/2939/2880
f 2883/2878/2822 2943/2939/2880 2944/2940/2881
f 2884/2879/2823 2944/2940/2881 2945/2941/2882
f 2885/2880/2824 2945/2941/2882 2946/2942/2883
f 2886/2881/2825 2946/2942/2883 2947/2943/2884
f 2887/2882/2826 2947/2943/2884 2948/2944/2885
f 2888/2883/2827 2948/2944/2885 2949/2945/2886
f 2889/2884/2828 2949/2945/2886 2950/2946/2887
f 2890/2885/2829 2950/2946/2887 2951/2947/2888
f 2891/2886/2830 2951/2947/2888 2952/2948/2889
f 2892/2887/2831 2952/2948/2889 2953/2949/2890
f 2893/2888/2832 2953/2949/2890 2954/2950/2891
f 2894/2889/2833 2954/2950/2891 2955/2951/2892
f 2895/2890/2834 2955/2951/2892 2956/2952/2893
f 2896/2891/2835 2956/2952/2893 2957/2953/2894
f 2897/2892/2836 2957/2953/2894 2958/2954/2895
f 2958/2954/2895 2959/2955/2896 2899/2895/2838
f 2959/2955/2896 2960/2956/2897 2900/2896/2839
f 2960/2956/2897 2961/2957/2898 2901/2897/2840
f 2961/2957/2898 2962/2958/2899 2902/2898/2841
f 2962/2958/2899 2963/3018/2900 2903/2899/2842
f 2903/2899/2842 2963/3018/2900 2964/2959/2901
f 2964/2959/2901 2965/3021/2902 2905/2900/2844
f 2905/2900/2844 2965/3021/2902 2966/2961/2903
f 2906/2902/2845 2966/2961/2903 2967/2962/2904
f 2907/2903/2846 2967/2962/2904 2968/2963/2905
f 2908/2904/2847 2968/2963/2905 2969/2964/2906
f 2909/2905/2848 2969/2964/2906 2970/2965/2907
f 2910/2906/2849 2970/2965/2907 2971/2966/2908
f 2911/2907/2850 2971/2966/2908 2972/2967/2909
f 2972/2967/2909 2973/3030/2910 2913/2909/2852
f 2913/2909/2852 2973/3030/2910 2974/2968/2911
f 2914/2969/2853 2974/2968/2911 2975/2970/2912
f 2915/2910/2854 2975/2970/2912 2976/2971/2913
f 2916/2912/2855 2976/2971/2913 2977/2972/2914
f 2917/2913/2856 2977/2972/2914 2978/2973/2915
f 2918/2914/2857 2978/2973/2915 2979/2974/2916
f 2919/2915/2858 2979/2974/2916 2980/2975/2917
f 2980/2975/2917 2981/2976/2918 2921/2917/2860
f 2981/2976/2918 2982/2977/2919 2922/2918/2861
f 2982/2977/2919 2983/2978/2920 2923/2919/2862
f 2983/2978/2920 2984/2979/2921 2924/2920/2863
f 2984/2979/2921 2985/2980/2922 2925/2921/2864
f 2985/2980/2922 2986/2981/2923 2926/2922/2865
f 2986/2981/2923 2987/2982/2924 2927/2923/2866
f 2987/2982/2924 2988/2983/2925 2928/2924/2867
f 2988/2983/2925 2989/2984/2926 2929/2925/2868
f 2989/2984/2926 2990/2985/2927 2930/2926/2869
f 2990/2985/2927 2991/2986/2928 2931/2927/2870
f 2991/2986/2928 2992/2987/2929 2932/2928/2871
f 2992/2987/2929 2993/2988/2930 2933/2929/2872
f 2993/2988/2930 2994/2989/2931 2934/2930/2873
f 2994/2989/2931 2995/2990/2932 2935/2931/2874
f 2995/2990/2932 2996/2991/2933 2936/2932/2875
f 2996/2991/2933 2997/2992/2934 2937/2933/2876
f 2997/2992/2934 2998/2993/2935 2938/2934/2877
f 2998/2993/2935 2999/2994/2936 2939/2935/2878
f 2999/2994/2936 3000/3057/6 2940/2995/6
f 3001/2996/6 3002/3059/2937 2942/2997/2879
f 2942/2997/2879 3002/3059/2937 3003/2998/2938
f 2943/2939/2880 3003/2998/2938 3004/2999/2939
f 2944/2940/2881 3004/2999/2939 3005/3000/2940
f 2945/2941/2882 3005/3000/2940 3006/3001/2941
f 2946/2942/2883 3006/3001/2941 3007/3002/2942
f 2947/2943/2884 3007/3002/2942 3008/3003/2943
f 2948/2944/2885 3008/3003/2943 3009/3004/2944
f 2949/2945/2886 3009/3004/2944 3010/3005/2945
f 2950/2946/2887 3010/3005/2945 3011/3006/2946
f 2951/2947/2888 3011/3006/2946 3012/3007/2947
f 2952/2948/2889 3012/3007/2947 3013/3008/2948
f 2953/2949/2890 3013/3008/2948 3014/3009/2949
f 2954/2950/2891 3014/3009/2949 3015/3010/2950
f 2955/2951/2892 3015/3010/2950 3016/3011/2951
f 2956/2952/2893 3016/3011/2951 3017/3012/2952
f 2957/2953/2894 3017/3012/2952 3018/3013/2953
f 3018/3013/2953 3019/3014/2954 2959/2955/2896
f 3019/3014/2954 3020/3015/2955 2960/2956/2897
f 3020/3015/2955 3021/3016/2956 2961/2957/2898
f 3021/3016/2956 3022/3017/2957 2962/2958/2899
f 3022/3017/2957 3023/3019/2958 2963/3018/2900
f 3023/3019/2958 3024/3020/2959 2964/2959/2901
f 3024/3020/2959 3025/3022/2960 2965/3021/2902
f 3025/3022/2960 3026/3023/2961 2966/2961/2903
f 3026/3023/2961 3027/3084/2962 2967/2962/2904
f 2967/2962/2904 3027/3084/2962 3028/3024/2963
f 2968/2963/2905 3028/3024/2963 3029/3025/2964
f 2969/2964/2906 3029/3025/2964 3030/3026/2965
f 2970/2965/2907 3030/3026/2965 3031/3027/2966
f 2971/2966/2908 3031/3027/2966 3032/3028/2967
f 2972/2967/2909 3032/3028/2967 3033/3029/2968
f 2973/3030/2910 3033/3029/2968 3034/3031/2969
f 2974/2968/2911 3034/3031/2969 3035/3032/2970
f 2975/2970/2912 3035/3032/2970 3036/3033/2971
f 2976/2971/2913 3036/3033/2971 3037/3034/2972
f 2977/2972/2914 3037/3034/2972 3038/3035/2973
f 2978/2973/2915 3038/3035/2973 3039/3036/2974
f 2979/2974/2916 3039/3036/2974 3040/3037/2975
f 3040/3037/2975 3041/3038/2976 2981/2976/2918
f 3041/3038/2976 3042/3039/2977 2982/2977/2919
f 3042/3039/2977 3043/3040/2978 2983/2978/2920
f 3043/3040/2978 3044/3041/2979 2984/2979/2921
f 3044/3041/2979 3045/3042/2980 2985/2980/2922
f 3045/3042/2980 3046/3043/2981 2986/2981/2923
f 3046/3043/2981 3047/3044/2982 2987/2982/2924
f 3047/3044/2982 3048/3045/2983 2988/2983/2925
f 3048/3045/2983 3049/3046/2984 2989/2984/2926
f 3049/3046/2984 3050/3047/2985 2990/2985/2927
f 3050/3047/2985 3051/3048/2986 2991/2986/2928
f 3051/3048/2986 3052/3049/2987 2992/2987/2929
f 3052/3049/2987 3053/3050/2988 2993/2988/2930
f 3053/3050/2988 3054/3051/2989 2994/2989/2931
f 3054/3051/2989 3055/3052/2990 2995/2990/2932
f 3055/3052/2990 3056/3053/2991 2996/2991/2933
f 3056/3053/2991 3057/3054/2992 2997/2992/2934
f 3057/3054/2992 3058/3055/2993 2998/2993/2935
f 3058/3055/2993 3059/3056/2994 2999/2994/2936
f 3059/3056/2994 3060/3117/6 3000/3057/6
f 3061/3058/6 3062/3060/2820 3002/3059/2937
f 3062/3060/2820 3063/3120/2995 3003/2998/2938
f 3003/2998/2938 3063/3120/2995 3064/3061/2996
f 3004/2999/2939 3064/3061/2996 3065/3062/2997
f 3005/3000/2940 3065/3062/2997 3066/3063/2998
f 3006/3001/2941 3066/3063/2998 3067/3064/2999
f 3007/3002/2942 3067/3064/2999 3068/3065/3000
f 3008/3003/2943 3068/3065/3000 3069/3066/3001
f 3009/3004/2944 3069/3066/3001 3070/3067/3002
f 3010/3005/2945 3070/3067/3002 3071/3068/3003
f 3011/3006/2946 3071/3068/3003 3072/3069/3004
f 3012/3007/2947 3072/3069/3004 3073/3070/3005
f 3013/3008/2948 3073/3070/3005 3074/3071/3006
f 3014/3009/2949 3074/3071/3006 3075/3072/3007
f 3015/3010/2950 3075/3072/3007 3076/3073/3008
f 3016/3011/2951 3076/3073/3008 3077/3074/3009
f 3017/3012/2952 3077/3074/3009 3078/3075/3010
f 3078/3075/3010 3079/3076/3011 3019/3014/2954
f 3079/3076/3011 3080/3077/3012 3020/3015/2955
f 3080/3077/3012 3081/3078/3013 3021/3016/2956
f 3081/3078/3013 3082/3079/3014 3022/3017/2957
f 3082/3079/3014 3083/3080/3015 3023/3019/2958
f 3083/3080/3015 3084/3081/3016 3024/3020/2959
f 3084/3081/3016 3085/3082/3017 3025/3022/2960
f 3085/3082/3017 3086/3083/3018 3026/3023/2961
f 3086/3083/3018 3087/3144/3019 3027/3084/2962
f 3027/3084/2962 3087/3144/3019 3088/3085/3020
f 3028/3024/2963 3088/3085/3020 3089/3086/3021
f 3029/3025/2964 3089/3086/3021 3090/3087/3022
f 3030/3026/2965 3090/3087/3022 3091/3088/3023
f 3031/3027/2966 3091/3088/3023 3092/3089/3024
f 3032/3028/2967 3092/3089/3024 3093/3090/3025
f 3033/3029/2968 3093/3090/3025 3094/3091/3026
f 3034/3031/2969 3094/3091/3026 3095/3092/3027
f 3035/3032/2970 3095/3092/3027 3096/3093/3028
f 3036/3033/2971 3096/3093/3028 3097/3094/3029
f 3037/3034/2972 3097/3094/3029 3098/3095/3030
f 3038/3035/2973 3098/3095/3030 3099/3096/3031
f 3039/3036/2974 3099/3096/3031 3100/3097/3032
f 3100/3097/3032 3101/3098/3033 3041/3038/2976
f 3101/3098/3033 3102/3099/3034 3042/3039/2977
f 3102/3099/3034 3103/3100/3035 3043/3040/2978
f 3103/3100/3035 3104/3101/3036 3044/3041/2979
f 3104/3101/3036 3105/3102/3037 3045/3042/2980
f 3105/3102/3037 3106/3103/3038 3046/3043/2981
f 3106/3103/3038 3107/3104/3039 3047/3044/2982
f 3107/3104/3039 3108/3105/3040 3048/3045/2983
f 3108/3105/3040 3109/3106/3041 3049/3046/2984
f 3109/3106/3041 3110/3107/3042 3050/3047/2985
f 3110/3107/3042 3111/3108/3043 3051/3048/2986
f 3111/3108/3043 3112/3109/3044 3052/3049/2987
f 3112/3109/3044 3113/3110/3045 3053/3050/2988
f 3113/3110/3045 3114/3111/3046 3054/3051/2989
f 3114/3111/3046 3115/3112/3047 3055/3052/2990
f 3115/3112/3047 3116/3113/3048 3056/3053/2991
f 3116/3113/3048 3117/3114/3049 3057/3054/2992
f 3117/3114/3049 3118/3115/3050 3058/3055/2993
f 3118/3115/3050 3119/3116/6 3059/3056/2994
f 3119/3116/6 3120/3177/6 3060/3117/6
f 3121/3118/6 3122/3119/6 3062/3060/2820
f 3122/3119/6 3123/3180/2760 3063/3120/2995
f 3063/3120/2995 3123/3180/2760 3124/3121/3051
f 3064/3061/2996 3124/3121/3051 3125/3122/3052
f 3065/3062/2997 3125/3122/3052 3126/3123/3053
f 3066/3063/2998 3126/3123/3053 3127/3124/3054
f 3067/3064/2999 3127/3124/3054 3128/3125/3055
f 3068/3065/3000 3128/3125/3055 3129/3126/3056
f 3069/3066/3001 3129/3126/3056 3130/3127/3057
f 3070/3067/3002 3130/3127/3057 3131/3128/3058
f 3071/3068/3003 3131/3128/3058 3132/3129/3059
f 3072/3069/3004 3132/3129/3059 3133/3130/3060
f 3073/3070/3005 3133/3130/3060 3134/3131/3061
f 3074/3071/3006 3134/3131/3061 3135/3132/3062
f 3075/3072/3007 3135/3132/3062 3136/3133/3063
f 3076/3073/3008 3136/3133/3063 3137/3134/3064
f 3077/3074/3009 3137/3134/3064 3138/3135/3065
f 3138/3135/3065 3139/3136/3066 3079/3076/3011
f 3139/3136/3066 3140/3137/3067 3080/3077/3012
f 3140/3137/3067 3141/3138/3068 3081/3078/3013
f 3141/3138/3068 3142/3139/3069 3082/3079/3014
f 3142/3139/3069 3143/3140/3070 3083/3080/3015
f 3143/3140/3070 3144/3141/3071 3084/3081/3016
f 3144/3141/3071 3145/3142/3072 3085/3082/3017
f 3145/3142/3072 3146/3143/3073 3086/3083/3018
f 3146/3143/3073 3147/3145/3074 3087/3144/3019
f 3147/3145/3074 3148/3204/3075 3088/3085/3020
f 3088/3085/3020 3148/3204/3075 3149/3146/3076
f 3089/3086/3021 3149/3146/3076 3150/3147/3077
f 3090/3087/3022 3150/3147/3077 3151/3148/3078
f 3091/3088/3023 3151/3148/3078 3152/3149/3079
f 3092/3089/3024 3152/3149/3079 3153/3150/3080
f 3093/3090/3025 3153/3150/3080 3154/3151/3081
f 3094/3091/3026 3154/3151/3081 3155/3152/3082
f 3095/3092/3027 3155/3152/3082 3156/3153/3083
f 3096/3093/3028 3156/3153/3083 3157/3154/3084
f 3097/3094/3029 3157/3154/3084 3158/3155/3085
f 3098/3095/3030 3158/3155/3085 3159/3156/3086
f 3099/3096/3031 3159/3156/3086 3160/3157/3087
f 3160/3157/3087 3161/3158/3088 3101/3098/3033
f 3161/3158/3088 3162/3159/3089 3102/3099/3034
f 3162/3159/3089 3163/3160/3090 3103/3100/3035
f 3163/3160/3090 3164/3161/3091 3104/3101/3036
f 3164/3161/3091 3165/3162/3092 3105/3102/3037
f 3165/3162/3092 3166/3163/3093 3106/3103/3038
f 3166/3163/3093 3167/3164/3094 3107/3104/3039
f 3167/3164/3094 3168/3165/3095 3108/3105/3040
f 3168/3165/3095 3169/3166/3096 3109/3106/3041
f 3169/3166/3096 3170/3167/3097 3110/3107/3042
f 3170/3167/3097 3171/3168/3098 3111/3108/3043
f 3171/3168/3098 3172/3169/3099 3112/3109/3044
f 3172/3169/3099 3173/3170/3100 3113/3110/3045
f 3173/3170/3100 3174/3171/3101 3114/3111/3046
f 3174/3171/3101 3175/3172/3102 3115/3112/3047
f 3175/3172/3102 3176/3173/3103 3116/3113/3048
f 3176/3173/3103 3177/3174/3104 3117/3114/3049
f 3177/3174/3104 3178/3175/3105 3118/3115/3050
f 3178/3175/3105 3179/3176/6 3119/3116/6
f 3179/3176/6 3180/3235/6 3120/3177/6
f 3181/3178/3106 3182/3179/3107 3122/3119/6
f 3182/3179/3107 3183/3181/3108 3123/3180/2760
f 3183/3181/3108 3184/3239/3109 3124/3121/3051
f 3124/3121/3051 3184/3239/3109 3185/3182/3110
f 3125/3122/3052 3185/3182/3110 3186/3183/3111
f 3126/3123/3053 3186/3183/3111 3187/3184/3112
f 3127/3124/3054 3187/3184/3112 3188/3185/3113
f 3128/3125/3055 3188/3185/3113 3189/3186/3114
f 3129/3126/3056 3189/3186/3114 3190/3187/3115
f 3130/3127/3057 3190/3187/3115 3191/3188/3116
f 3131/3128/3058 3191/3188/3116 3192/3189/3117
f 3132/3129/3059 3192/3189/3117 3193/3190/3118
f 3133/3130/3060 3193/3190/3118 3194/3191/3119
f 3134/3131/3061 3194/3191/3119 3195/3192/3120
f 3135/3132/3062 3195/3192/3120 3196/3193/3121
f 3136/3133/3063 3196/3193/3121 3197/3194/3122
f 3197/3194/3122 3198/3195/3123 3138/3135/3065
f 3198/3195/3123 3199/3196/3124 3139/3136/3066
f 3199/3196/3124 3200/3197/3125 3140/3137/3067
f 3200/3197/3125 3201/3198/3126 3141/3138/3068
f 3201/3198/3126 3202/3199/3127 3142/3139/3069
f 3202/3199/3127 3203/3200/3128 3143/3140/3070
f 3203/3200/3128 3204/3201/3129 3144/3141/3071
f 3204/3201/3129 3205/3202/3130 3145/3142/3072
f 3205/3202/3130 3206/3261/3131 3146/3143/3073
f 3146/3143/3073 3206/3261/3131 3207/3203/3132
f 3207/3203/3132 3208/3264/3133 3148/3204/3075
f 3148/3204/3075 3208/3264/3133 3209/3205/3134
f 3149/3146/3076 3209/3205/3134 3210/3206/3135
f 3150/3147/3077 3210/3206/3135 3211/3207/3136
f 3151/3148/3078 3211/3207/3136 3212/3208/3137
f 3152/3149/3079 3212/3208/3137 3213/3209/3138
f 3153/3150/3080 3213/3209/3138 3214/3210/3139
f 3154/3151/3081 3214/3210/3139 3215/3211/3140
f 3155/3152/3082 3215/3211/3140 3216/3212/3141
f 3156/3153/3083 3216/3212/3141 3217/3213/3142
f 3157/3154/3084 3217/3213/3142 3218/3214/3143
f 3158/3155/3085 3218/3214/3143 3219/3215/3144
f 3219/3215/3144 3220/3216/3145 3160/3157/3087
f 3220/3216/3145 3221/3217/3146 3161/3158/3088
f 3221/3217/3146 3222/3218/3147 3162/3159/3089
f 3222/3218/3147 3223/3219/3148 3163/3160/3090
f 3223/3219/3148 3224/3280/3149 3164/3161/3091
f 3164/3161/3091 3224/3280/3149 3225/3220/3150
f 3225/3220/3150 3226/3221/3151 3166/3163/3093
f 3226/3221/3151 3227/3222/3152 3167/3164/3094
f 3227/3222/3152 3228/3223/3153 3168/3165/3095
f 3228/3223/3153 3229/3224/3154 3169/3166/3096
f 3229/3224/3154 3230/3225/3155 3170/3167/3097
f 3230/3225/3155 3231/3226/3156 3171/3168/3098
f 3231/3226/3156 3232/3227/3157 3172/3169/3099
f 3232/3227/3157 3233/3228/3158 3173/3170/3100
f 3233/3228/3158 3234/3229/3159 3174/3171/3101
f 3234/3229/3159 3235/3230/3160 3175/3172/3102
f 3235/3230/3160 3236/3231/3161 3176/3173/3103
f 3236/3231/3161 3237/3232/3162 3177/3174/3104
f 3237/3232/3162 3238/3233/6 3178/3175/3105
f 3238/3233/6 3239/3234/6 3179/3176/6
f 3239/3234/6 3240/3296/6 3180/3235/6
f 3241/3236/3163 3242/3237/3164 3182/3179/3107
f 3242/3237/3164 3243/3238/3165 3183/3181/3108
f 3243/3238/3165 3244/3240/3166 3184/3239/3109
f 3244/3240/3166 3245/3301/3167 3185/3182/3110
f 3185/3182/3110 3245/3301/3167 3246/3241/3168
f 3186/3183/3111 3246/3241/3168 3247/3242/3169
f 3187/3184/3112 3247/3242/3169 3248/3243/3170
f 3188/3185/3113 3248/3243/3170 3249/3244/3171
f 3189/3186/3114 3249/3244/3171 3250/3245/3172
f 3190/3187/3115 3250/3245/3172 3251/3246/3173
f 3191/3188/3116 3251/3246/3173 3252/3247/3174
f 3192/3189/3117 3252/3247/3174 3253/3248/3175
f 3193/3190/3118 3253/3248/3175 3254/3249/3176
f 3194/3191/3119 3254/3249/3176 3255/3250/3177
f 3195/3192/3120 3255/3250/3177 3256/3251/3178
f 3256/3251/3178 3257/3252/3179 3197/3194/3122
f 3257/3252/3179 3258/3253/3180 3198/3195/3123
f 3258/3253/3180 3259/3254/3181 3199/3196/3124
f 3259/3254/3181 3260/3255/3182 3200/3197/3125
f 3260/3255/3182 3261/3256/3183 3201/3198/3126
f 3261/3256/3183 3262/3257/3184 3202/3199/3127
f 3262/3257/3184 3263/3258/3185 3203/3200/3128
f 3263/3258/3185 3264/3259/3186 3204/3201/3129
f 3264/3259/3186 3265/3260/3187 3205/3202/3130
f 3265/3260/3187 3266/3262/3188 3206/3261/3131
f 3266/3262/3188 3267/3323/3189 3207/3203/3132
f 3207/3203/3132 3267/3323/3189 3268/3263/3190
f 3208/3264/3133 3268/3263/3190 3269/3265/3191
f 3209/3205/3134 3269/3265/3191 3270/3266/3192
f 3210/3206/3135 3270/3266/3192 3271/3267/3193
f 3211/3207/3136 3271/3267/3193 3272/3268/3194
f 3212/3208/3137 3272/3268/3194 3273/3269/3195
f 3213/3209/3138 3273/3269/3195 3274/3270/3196
f 3214/3210/3139 3274/3270/3196 3275/3271/3197
f 3215/3211/3140 3275/3271/3197 3276/3272/3198
f 3216/3212/3141 3276/3272/3198 3277/3273/3199
f 3217/3213/3142 3277/3273/3199 3278/3274/3200
f 3218/3214/3143 3278/3274/3200 3279/3275/3201
f 3279/3275/3201 3280/3276/3202 3220/3216/3145
f 3280/3276/3202 3281/3277/3203 3221/3217/3146
f 3281/3277/3203 3282/3278/3204 3222/3218/3147
f 3282/3278/3204 3283/3279/3205 3223/3219/3148
f 3283/3279/3205 3284/3340/3206 3224/3280/3149
f 3224/3280/3149 3284/3340/3206 3285/3281/3207
f 3285/3281/3207 3286/3282/3208 3226/3221/3151
f 3286/3282/3208 3287/3283/3209 3227/3222/3152
f 3287/3283/3209 3288/3284/3210 3228/3223/3153
f 3288/3284/3210 3289/3285/3211 3229/3224/3154
f 3289/3285/3211 3290/3286/3212 3230/3225/3155
f 3290/3286/3212 3291/3287/3213 3231/3226/3156
f 3291/3287/3213 3292/3288/3214 3232/3227/3157
f 3292/3288/3214 3293/3289/3215 3233/3228/3158
f 3293/3289/3215 3294/3290/3216 3234/3229/3159
f 3294/3290/3216 3295/3291/3217 3235/3230/3160
f 3295/3291/3217 3296/3292/3218 3236/3231/3161
f 3296/3292/3218 3297/3293/6 3237/3232/3162
f 3297/3293/6 3298/3294/6 3238/3233/6
f 3298/3294/6 3299/3295/6 3239/3234/6
f 3299/3295/6 3300/3356/6 3240/3296/6
f 3301/3297/3219 3302/3298/3220 3242/3237/3164
f 3302/3298/3220 3303/3299/3221 3243/3238/3165
f 3303/3299/3221 3304/3300/3222 3244/3240/3166
f 3304/3300/3222 3305/3361/3223 3245/3301/3167
f 3245/3301/3167 3305/3361/3223 3306/3302/3224
f 3246/3241/3168 3306/3302/3224 3307/3303/3225
f 3247/3242/3169 3307/3303/3225 3308/3304/3226
f 3248/3243/3170 3308/3304/3226 3309/3305/3227
f 3249/3244/3171 3309/3305/3227 3310/3306/3228
f 3250/3245/3172 3310/3306/3228 3311/3307/3229
f 3251/3246/3173 3311/3307/3229 3312/3308/3230
f 3252/3247/3174 3312/3308/3230 3313/3309/3231
f 3253/3248/3175 3313/3309/3231 3314/3310/3232
f 3254/3249/3176 3314/3310/3232 3315/3311/3233
f 3255/3250/3177 3315/3311/3233 3316/3312/3234
f 3316/3312/3234 3317/3313/3235 3257/3252/3179
f 3317/3313/3235 3318/3314/3236 3258/3253/3180
f 3318/3314/3236 3319/3315/3237 3259/3254/3181
f 3319/3315/3237 3320/3316/3238 3260/3255/3182
f 3320/3316/3238 3321/3317/3239 3261/3256/3183
f 3321/3317/3239 3322/3318/3240 3262/3257/3184
f 3322/3318/3240 3323/3319/3241 3263/3258/3185
f 3323/3319/3241 3324/3320/3242 3264/3259/3186
f 3324/3320/3242 3325/3321/3243 3265/3260/3187
f 3325/3321/3243 3326/3322/3244 3266/3262/3188
f 3326/3322/3244 3327/3383/3245 3267/3323/3189
f 3267/3323/3189 3327/3383/3245 3328/3324/3246
f 3268/3263/3190 3328/3324/3246 3329/3325/3247
f 3269/3265/3191 3329/3325/3247 3330/3326/3248
f 3270/3266/3192 3330/3326/3248 3331/3327/3249
f 3271/3267/3193 3331/3327/3249 3332/3328/3250
f 3272/3268/3194 3332/3328/3250 3333/3329/3251
f 3273/3269/3195 3333/3329/3251 3334/3330/3252
f 3274/3270/3196 3334/3330/3252 3335/3331/3253
f 3275/3271/3197 3335/3331/3253 3336/3332/3254
f 3276/3272/3198 3336/3332/3254 3337/3333/3255
f 3277/3273/3199 3337/3333/3255 3338/3334/3256
f 3278/3274/3200 3338/3334/3256 3339/3335/3257
f 3339/3335/3257 3340/3336/3258 3280/3276/3202
f 3340/3336/3258 3341/3337/3259 3281/3277/3203
f 3341/3337/3259 3342/3338/3260 3282/3278/3204
f 3342/3338/3260 3343/3339/3261 3283/3279/3205
f 3343/3339/3261 3344/3400/3262 3284/3340/3206
f 3284/3340/3206 3344/3400/3262 3345/3341/3263
f 3345/3341/3263 3346/3342/3264 3286/3282/3208
f 3346/3342/3264 3347/3343/3265 3287/3283/3209
f 3347/3343/3265 3348/3344/3266 3288/3284/3210
f 3348/3344/3266 3349/3345/3267 3289/3285/3211
f 3349/3345/3267 3350/3346/3268 3290/3286/3212
f 3350/3346/3268 3351/3347/3269 3291/3287/3213
f 3351/3347/3269 3352/3348/3270 3292/3288/3214
f 3352/3348/3270 3353/3349/3271 3293/3289/3215
f 3353/3349/3271 3354/3350/3272 3294/3290/3216
f 3354/3350/3272 3355/3351/3273 3295/3291/3217
f 3355/3351/3273 3356/3352/6 3296/3292/3218
f 3356/3352/6 3357/3353/6 3297/3293/6
f 3357/3353/6 3358/3354/6 3298/3294/6
f 3358/3354/6 3359/3355/6 3299/3295/6
f 3359/3355/6 3360/3417/6 3300/3356/6
f 3361/3357/3274 3362/3358/3275 3302/3298/3220
f 3362/3358/3275 3363/3359/3276 3303/3299/3221
f 3363/3359/3276 3364/3421/3277 3304/3300/3222
f 3304/3300/3222 3364/3421/3277 3365/3360/3278
f 3305/3361/3223 3365/3360/3278 3366/3362/3279
f 3306/3302/3224 3366/3362/3279 3367/3363/3280
f 3307/3303/3225 3367/3363/3280 3368/3364/3281
f 3308/3304/3226 3368/3364/3281 3369/3365/3282
f 3309/3305/3227 3369/3365/3282 3370/3366/3283
f 3310/3306/3228 3370/3366/3283 3371/3367/3284
f 3311/3307/3229 3371/3367/3284 3372/3368/3285
f 3312/3308/3230 3372/3368/3285 3373/3369/3286
f 3313/3309/3231 3373/3369/3286 3374/3370/3287
f 3314/3310/3232 3374/3370/3287 3375/3371/3288
f 3375/3371/3288 3376/3372/3289 3316/3312/3234
f 3376/3372/3289 3377/3373/3290 3317/3313/3235
f 3377/3373/3290 3378/3374/3291 3318/3314/3236
f 3378/3374/3291 3379/3375/3292 3319/3315/3237
f 3379/3375/3292 3380/3376/3293 3320/3316/3238
f 3380/3376/3293 3381/3377/3294 3321/3317/3239
f 3381/3377/3294 3382/3378/3295 3322/3318/3240
f 3382/3378/3295 3383/3379/3296 3323/3319/3241
f 3383/3379/3296 3384/3380/3297 3324/3320/3242
f 3384/3380/3297 3385/3381/3298 3325/3321/3243
f 3385/3381/3298 3386/3442/3299 3326/3322/3244
f 3326/3322/3244 3386/3442/3299 3387/3382/3300
f 3327/3383/3245 3387/3382/3300 3388/3384/3301
f 3328/3324/3246 3388/3384/3301 3389/3385/3302
f 3329/3325/3247 3389/3385/3302 3390/3386/3303
f 3330/3326/3248 3390/3386/3303 3391/3387/3304
f 3331/3327/3249 3391/3387/3304 3392/3388/3305
f 3332/3328/3250 3392/3388/3305 3393/3389/3306
f 3333/3329/3251 3393/3389/3306 3394/3390/3307
f 3334/3330/3252 3394/3390/3307 3395/3391/3308
f 3335/3331/3253 3395/3391/3308 3396/3392/3309
f 3336/3332/3254 3396/3392/3309 3397/3393/3310
f 3337/3333/3255 3397/3393/3310 3398/3394/3311
f 3338/3334/3256 3398/3394/3311 3399/3395/3312
f 3399/3395/3312 3400/3396/3313 3340/3336/3258
f 3400/3396/3313 3401/3397/3314 3341/3337/3259
f 3401/3397/3314 3402/3398/3315 3342/3338/3260
f 3402/3398/3315 3403/3399/3316 3343/3339/3261
f 3403/3399/3316 3404/3401/3317 3344/3400/3262
f 3404/3401/3317 3405/3402/3318 3345/3341/3263
f 3405/3402/3318 3406/3403/3319 3346/3342/3264
f 3406/3403/3319 3407/3404/3320 3347/3343/3265
f 3407/3404/3320 3408/3405/3321 3348/3344/3266
f 3408/3405/3321 3409/3406/3322 3349/3345/3267
f 3409/3406/3322 3410/3407/3323 3350/3346/3268
f 3410/3407/3323 3411/3408/3324 3351/3347/3269
f 3411/3408/3324 3412/3409/3325 3352/3348/3270
f 3412/3409/3325 3413/3410/3326 3353/3349/3271
f 3413/3410/3326 3414/3411/3327 3354/3350/3272
f 3414/3411/3327 3415/3412/6 3355/3351/3273
f 3415/3412/6 3416/3413/6 3356/3352/6
f 3416/3413/6 3417/3414/6 3357/3353/6
f 3417/3414/6 3418/3415/6 3358/3354/6
f 3418/3415/6 3419/3416/6 3359/3355/6
f 3419/3416/6 3420/3475/6 3360/3417/6
f 3421/3418/3328 3422/3419/3329 3362/3358/3275
f 3422/3419/3329 3423/3478/3330 3363/3359/3276
f 3363/3359/3276 3423/3478/3330 3424/3420/3331
f 3364/3421/3277 3424/3420/3331 3425/3422/3332
f 3365/3360/3278 3425/3422/3332 3426/3423/3333
f 3366/3362/3279 3426/3423/3333 3427/3424/3334
f 3367/3363/3280 3427/3424/3334 3428/3425/3335
f 3368/3364/3281 3428/3425/3335 3429/3426/3336
f 3369/3365/3282 3429/3426/3336 3430/3427/3337
f 3370/3366/3283 3430/3427/3337 3431/3428/3338
f 3371/3367/3284 3431/3428/3338 3432/3429/3339
f 3372/3368/3285 3432/3429/3339 3433/3430/3340
f 3373/3369/3286 3433/3430/3340 3434/3431/3341
f 3374/3370/3287 3434/3431/3341 3435/3432/3342
f 3435/3432/3342 3436/3433/3343 3376/3372/3289
f 3436/3433/3343 3437/3434/3344 3377/3373/3290
f 3437/3434/3344 3438/3435/3345 3378/3374/3291
f 3438/3435/3345 3439/3436/3346 3379/3375/3292
f 3439/3436/3346 3440/3437/3347 3380/3376/3293
f 3440/3437/3347 3441/3496/3348 3381/3377/3294
f 3381/3377/3294 3441/3496/3348 3442/3438/3349
f 3442/3438/3349 3443/3439/3350 3383/3379/3296
f 3443/3439/3350 3444/3499/3351 3384/3380/3297
f 3384/3380/3297 3444/3499/3351 3445/3440/3352
f 3385/3381/3298 3445/3440/3352 3446/3441/3353
f 3386/3442/3299 3446/3441/3353 3447/3443/3354
f 3387/3382/3300 3447/3443/3354 3448/3444/3355
f 3388/3384/3301 3448/3444/3355 3449/3445/3356
f 3389/3385/3302 3449/3445/3356 3450/3446/3357
f 3390/3386/3303 3450/3446/3357 3451/3447/3358
f 3391/3387/3304 3451/3447/3358 3452/3448/3359
f 3392/3388/3305 3452/3448/3359 3453/3449/3360
f 3393/3389/3306 3453/3449/3360 3454/3450/3361
f 3454/3450/3361 3455/3451/3362 3395/3391/3308
f 3455/3451/3362 3456/3511/3363 3396/3392/3309
f 3396/3392/3309 3456/3511/3363 3457/3452/3364
f 3397/3393/3310 3457/3452/3364 3458/3453/3365
f 3398/3394/3311 3458/3453/3365 3459/3454/3366
f 3459/3454/3366 3460/3455/3367 3400/3396/3313
f 3460/3455/3367 3461/3456/3368 3401/3397/3314
f 3461/3456/3368 3462/3457/3369 3402/3398/3315
f 3462/3457/3369 3463/3458/3370 3403/3399/3316
f 3463/3458/3370 3464/3459/3371 3404/3401/3317
f 3464/3459/3371 3465/3460/3372 3405/3402/3318
f 3465/3460/3372 3466/3461/3373 3406/3403/3319
f 3466/3461/3373 3467/3462/3374 3407/3404/3320
f 3467/3462/3374 3468/3463/3375 3408/3405/3321
f 3468/3463/3375 3469/3464/3376 3409/3406/3322
f 3469/3464/3376 3470/3465/3377 3410/3407/3323
f 3470/3465/3377 3471/3466/3378 3411/3408/3324
f 3471/3466/3378 3472/3467/3379 3412/3409/3325
f 3472/3467/3379 3473/3468/3380 3413/3410/3326
f 3473/3468/3380 3474/3469/6 3414/3411/3327
f 3474/3469/6 3475/3470/6 3415/3412/6
f 3475/3470/6 3476/3471/6 3416/3413/6
f 3476/3471/6 3477/3472/6 3417/3414/6
f 3477/3472/6 3478/3473/6 3418/3415/6
f 3478/3473/6 3479/3474/6 3419/3416/6
f 3479/3474/6 3480/3534/6 3420/3475/6
f 3421/3418/3328 3481/3535/3381 3482/3476/3382
f 3422/3419/3329 3482/3476/3382 3483/3477/3383
f 3423/3478/3330 3483/3477/3383 3484/3479/3384
f 3424/3420/3331 3484/3479/3384 3485/3480/3385
f 3425/3422/3332 3485/3480/3385 3486/3481/3386
f 3426/3423/3333 3486/3481/3386 3487/3482/3387
f 3427/3424/3334 3487/3482/3387 3488/3483/3388
f 3428/3425/3335 3488/3483/3388 3489/3484/3389
f 3429/3426/3336 3489/3484/3389 3490/3485/3390
f 3430/3427/3337 3490/3485/3390 3491/3486/3391
f 3431/3428/3338 3491/3486/3391 3492/3487/3392
f 3432/3429/3339 3492/3487/3392 3493/3488/3393
f 3433/3430/3340 3493/3488/3393 3494/3489/3394
f 3494/3489/3394 3495/3490/3395 3435/3432/3342
f 3495/3490/3395 3496/3491/3396 3436/3433/3343
f 3496/3491/3396 3497/3492/3397 3437/3434/3344
f 3497/3492/3397 3498/3493/3398 3438/3435/3345
f 3498/3493/3398 3499/3494/3399 3439/3436/3346
f 3499/3494/3399 3500/3554/3400 3440/3437/3347
f 3440/3437/3347 3500/3554/3400 3501/3495/3401
f 3441/3496/3348 3501/3495/3401 3502/3497/3402
f 3442/3438/3349 3502/3497/3402 3503/3498/3403
f 3503/3498/3403 3504/3500/3404 3444/3499/3351
f 3504/3500/3404 3505/3560/3405 3445/3440/3352
f 3445/3440/3352 3505/3560/3405 3506/3501/3406
f 3446/3441/3353 3506/3501/3406 3507/3502/3407
f 3447/3443/3354 3507/3502/3407 3508/3503/3408
f 3448/3444/3355 3508/3503/3408 3509/3504/3409
f 3449/3445/3356 3509/3504/3409 3510/3505/3410
f 3450/3446/3357 3510/3505/3410 3511/3506/3411
f 3451/3447/3358 3511/3506/3411 3512/3507/3412
f 3452/3448/3359 3512/3507/3412 3513/3508/3413
f 3513/3508/3413 3514/3509/3414 3454/3450/3361
f 3514/3509/3414 3515/3510/3415 3455/3451/3362
f 3515/3510/3415 3516/3571/3416 3456/3511/3363
f 3456/3511/3363 3516/3571/3416 3517/3512/3417
f 3457/3452/3364 3517/3512/3417 3518/3513/3418
f 3458/3453/3365 3518/3513/3418 3519/3514/3419
f 3519/3514/3419 3520/3515/3420 3460/3455/3367
f 3520/3515/3420 3521/3516/3421 3461/3456/3368
f 3521/3516/3421 3522/3517/3422 3462/3457/3369
f 3522/3517/3422 3523/3518/3423 3463/3458/3370
f 3523/3518/3423 3524/3519/3424 3464/3459/3371
f 3524/3519/3424 3525/3520/3425 3465/3460/3372
f 3525/3520/3425 3526/3521/3426 3466/3461/3373
f 3526/3521/3426 3527/3522/3427 3467/3462/3374
f 3527/3522/3427 3528/3523/3428 3468/3463/3375
f 3528/3523/3428 3529/3524/3429 3469/3464/3376
f 3529/3524/3429 3530/3525/3430 3470/3465/3377
f 3530/3525/3430 3531/3587/3431 3471/3466/3378
f 3471/3466/3378 3531/3587/3431 3532/3526/3432
f 3532/3526/3432 3533/3527/6 3473/3468/3380
f 3533/3527/6 3534/3528/6 3474/3469/6
f 3534/3528/6 3535/3529/6 3475/3470/6
f 3535/3529/6 3536/3530/6 3476/3471/6
f 3536/3530/6 3537/3531/6 3477/3472/6
f 3537/3531/6 3538/3532/6 3478/3473/6
f 3538/3532/6 3539/3533/6 3479/3474/6
f 3539/3533/6 3540/3597/6 3480/3534/6
f 3481/3535/3381 3541/3598/3433 3542/3536/3434
f 3482/3476/3382 3542/3536/3434 3543/3537/3435
f 3483/3477/3383 3543/3537/3435 3544/3538/3436
f 3484/3479/3384 3544/3538/3436 3545/3539/3437
f 3485/3480/3385 3545/3539/3437 3546/3540/3438
f 3486/3481/3386 3546/3540/3438 3547/3541/3439
f 3487/3482/3387 3547/3541/3439 3548/3542/3440
f 3488/3483/3388 3548/3542/3440 3549/3543/3441
f 3489/3484/3389 3549/3543/3441 3550/3544/3442
f 3490/3485/3390 3550/3544/3442 3551/3545/3443
f 3491/3486/3391 3551/3545/3443 3552/3546/3444
f 3492/3487/3392 3552/3546/3444 3553/3547/3445
f 3553/3547/3445 3554/3548/3446 3494/3489/3394
f 3554/3548/3446 3555/3549/3447 3495/3490/3395
f 3555/3549/3447 3556/3550/3448 3496/3491/3396
f 3556/3550/3448 3557/3551/3449 3497/3492/3397
f 3557/3551/3449 3558/3552/3450 3498/3493/3398
f 3558/3552/3450 3559/3553/3451 3499/3494/3399
f 3559/3553/3451 3560/3599/3452 3500/3554/3400
f 3500/3554/3400 3560/3599/3452 3561/3555/3453
f 3501/3495/3401 3561/3555/3453 3562/3556/3454
f 3502/3497/3402 3562/3556/3454 3563/3557/3455
f 3503/3498/3403 3563/3557/3455 3564/3558/3456
f 3504/3500/3404 3564/3558/3456 3565/3559/3457
f 3505/3560/3405 3565/3559/3457 3566/3561/3458
f 3506/3501/3406 3566/3561/3458 3567/3562/3459
f 3507/3502/3407 3567/3562/3459 3568/3563/3460
f 3508/3503/3408 3568/3563/3460 3569/3564/3461
f 3509/3504/3409 3569/3564/3461 3570/3565/3462
f 3510/3505/3410 3570/3565/3462 3571/3566/3463
f 3511/3506/3411 3571/3566/3463 3572/3567/3464
f 3512/3507/3412 3572/3567/3464 3573/3568/3465
f 3573/3568/3465 3574/3569/3466 3514/3509/3414
f 3574/3569/3466 3575/3570/3467 3515/3510/3415
f 3575/3570/3467 3576/3572/3468 3516/3571/3416
f 3576/3572/3468 3577/3573/3469 3517/3512/3417
f 3577/3573/3469 3578/3574/3470 3518/3513/3418
f 3578/3574/3470 3579/3575/3471 3519/3514/3419
f 3579/3575/3471 3580/3576/3472 3520/3515/3420
f 3580/3576/3472 3581/3577/3473 3521/3516/3421
f 3581/3577/3473 3582/3578/3474 3522/3517/3422
f 3582/3578/3474 3583/3579/3475 3523/3518/3423
f 3583/3579/3475 3584/3580/3476 3524/3519/3424
f 3584/3580/3476 3585/3581/3477 3525/3520/3425
f 3585/3581/3477 3586/3582/3478 3526/3521/3426
f 3586/3582/3478 3587/3583/3479 3527/3522/3427
f 3587/3583/3479 3588/3584/3480 3528/3523/3428
f 3588/3584/3480 3589/3585/6 3529/3524/3429
f 3589/3585/6 3590/3586/6 3530/3525/3430
f 3590/3586/6 3591/3588/6 3531/3587/3431
f 3591/3588/6 3592/3589/6 3532/3526/3432
f 3592/3589/6 3593/3590/6 3533/3527/6
f 3593/3590/6 3594/3591/6 3534/3528/6
f 3594/3591/6 3595/3592/6 3535/3529/6
f 3595/3592/6 3596/3593/6 3536/3530/6
f 3596/3593/6 3597/3594/6 3537/3531/6
f 3597/3594/6 3598/3595/6 3538/3532/6
f 3598/3595/6 3599/3596/6 3539/3533/6
f 3599/3596/6 3600/3600/6 3540/3597/6
